open,close,high,low,vol,amount,year,month,day,hour,minute,datetime,volume,daily_return,cumulative_return,portfolio_value,peak,drawdown
250.0,212.4,295.0,205.6,242376.0,5645861888.0,2020,7,20,15,0,2020-07-20 15:00,242376.0,0.0,0.0,100000.0,100000.0,0.0
208.0,274.0,285.6,202.0,175848.0,4292970752.0,2020,7,21,15,0,2020-07-21 15:00,175848.0,0.29001883239171367,0.29001883239171367,129001.88323917137,129001.88323917137,0.0
260.0,281.0,284.33,257.77,127018.0,3450335232.0,2020,7,22,15,0,2020-07-22 15:00,127018.0,0.025547445255474477,0.32297551789077206,132297.5517890772,132297.5517890772,0.0
274.92,281.5,297.77,268.0,99202.0,2791441920.0,2020,7,23,15,0,2020-07-23 15:00,99202.0,0.001779359430605032,0.3253295668549905,132532.95668549906,132532.95668549906,0.0
273.0,259.33,276.0,240.44,113852.0,2940728576.0,2020,7,24,15,0,2020-07-24 15:00,113852.0,-0.07875666074600363,0.22095103578154407,122095.1035781544,132532.95668549906,-0.07875666074600368
252.28,234.01,257.9,227.94,83388.0,2022044416.0,2020,7,27,15,0,2020-07-27 15:00,83388.0,-0.09763621640380982,0.10174199623352154,110174.19962335215,132532.95668549906,-0.16870337477797523
236.0,238.64,243.8,227.5,59775.0,1410915456.0,2020,7,28,15,0,2020-07-28 15:00,59775.0,0.01978547925302343,0.12354048964218456,112354.04896421845,132532.95668549906,-0.1522557726465364
234.53,241.5,245.78,229.66,54732.0,1312286208.0,2020,7,29,15,0,2020-07-29 15:00,54732.0,0.011984579282601437,0.13700564971751406,113700.5649717514,132532.95668549906,-0.1420959147424512
240.0,243.17,254.99,236.36,61808.0,1516837888.0,2020,7,30,15,0,2020-07-30 15:00,61808.0,0.006915113871635459,0.1448681732580035,114486.81732580035,132532.95668549906,-0.13616341030195397
238.01,249.6,255.55,237.1,56294.0,1392176384.0,2020,7,31,15,0,2020-07-31 15:00,56294.0,0.026442406546860253,0.17514124293785294,117514.1242937853,132532.95668549906,-0.1133214920071049
250.01,249.5,257.88,247.01,69721.0,1760964736.0,2020,8,3,15,0,2020-08-03 15:00,69721.0,-0.0004006410256409687,0.1746704331450093,117467.04331450093,132532.95668549906,-0.11367673179396098
250.97,235.0,252.88,232.99,59089.0,1424160512.0,2020,8,4,15,0,2020-08-04 15:00,59089.0,-0.05811623246492981,0.10640301318267409,110640.3013182674,132532.95668549906,-0.16518650088809958
246.0,236.92,246.0,236.79,40822.0,985070016.0,2020,8,5,15,0,2020-08-05 15:00,40822.0,0.008170212765957308,0.11544256120527274,111544.25612052728,132532.95668549906,-0.158365896980462
233.96,243.83,247.45,231.8,50131.0,1211258368.0,2020,8,6,15,0,2020-08-06 15:00,50131.0,0.029165963194327293,0.1479755178907718,114797.55178907717,132532.95668549906,-0.13381882770870365
240.98,227.44,240.98,223.37,48537.0,1119390464.0,2020,8,7,15,0,2020-08-07 15:00,48537.0,-0.06721896403231764,0.07080979284369082,107080.97928436908,132532.95668549906,-0.19204262877442296
219.99,222.5,225.89,218.0,25177.0,556920384.0,2020,8,10,15,0,2020-08-10 15:00,25177.0,-0.021720014069644744,0.04755178907721258,104755.17890772126,132532.95668549906,-0.2095914742451156
220.88,221.49,226.3,219.1,22435.0,499535712.0,2020,8,11,15,0,2020-08-11 15:00,22435.0,-0.004539325842696562,0.042796610169491434,104279.66101694915,132532.95668549906,-0.21317939609236236
220.33,217.76,222.0,213.5,20281.0,437985760.0,2020,8,12,15,0,2020-08-12 15:00,20281.0,-0.016840489412614623,0.02523540489642162,102523.54048964217,132532.95668549906,-0.22642984014209602
219.0,212.5,219.6,212.0,17440.0,375895488.0,2020,8,13,15,0,2020-08-13 15:00,17440.0,-0.024155033063923526,0.00047080979284364055,100047.08097928436,132532.95668549906,-0.24511545293072826
212.33,212.68,213.9,207.5,16535.0,348869120.0,2020,8,14,15,0,2020-08-14 15:00,16535.0,0.000847058823529423,0.0013182674199623268,100131.82674199624,132532.95668549906,-0.24447602131438717
213.0,219.08,219.8,209.68,20562.0,443435968.0,2020,8,17,15,0,2020-08-17 15:00,20562.0,0.030092157231521588,0.03145009416195865,103145.00941619587,132532.95668549906,-0.2217406749555949
219.18,213.81,219.18,212.3,18394.0,394749728.0,2020,8,18,15,0,2020-08-18 15:00,18394.0,-0.02405513967500461,0.006638418079096153,100663.84180790962,132532.95668549906,-0.24046181172291287
213.88,205.2,214.5,204.87,19689.0,411339040.0,2020,8,19,15,0,2020-08-19 15:00,19689.0,-0.040269398063701445,-0.03389830508474567,96610.16949152543,132532.95668549906,-0.2710479573712255
204.0,201.51,207.27,200.11,16340.0,331414016.0,2020,8,20,15,0,2020-08-20 15:00,16340.0,-0.017982456140350878,-0.05127118644067785,94872.88135593222,132532.95668549906,-0.28415630550621657
202.5,204.95,205.62,201.11,10811.0,219802672.0,2020,8,21,15,0,2020-08-21 15:00,10811.0,0.017071113096124302,-0.035075329566854885,96492.46704331451,132532.95668549906,-0.27193605683836586
206.3,197.9,207.84,196.5,20422.0,407457568.0,2020,8,24,15,0,2020-08-24 15:00,20422.0,-0.034398633813125024,-0.06826741996233499,93173.2580037665,132532.95668549906,-0.2969804618117227
198.38,189.98,199.88,189.66,26476.0,513330944.0,2020,8,25,15,0,2020-08-25 15:00,26476.0,-0.040020212228398244,-0.1055555555555554,89444.44444444445,132532.95668549906,-0.3251154529307282
189.66,176.4,190.92,173.51,39256.0,711521280.0,2020,8,26,15,0,2020-08-26 15:00,39256.0,-0.07148120854826812,-0.16949152542372858,83050.84745762714,132532.95668549906,-0.37335701598579024
177.2,182.56,188.87,170.51,32637.0,586419648.0,2020,8,27,15,0,2020-08-27 15:00,32637.0,0.0349206349206348,-0.14048964218455728,85951.03578154427,132532.95668549906,-0.35147424511545283
177.73,174.28,177.88,168.02,35135.0,604292864.0,2020,8,28,15,0,2020-08-28 15:00,35135.0,-0.045354951796669596,-0.17947269303201496,82052.7306967985,132532.95668549906,-0.3808880994671402
173.0,170.0,177.2,170.0,22032.0,382994304.0,2020,8,31,15,0,2020-08-31 15:00,22032.0,-0.024558182235483117,-0.1996233521657249,80037.6647834275,132532.95668549906,-0.3960923623445825
170.21,171.18,173.8,169.03,15941.0,273420608.0,2020,9,1,15,0,2020-09-01 15:00,15941.0,0.006941176470588228,-0.19406779661016937,80593.22033898307,132532.95668549906,-0.39190053285968013
170.99,167.76,172.35,167.12,14696.0,248042528.0,2020,9,2,15,0,2020-09-02 15:00,14696.0,-0.019978969505783484,-0.21016949152542375,78983.05084745762,132532.95668549906,-0.4040497335701599
167.9,170.09,172.56,164.28,25847.0,437472224.0,2020,9,3,15,0,2020-09-03 15:00,25847.0,0.013888888888889062,-0.19919962335216557,80080.03766478345,132532.95668549906,-0.3957726465364119
166.78,174.53,182.3,166.78,34315.0,606661824.0,2020,9,4,15,0,2020-09-04 15:00,34315.0,0.026103827385501877,-0.17829566854990564,82170.43314500943,132532.95668549906,-0.37999999999999984
170.4,163.52,172.8,163.52,28282.0,473534240.0,2020,9,7,15,0,2020-09-07 15:00,28282.0,-0.06308371053687045,-0.23013182674199606,76986.8173258004,132532.95668549906,-0.4191119005328595
163.51,160.86,163.51,160.01,14651.0,236398576.0,2020,9,8,15,0,2020-09-08 15:00,14651.0,-0.016267123287671215,-0.24265536723163827,75734.46327683618,132532.95668549906,-0.42856127886323253
159.0,160.68,165.9,155.0,22428.0,359860672.0,2020,9,9,15,0,2020-09-09 15:00,22428.0,-0.0011189854531891141,-0.24350282485875696,75649.7175141243,132532.95668549906,-0.4292007104795736
162.0,157.58,165.77,157.33,14548.0,235198496.0,2020,9,10,15,0,2020-09-10 15:00,14548.0,-0.019293004729897922,-0.2580979284369114,74190.20715630887,132532.95668549906,-0.4402131438721135
158.07,161.96,162.89,155.55,13741.0,219382544.0,2020,9,11,15,0,2020-09-11 15:00,13741.0,0.027795405508313165,-0.23747645951035778,76252.35404896422,132532.95668549906,-0.4246536412078153
164.0,164.72,167.5,163.0,15502.0,256600960.0,2020,9,14,15,0,2020-09-14 15:00,15502.0,0.017041244751790474,-0.22448210922787193,77551.7890772128,132532.95668549906,-0.4148490230905862
163.5,169.34,170.87,161.26,21914.0,366601504.0,2020,9,15,15,0,2020-09-15 15:00,21914.0,0.028047595920349666,-0.20273069679849343,79726.93032015066,132532.95668549906,-0.39843694493783305
167.0,166.77,170.55,165.39,14205.0,237916832.0,2020,9,16,15,0,2020-09-16 15:00,14205.0,-0.015176567851659328,-0.2148305084745763,78516.94915254237,132532.95668549906,-0.4075666074600356
166.76,174.22,178.0,163.78,30093.0,518489568.0,2020,9,17,15,0,2020-09-17 15:00,30093.0,0.0446723031720333,-0.1797551789077213,82024.48210922787,132532.95668549906,-0.381101243339254
173.0,174.26,176.5,172.01,16299.0,283449984.0,2020,9,18,15,0,2020-09-18 15:00,16299.0,0.000229594765239316,-0.1795668549905839,82043.3145009416,132532.95668549906,-0.38095914742451165
173.99,170.77,176.88,169.5,14331.0,246903264.0,2020,9,21,15,0,2020-09-21 15:00,14331.0,-0.020027545047629824,-0.19599811676082857,80400.18832391714,132532.95668549906,-0.39335701598579037
169.98,167.65,170.71,166.68,10238.0,172589088.0,2020,9,22,15,0,2020-09-22 15:00,10238.0,-0.018270187972126317,-0.2106873822975518,78931.26177024482,132532.95668549906,-0.4044404973357016
168.03,170.75,172.9,167.04,13194.0,224991488.0,2020,9,23,15,0,2020-09-23 15:00,13194.0,0.018490903668356706,-0.19609227871939738,80390.77212806026,132532.95668549906,-0.39342806394316165
169.0,164.51,170.67,164.01,11288.0,188412128.0,2020,9,24,15,0,2020-09-24 15:00,11288.0,-0.03654465592972189,-0.22547080979284373,77452.91902071562,132532.95668549906,-0.4155950266429841
165.0,162.45,165.77,161.52,8240.0,134494752.0,2020,9,25,15,0,2020-09-25 15:00,8240.0,-0.01252203513464234,-0.23516949152542377,76483.05084745762,132532.95668549906,-0.4229129662522203
162.45,156.88,163.42,156.5,10276.0,163307680.0,2020,9,28,15,0,2020-09-28 15:00,10276.0,-0.03428747306863644,-0.2613935969868173,73860.64030131827,132532.95668549906,-0.4426998223801065
157.9,161.36,162.58,157.02,8755.0,140840144.0,2020,9,29,15,0,2020-09-29 15:00,8755.0,0.02855685874553804,-0.24030131826741985,75969.86817325802,132532.95668549906,-0.4267850799289519
162.11,160.19,163.5,159.8,6035.0,97405880.0,2020,9,30,15,0,2020-09-30 15:00,6035.0,-0.007250867625186008,-0.2458097928436911,75419.02071563089,132532.95668549906,-0.4309413854351687
164.0,163.73,164.98,163.07,6987.0,114628816.0,2020,10,9,15,0,2020-10-09 15:00,6987.0,0.0220987577252012,-0.22914312617702448,77085.68738229755,132532.95668549906,-0.41836589698046184
164.94,174.3,175.65,164.03,20653.0,354017696.0,2020,10,12,15,0,2020-10-12 15:00,20653.0,0.06455750320649867,-0.17937853107344615,82062.14689265538,132532.95668549906,-0.38081705150976897
174.3,171.9,174.3,170.66,12733.0,218964464.0,2020,10,13,15,0,2020-10-13 15:00,12733.0,-0.013769363166953541,-0.19067796610169474,80932.20338983052,132532.95668549906,-0.389342806394316
171.0,168.35,172.74,168.28,9564.0,161956272.0,2020,10,14,15,0,2020-10-14 15:00,9564.0,-0.020651541593949996,-0.20739171374764576,79260.82862523543,132532.95668549906,-0.4019538188277085
167.98,169.17,175.0,167.69,14965.0,257138992.0,2020,10,15,15,0,2020-10-15 15:00,14965.0,0.0048708048708048235,-0.20353107344632748,79646.89265536725,132532.95668549906,-0.3990408525754883
170.49,171.4,173.98,170.0,12265.0,210804064.0,2020,10,16,15,0,2020-10-16 15:00,12265.0,0.013182006265886503,-0.19303201506591305,80696.7984934087,132532.95668549906,-0.3911190053285965
172.2,182.71,186.37,172.2,35739.0,647545216.0,2020,10,19,15,0,2020-10-19 15:00,35739.0,0.06598599766627777,-0.1397834274952915,86021.65725047085,132532.95668549906,-0.35094138543516845
181.45,182.96,185.88,178.53,20336.0,368933504.0,2020,10,20,15,0,2020-10-20 15:00,20336.0,0.0013682885446884008,-0.13860640301318217,86139.35969868179,132532.95668549906,-0.350053285968028
182.69,186.4,187.01,178.3,25549.0,469257184.0,2020,10,21,15,0,2020-10-21 15:00,25549.0,0.018801923917796337,-0.12241054613935909,87758.9453860641,132532.95668549906,-0.3378330373001771
186.0,179.18,189.98,179.08,22442.0,414769856.0,2020,10,22,15,0,2020-10-22 15:00,22442.0,-0.03873390557939915,-0.15640301318267358,84359.69868173264,132532.95668549906,-0.3634813499111896
179.51,172.01,180.2,172.01,21282.0,373336864.0,2020,10,23,15,0,2020-10-23 15:00,21282.0,-0.04001562674405634,-0.19016007532956636,80983.99246704337,132532.95668549906,-0.388952042628774
170.02,169.8,172.9,166.56,12594.0,214092032.0,2020,10,26,15,0,2020-10-26 15:00,12594.0,-0.012848090227312259,-0.20056497175141186,79943.50282485882,132532.95668549906,-0.39680284191829435
169.88,187.43,190.39,168.88,29218.0,525108704.0,2020,10,27,15,0,2020-10-27 15:00,29218.0,0.10382803297997634,-0.11756120527306912,88243.8794726931,132532.95668549906,-0.334174067495559
187.0,183.89,190.04,182.72,20885.0,388663712.0,2020,10,28,15,0,2020-10-28 15:00,20885.0,-0.01888705116576861,-0.13422787193973584,86577.21280602642,132532.95668549906,-0.34674955595026596
181.02,183.12,186.82,181.0,17467.0,321515616.0,2020,10,29,15,0,2020-10-29 15:00,17467.0,-0.004187285877426672,-0.1378531073446322,86214.68926553678,132532.95668549906,-0.34948490230905815
183.43,187.08,193.88,183.43,30452.0,576442880.0,2020,10,30,15,0,2020-10-30 15:00,30452.0,0.02162516382699864,-0.11920903954802209,88079.09604519779,132532.95668549906,-0.33541740674955556
187.01,184.11,193.38,181.08,20267.0,377113856.0,2020,11,2,15,0,2020-11-02 15:00,20267.0,-0.01587556125721612,-0.13319209039547963,86680.79096045204,132532.95668549906,-0.34596802841918245
185.95,184.92,190.66,183.03,20357.0,380681728.0,2020,11,3,15,0,2020-11-03 15:00,20357.0,0.004399543751018253,-0.12937853107344588,87062.14689265541,132532.95668549906,-0.34309058614564797
186.0,178.93,187.93,178.0,20865.0,379571008.0,2020,11,4,15,0,2020-11-04 15:00,20865.0,-0.03239238589660387,-0.1575800376647829,84241.99623352171,132532.95668549906,-0.36436944937832993
182.0,183.38,184.63,179.13,14508.0,264304848.0,2020,11,5,15,0,2020-11-05 15:00,14508.0,0.024870060917677295,-0.13662900188323868,86337.09981167613,132532.95668549906,-0.3485612788632323
183.3,188.7,192.15,182.66,23664.0,445176000.0,2020,11,6,15,0,2020-11-06 15:00,23664.0,0.02901079725160871,-0.11158192090395425,88841.80790960457,132532.95668549906,-0.32966252220248626
190.02,197.18,202.99,190.0,37004.0,727637120.0,2020,11,9,15,0,2020-11-09 15:00,37004.0,0.044939056703762637,-0.07165725047080918,92834.27495291908,132532.95668549906,-0.2995381882770866
193.22,188.35,193.22,187.5,24907.0,473495392.0,2020,11,10,15,0,2020-11-10 15:00,24907.0,-0.04478141799371138,-0.11322975517890721,88677.02448210928,132532.95668549906,-0.3309058614564827
186.0,179.0,188.29,179.0,18596.0,340231136.0,2020,11,11,15,0,2020-11-11 15:00,18596.0,-0.049641624634988,-0.15725047080979226,84274.95291902077,132532.95668549906,-0.3641207815275307
181.0,181.08,183.68,179.51,10089.0,182876832.0,2020,11,12,15,0,2020-11-12 15:00,10089.0,0.01162011173184374,-0.1474576271186433,85254.23728813567,132532.95668549906,-0.356731793960923
180.0,179.2,181.79,175.8,10575.0,189170816.0,2020,11,13,15,0,2020-11-13 15:00,10575.0,-0.010382151535233142,-0.15630885122410476,84369.11487758953,132532.95668549906,-0.36341030195381824
179.58,173.32,182.18,172.51,15178.0,266345072.0,2020,11,16,15,0,2020-11-16 15:00,15178.0,-0.03281250000000002,-0.18399246704331385,81600.75329566862,132532.95668549906,-0.3842984014209586
174.0,171.0,175.0,167.11,13862.0,235107824.0,2020,11,17,15,0,2020-11-17 15:00,13862.0,-0.013385645049619144,-0.1949152542372874,80508.47457627126,132532.95668549906,-0.3925399644760208
170.77,170.32,172.99,168.08,8903.0,151845824.0,2020,11,18,15,0,2020-11-18 15:00,8903.0,-0.003976608187134523,-0.1981167608286245,80188.32391713755,132532.95668549906,-0.39495559502664246
169.0,171.17,172.5,166.71,7527.0,128333448.0,2020,11,19,15,0,2020-11-19 15:00,7527.0,0.004990605918271385,-0.19411487758945323,80588.51224105468,132532.95668549906,-0.3919360568383654
171.5,169.77,173.3,169.47,6598.0,112634072.0,2020,11,20,15,0,2020-11-20 15:00,6598.0,-0.008179003330022638,-0.20070621468926475,79929.37853107353,132532.95668549906,-0.3969094138543511
168.65,168.88,170.67,166.78,7563.0,127418448.0,2020,11,23,15,0,2020-11-23 15:00,7563.0,-0.005242386758555817,-0.20489642184557366,79510.35781544264,132532.95668549906,-0.40007104795737064
168.88,169.62,172.84,168.66,8907.0,152141472.0,2020,11,24,15,0,2020-11-24 15:00,8907.0,0.004381809568924755,-0.20141242937853032,79858.75706214696,132532.95668549906,-0.39744227353463535
169.62,166.91,170.31,166.81,7338.0,123318432.0,2020,11,25,15,0,2020-11-25 15:00,7338.0,-0.015976889517745563,-0.21417137476459436,78582.86252354056,132532.95668549906,-0.4070692717584364
166.92,163.0,168.37,162.82,9455.0,155403088.0,2020,11,26,15,0,2020-11-26 15:00,9455.0,-0.023425798334431702,-0.23258003766478264,76741.99623352174,132532.95668549906,-0.4209591474245109
162.0,163.99,164.78,161.24,6676.0,108867920.0,2020,11,27,15,0,2020-11-27 15:00,6676.0,0.006073619631902005,-0.22791902071562997,77208.097928437,132532.95668549906,-0.4174422735346352
165.0,166.28,168.66,164.1,9071.0,151069920.0,2020,11,30,15,0,2020-11-30 15:00,9071.0,0.013964266113787316,-0.21713747645950954,78286.25235404905,132532.95668549906,-0.40930728241562986
165.03,166.43,167.78,165.03,6502.0,108237624.0,2020,12,1,15,0,2020-12-01 15:00,6502.0,0.000902092855424641,-0.21643126177024397,78356.8738229756,132532.95668549906,-0.40877442273534575
166.76,170.0,171.69,166.76,11446.0,194472000.0,2020,12,2,15,0,2020-12-02 15:00,11446.0,0.021450459652706755,-0.19962335216572424,80037.66478342758,132532.95668549906,-0.39609236234458195
168.9,167.92,169.99,167.01,8249.0,138625280.0,2020,12,3,15,0,2020-12-03 15:00,8249.0,-0.012235294117647122,-0.2094161958568731,79058.38041431269,132532.95668549906,-0.4034813499111895
167.99,166.42,169.85,166.01,6733.0,112593680.0,2020,12,4,15,0,2020-12-04 15:00,6733.0,-0.008932825154835622,-0.21647834274952849,78352.16572504715,132532.95668549906,-0.4088099467140315
168.36,166.66,170.89,166.55,6808.0,114713880.0,2020,12,7,15,0,2020-12-07 15:00,6808.0,0.0014421343588510993,-0.21534839924670357,78465.16007532964,132532.95668549906,-0.40795737122557674
166.1,161.0,168.5,160.0,14693.0,240452048.0,2020,12,8,15,0,2020-12-08 15:00,14693.0,-0.03396135845433812,-0.24199623352165645,75800.37664783436,132532.95668549906,-0.42806394316163343
161.0,159.0,162.45,158.33,8341.0,133898304.0,2020,12,9,15,0,2020-12-09 15:00,8341.0,-0.012422360248447228,-0.25141242937853026,74858.75706214698,132532.95668549906,-0.435168738898756
159.12,158.6,161.83,158.19,6805.0,108771408.0,2020,12,10,15,0,2020-12-10 15:00,6805.0,-0.002515723270440251,-0.25329566854990504,74670.43314500949,132532.95668549906,-0.4365896980461806
162.0,163.22,165.0,160.3,11217.0,182297616.0,2020,12,11,15,0,2020-12-11 15:00,11217.0,0.02912988650693582,-0.23154425612052643,76845.57438794736,132532.95668549906,-0.4201776198934274
162.0,160.43,163.0,159.0,6873.0,110229344.0,2020,12,14,15,0,2020-12-14 15:00,6873.0,-0.017093493444430785,-0.2446798493408654,75532.01506591347,132532.95668549906,-0.4300888099467133
160.5,159.25,160.96,158.84,5062.0,80839624.0,2020,12,15,15,0,2020-12-15 15:00,5062.0,-0.007355232811818269,-0.25023540489642093,74976.4595103579,132532.95668549906,-0.43428063943161566
159.25,157.63,159.6,157.01,6474.0,102270520.0,2020,12,16,15,0,2020-12-16 15:00,6474.0,-0.010172684458398806,-0.2578625235404888,74213.74764595112,132532.95668549906,-0.44003552397868495
156.13,158.15,158.51,154.1,9600.0,149935504.0,2020,12,17,15,0,2020-12-17 15:00,9600.0,0.0032988644293598934,-0.25541431261770153,74458.56873822985,132532.95668549906,-0.438188277087033
159.68,159.66,162.5,158.69,7365.0,118042168.0,2020,12,18,15,0,2020-12-18 15:00,7365.0,0.009547897565602259,-0.24830508474576185,75169.49152542381,132532.95668549906,-0.4328241563055056
160.5,162.06,163.6,157.66,7971.0,129172224.0,2020,12,21,15,0,2020-12-21 15:00,7971.0,0.0150319428786172,-0.23700564971751314,76299.43502824868,132532.95668549906,-0.4242984014209584
162.0,157.98,163.5,157.58,7143.0,114812480.0,2020,12,22,15,0,2020-12-22 15:00,7143.0,-0.025175860792299276,-0.2562146892655358,74378.53107344641,132532.95668549906,-0.4387921847246885
156.56,158.0,159.94,155.17,8206.0,128919024.0,2020,12,23,15,0,2020-12-23 15:00,8206.0,0.00012659830358274782,-0.2561205273069671,74387.94726930329,132532.95668549906,-0.4387211367673173
158.0,155.02,159.77,154.55,7530.0,117707952.0,2020,12,24,15,0,2020-12-24 15:00,7530.0,-0.01886075949367083,-0.27015065913370906,72984.93408662909,132532.95668549906,-0.4493072824156299
154.99,149.5,155.9,149.48,11791.0,178179488.0,2020,12,25,15,0,2020-12-25 15:00,11791.0,-0.035608308605341255,-0.2961393596986809,70386.0640301319,132532.95668549906,-0.4689165186500882
149.29,137.01,149.5,137.0,18505.0,259053264.0,2020,12,28,15,0,2020-12-28 15:00,18505.0,-0.08354515050167233,-0.3549435028248581,64505.64971751419,132532.95668549906,-0.5132859680284186
136.96,137.78,140.51,136.08,9415.0,130509344.0,2020,12,29,15,0,2020-12-29 15:00,9415.0,0.005620027735201871,-0.35131826741996164,64868.17325800384,132532.95668549906,-0.5105506216696265
139.49,141.39,144.0,138.0,8466.0,119320440.0,2020,12,30,15,0,2020-12-30 15:00,8466.0,0.026201190303382083,-0.3343220338983044,66567.79661016956,132532.95668549906,-0.49772646536412024
141.3,146.78,147.2,140.8,9879.0,143369600.0,2020,12,31,15,0,2020-12-31 15:00,9879.0,0.038121507885989114,-0.30894538606402944,69105.46139359706,132532.95668549906,-0.47857904085257497
146.78,147.58,149.0,145.0,8975.0,131911440.0,2021,1,4,15,0,2021-01-04 15:00,8975.0,0.005450333832947241,-0.30517890772127987,69482.10922787202,132532.95668549906,-0.4757371225577259
146.88,152.95,154.49,146.44,14799.0,224699808.0,2021,1,5,15,0,2021-01-05 15:00,14799.0,0.03638704431494766,-0.27989642184557373,72010.35781544262,132532.95668549906,-0.45666074600355194
151.01,150.1,156.0,149.11,10384.0,157656608.0,2021,1,6,15,0,2021-01-06 15:00,10384.0,-0.01863354037267073,-0.2933145009416189,70668.54990583811,132532.95668549906,-0.4667850799289515
149.78,143.25,149.98,141.51,10810.0,156404576.0,2021,1,7,15,0,2021-01-07 15:00,10810.0,-0.04563624250499665,-0.32556497175141175,67443.50282485882,132532.95668549906,-0.4911190053285963
143.9,146.48,147.46,142.0,6876.0,100091952.0,2021,1,8,15,0,2021-01-08 15:00,6876.0,0.022547993019197188,-0.31035781544256047,68964.21845574395,132532.95668549906,-0.47964476021314334
145.51,152.12,155.99,145.4,13277.0,203070112.0,2021,1,11,15,0,2021-01-11 15:00,13277.0,0.038503549972692674,-0.2838041431261762,71619.58568738238,132532.95668549906,-0.45960923623445765
150.59,152.33,154.43,149.5,8258.0,125728800.0,2021,1,12,15,0,2021-01-12 15:00,8258.0,0.0013804890875626086,-0.2828154425612043,71718.45574387957,132532.95668549906,-0.4588632326820596
151.93,149.61,153.55,147.1,11165.0,166817184.0,2021,1,13,15,0,2021-01-13 15:00,11165.0,-0.01785597059016608,-0.2956214689265527,70437.85310734472,132532.95668549906,-0.4685257548845464
147.6,159.73,163.96,147.6,28150.0,446309216.0,2021,1,14,15,0,2021-01-14 15:00,28150.0,0.06764253726355163,-0.24797551789077132,75202.44821092287,132532.95668549906,-0.4325754884547063
159.0,155.1,162.5,153.96,17419.0,273870656.0,2021,1,15,15,0,2021-01-15 15:00,17419.0,-0.02898641457459461,-0.26977401129943424,73022.59887005658,132532.95668549906,-0.44902309058614504
154.0,154.89,158.5,151.0,11489.0,178673008.0,2021,1,18,15,0,2021-01-18 15:00,11489.0,-0.0013539651837524147,-0.27076271186440604,72923.7288135594,132532.95668549906,-0.44976909413854294
153.35,150.18,158.96,150.06,14257.0,219647280.0,2021,1,19,15,0,2021-01-19 15:00,14257.0,-0.030408677125701944,-0.29293785310734377,70706.21468926562,132532.95668549906,-0.46650088809946655
148.3,144.4,149.08,143.43,21516.0,313031808.0,2021,1,20,15,0,2021-01-20 15:00,21516.0,-0.038487148754827505,-0.3201506591337091,67984.93408662909,132532.95668549906,-0.48703374777975067
151.0,170.0,172.0,151.0,51861.0,855545600.0,2021,1,21,15,0,2021-01-21 15:00,51861.0,0.17728531855955665,-0.19962335216572413,80037.6647834276,132532.95668549906,-0.39609236234458184
166.1,162.36,169.0,161.8,27149.0,446876704.0,2021,1,22,15,0,2021-01-22 15:00,27149.0,-0.04494117647058815,-0.2355932203389821,76440.6779661018,132532.95668549906,-0.42323268206039
161.2,172.78,174.75,158.48,35698.0,606605312.0,2021,1,25,15,0,2021-01-25 15:00,35698.0,0.06417836905641772,-0.18653483992466957,81346.51600753305,132532.95668549906,-0.3862166962699815
172.4,171.01,180.79,170.4,27876.0,489800096.0,2021,1,26,15,0,2021-01-26 15:00,27876.0,-0.01024424123162404,-0.19486817325800287,80513.1826741997,132532.95668549906,-0.39250444049733507
171.72,165.62,175.09,163.71,19001.0,317162880.0,2021,1,27,15,0,2021-01-27 15:00,19001.0,-0.03151862464183375,-0.22024482109227783,77975.51789077221,132532.95668549906,-0.41165186500888035
161.1,166.0,172.24,161.1,14777.0,247506704.0,2021,1,28,15,0,2021-01-28 15:00,14777.0,0.0022944088878154023,-0.21845574387947186,78154.42561205282,132532.95668549906,-0.41030195381882706
166.59,153.6,167.99,152.0,22357.0,352210464.0,2021,1,29,15,0,2021-01-29 15:00,22357.0,-0.07469879518072298,-0.27683615819208973,72316.38418079102,132532.95668549906,-0.45435168738898707
150.5,150.99,156.54,149.35,12075.0,182100416.0,2021,2,1,15,0,2021-02-01 15:00,12075.0,-0.016992187499999867,-0.28912429378531,71087.570621469,132532.95668549906,-0.46362344582593196
151.99,147.69,152.5,147.09,10891.0,161694576.0,2021,2,2,15,0,2021-02-02 15:00,10891.0,-0.021855752036558762,-0.3046610169491518,69533.89830508482,132532.95668549906,-0.4753463587921842
147.44,144.13,149.97,144.1,10165.0,148304544.0,2021,2,3,15,0,2021-02-03 15:00,10165.0,-0.024104543300155767,-0.32142184557438724,67857.81544256127,132532.95668549906,-0.48799289520426237
143.94,141.06,145.75,138.28,12687.0,178938784.0,2021,2,4,15,0,2021-02-04 15:00,12687.0,-0.021300215083605023,-0.33587570621468854,66412.42937853115,132532.95668549906,-0.49889875666074546
141.34,137.89,143.6,137.81,7471.0,104680848.0,2021,2,5,15,0,2021-02-05 15:00,7471.0,-0.02247270664965273,-0.3508003766478336,64919.96233521664,132532.95668549906,-0.5101598579040848
138.0,138.91,139.88,136.12,7839.0,108578728.0,2021,2,8,15,0,2021-02-08 15:00,7839.0,0.007397200667198511,-0.3459981167608279,65400.18832391721,132532.95668549906,-0.5065364120781521
138.91,145.3,148.0,138.91,10939.0,158616752.0,2021,2,9,15,0,2021-02-09 15:00,10939.0,0.046001007846807385,-0.315913370998116,68408.6629001884,132532.95668549906,-0.4838365896980456
147.5,145.84,147.5,143.6,9540.0,139304784.0,2021,2,10,15,0,2021-02-10 15:00,9540.0,0.003716448726772237,-0.31337099811676006,68662.900188324,132532.95668549906,-0.4819182948490225
146.0,150.02,152.85,146.0,11837.0,177640976.0,2021,2,18,15,0,2021-02-18 15:00,11837.0,0.02866154690071321,-0.29369114877589364,70630.88512241063,132532.95668549906,-0.46706927175843627
149.49,151.27,151.55,147.02,7091.0,105722584.0,2021,2,19,15,0,2021-02-19 15:00,7091.0,0.008332222370350584,-0.28780602636534747,71219.39736346525,132532.95668549906,-0.46262877442273465
151.25,148.07,154.9,148.0,9428.0,142634816.0,2021,2,22,15,0,2021-02-22 15:00,9428.0,-0.021154227540160053,-0.30287193973634563,69712.80602636543,132532.95668549906,-0.4739964476021308
147.46,145.75,148.71,145.02,6409.0,93924096.0,2021,2,23,15,0,2021-02-23 15:00,6409.0,-0.01566826500979257,-0.3137947269303192,68620.52730696808,132532.95668549906,-0.48223801065719285
145.77,145.68,149.93,145.21,7937.0,116847376.0,2021,2,24,15,0,2021-02-24 15:00,7937.0,-0.0004802744425385086,-0.3141242937853097,68587.57062146903,132532.95668549906,-0.4824866785079921
146.0,140.88,147.46,140.31,9471.0,134893712.0,2021,2,25,15,0,2021-02-25 15:00,9471.0,-0.03294892915980241,-0.336723163841807,66327.6836158193,132532.95668549906,-0.4995381882770863
138.93,144.02,145.0,137.19,10321.0,144974096.0,2021,2,26,15,0,2021-02-26 15:00,10321.0,0.022288472458830366,-0.32193973634651496,67806.0263653485,132532.95668549906,-0.48838365896980385
144.8,153.77,154.89,144.02,18326.0,275750592.0,2021,3,1,15,0,2021-03-01 15:00,18326.0,0.06769893070406896,-0.2760357815442549,72396.42184557451,132532.95668549906,-0.4537477797513312
154.31,154.34,156.36,151.69,11013.0,169657056.0,2021,3,2,15,0,2021-03-02 15:00,11013.0,0.003706834883267174,-0.27335216572504584,72664.78342749542,132532.95668549906,-0.4517229129662512
152.8,155.7,157.89,150.21,10234.0,158457984.0,2021,3,3,15,0,2021-03-03 15:00,10234.0,0.008811714396786297,-0.2669491525423716,73305.08474576284,132532.95668549906,-0.4468916518650079
154.49,153.98,157.98,152.85,7532.0,116510448.0,2021,3,4,15,0,2021-03-04 15:00,7532.0,-0.01104688503532436,-0.2750470809792831,72495.2919020717,132532.95668549906,-0.4530017761989333
152.14,152.91,154.22,147.8,9349.0,141515600.0,2021,3,5,15,0,2021-03-05 15:00,9349.0,-0.006948954409663588,-0.2800847457627106,71991.52542372895,132532.95668549906,-0.45680284191829384
154.0,156.71,158.68,151.3,16893.0,264234976.0,2021,3,8,15,0,2021-03-08 15:00,16893.0,0.02485121967170234,-0.26219397363465025,73780.60263653498,132532.95668549906,-0.4433037300177609
154.87,158.1,163.96,149.0,17838.0,283495488.0,2021,3,9,15,0,2021-03-09 15:00,17838.0,0.008869887052517234,-0.255649717514123,74435.0282485877,132532.95668549906,-0.43836589698046086
162.9,158.25,163.9,157.62,12536.0,201082432.0,2021,3,10,15,0,2021-03-10 15:00,12536.0,0.000948766603415585,-0.25494350282485745,74505.64971751426,132532.95668549906,-0.4378330373001766
157.5,162.3,163.79,155.12,12452.0,200697504.0,2021,3,11,15,0,2021-03-11 15:00,12452.0,0.025592417061611528,-0.23587570621468779,76412.42937853122,132532.95668549906,-0.42344582593250335
161.5,153.0,167.77,153.0,20553.0,332095520.0,2021,3,12,15,0,2021-03-12 15:00,20553.0,-0.0573012939001849,-0.27966101694915124,72033.89830508488,132532.95668549906,-0.4564831261101233
150.28,146.58,152.9,146.0,13633.0,201715408.0,2021,3,15,15,0,2021-03-15 15:00,13633.0,-0.04196078431372541,-0.30988700564971616,69011.29943502838,132532.95668549906,-0.4792895204262867
148.9,147.2,149.5,145.72,5164.0,75975408.0,2021,3,16,15,0,2021-03-16 15:00,5164.0,0.004229772138081511,-0.3069679849340853,69303.20150659147,132532.95668549906,-0.4770870337477787
146.0,145.2,149.4,144.45,6937.0,101802312.0,2021,3,17,15,0,2021-03-17 15:00,6937.0,-0.013586956521739135,-0.3163841807909591,68361.5819209041,132532.95668549906,-0.48419182948490125
144.6,144.22,146.38,144.1,4843.0,70222472.0,2021,3,18,15,0,2021-03-18 15:00,4843.0,-0.006749311294765747,-0.32099811676082723,67900.18832391727,132532.95668549906,-0.48767317939609134
144.79,146.97,146.97,141.36,5559.0,80852840.0,2021,3,19,15,0,2021-03-19 15:00,5559.0,0.01906809041741786,-0.3080508474576257,69194.91525423744,132532.95668549906,-0.47790408525754774
146.7,147.25,148.18,145.2,3880.0,56955748.0,2021,3,22,15,0,2021-03-22 15:00,3880.0,0.0019051507110294796,-0.30673258003766335,69326.74199623367,132532.95668549906,-0.47690941385435054
147.22,144.2,149.69,143.01,5418.0,79032080.0,2021,3,23,15,0,2021-03-23 15:00,5418.0,-0.020713073005093507,-0.32109227871939605,67890.7721280604,132532.95668549906,-0.4877442273534625
143.1,141.4,144.7,141.26,4048.0,57680480.0,2021,3,24,15,0,2021-03-24 15:00,4048.0,-0.01941747572815522,-0.3342749529190193,66572.50470809807,132532.95668549906,-0.49769094138543407
141.05,141.2,142.88,140.31,2991.0,42350752.0,2021,3,25,15,0,2021-03-25 15:00,2991.0,-0.0014144271570015743,-0.3352165725047068,66478.34274952931,132532.95668549906,-0.49840142095914647
142.01,142.84,143.25,141.34,3404.0,48481112.0,2021,3,26,15,0,2021-03-26 15:00,3404.0,0.011614730878187096,-0.32749529190207016,67250.47080979298,132532.95668549906,-0.49257548845470583
143.0,140.5,143.96,140.3,4364.0,61974872.0,2021,3,29,15,0,2021-03-29 15:00,4364.0,-0.016381965835900347,-0.33851224105461264,66148.77589453873,132532.95668549906,-0.5008880994671394
139.5,140.19,141.58,139.5,2779.0,39013688.0,2021,3,30,15,0,2021-03-30 15:00,2779.0,-0.002206405693950142,-0.3399717514124281,66002.82485875719,132532.95668549906,-0.5019893428063934
140.08,140.89,141.39,139.28,2537.0,35685444.0,2021,3,31,15,0,2021-03-31 15:00,2537.0,0.004993223482416598,-0.33667608286252226,66332.39171374777,132532.95668549906,-0.49950266429840046
141.55,143.19,145.18,141.42,4725.0,67767608.0,2021,4,1,15,0,2021-04-01 15:00,4725.0,0.016324792391227305,-0.3258474576271173,67415.25423728827,132532.95668549906,-0.49133214920070944
144.69,146.01,148.0,143.55,6447.0,94381920.0,2021,4,2,15,0,2021-04-02 15:00,6447.0,0.01969411271736843,-0.3125706214689252,68742.93785310748,132532.95668549906,-0.48131438721136666
147.0,144.0,147.3,143.67,3961.0,57237160.0,2021,4,6,15,0,2021-04-06 15:00,3961.0,-0.013766180398602779,-0.32203389830508344,67796.61016949166,132532.95668549906,-0.48845470692717485
144.24,143.3,144.24,142.01,3063.0,43828984.0,2021,4,7,15,0,2021-04-07 15:00,3063.0,-0.004861111111110983,-0.32532956685498915,67467.04331450109,132532.95668549906,-0.49094138543516763
143.27,141.7,144.8,141.68,3830.0,54841984.0,2021,4,8,15,0,2021-04-08 15:00,3830.0,-0.01116538729937211,-0.3328625235404883,66713.74764595117,132532.95668549906,-0.4966252220248658
141.41,142.0,142.0,139.86,5162.0,72607568.0,2021,4,9,15,0,2021-04-09 15:00,5162.0,0.0021171489061397875,-0.33145009416195714,66854.99058380429,132532.95668549906,-0.49555950266429727
141.99,139.18,142.75,139.02,3964.0,55555952.0,2021,4,12,15,0,2021-04-12 15:00,3964.0,-0.01985915492957746,-0.3447269303201492,65527.306967985074,132532.95668549906,-0.5055772646536402
138.38,138.59,139.83,138.11,3239.0,44964180.0,2021,4,13,15,0,2021-04-13 15:00,3239.0,-0.004239114815347111,-0.3475047080979271,65249.529190207286,132532.95668549906,-0.5076731793960915
138.59,139.11,140.56,138.31,3212.0,44719184.0,2021,4,14,15,0,2021-04-14 15:00,3212.0,0.0037520744642471904,-0.34505649717513986,65494.35028248601,132532.95668549906,-0.5058259325044395
138.96,131.3,138.96,127.0,11694.0,153899744.0,2021,4,15,15,0,2021-04-15 15:00,11694.0,-0.056142620947451705,-0.38182674199623223,61817.32580037678,132532.95668549906,-0.5335701598579031
131.0,131.28,131.98,127.8,8124.0,105384464.0,2021,4,16,15,0,2021-04-16 15:00,8124.0,-0.00015232292460021224,-0.38192090395480105,61807.9096045199,132532.95668549906,-0.5336412078152744
131.39,132.46,133.25,129.67,7605.0,100223672.0,2021,4,19,15,0,2021-04-19 15:00,7605.0,0.008988421694088977,-0.3763653483992455,62363.46516007545,132532.95668549906,-0.529449378330372
132.5,128.63,132.54,128.56,9763.0,126968784.0,2021,4,20,15,0,2021-04-20 15:00,9763.0,-0.028914389249584893,-0.39439736346515897,60560.2636534841,132532.95668549906,-0.5430550621669619
128.0,130.0,131.53,127.8,5439.0,70574280.0,2021,4,21,15,0,2021-04-21 15:00,5439.0,0.010650703568374498,-0.38794726930320034,61205.27306967996,132532.95668549906,-0.5381882770870329
129.99,130.6,131.48,129.55,5179.0,67732864.0,2021,4,22,15,0,2021-04-22 15:00,5179.0,0.004615384615384466,-0.38512241054613827,61487.75894538617,132532.95668549906,-0.5360568383658961
130.0,129.96,131.87,129.38,4830.0,63119968.0,2021,4,23,15,0,2021-04-23 15:00,4830.0,-0.00490045941807038,-0.38813559322033786,61186.44067796622,132532.95668549906,-0.5383303730017752
130.0,129.9,132.18,128.91,5820.0,76056920.0,2021,4,26,15,0,2021-04-26 15:00,5820.0,-0.0004616805170821747,-0.3884180790960441,61158.19209039559,132532.95668549906,-0.538543516873889
128.81,119.4,128.81,119.21,18034.0,221393712.0,2021,4,27,15,0,2021-04-27 15:00,18034.0,-0.0808314087759815,-0.4378531073446317,56214.689265536836,132532.95668549906,-0.5758436944937824
120.51,118.2,120.6,116.58,12279.0,144426128.0,2021,4,28,15,0,2021-04-28 15:00,12279.0,-0.01005025125628145,-0.44350282485875603,55649.7175141244,132532.95668549906,-0.580106571936056
117.5,116.25,120.47,116.02,8296.0,97531824.0,2021,4,29,15,0,2021-04-29 15:00,8296.0,-0.016497461928934087,-0.452683615819208,54731.6384180792,132532.95668549906,-0.5870337477797505
116.75,111.69,116.75,111.11,13945.0,157212288.0,2021,4,30,15,0,2021-04-30 15:00,13945.0,-0.03922580645161289,-0.4741525423728804,52584.74576271196,132532.95668549906,-0.60323268206039
112.39,110.74,112.39,109.5,8668.0,95710488.0,2021,5,6,15,0,2021-05-06 15:00,8668.0,-0.00850568537917451,-0.47862523540489543,52137.47645951046,132532.95668549906,-0.6066074600355232
110.83,106.71,111.48,106.66,8068.0,87517304.0,2021,5,7,15,0,2021-05-07 15:00,8068.0,-0.036391547769550336,-0.4975988700564963,50240.11299435037,132532.95668549906,-0.6209236234458252
106.8,105.3,108.3,104.65,7258.0,77020384.0,2021,5,10,15,0,2021-05-10 15:00,7258.0,-0.013213382063536616,-0.5042372881355923,49576.27118644077,132532.95668549906,-0.6259325044404966
105.81,111.02,113.0,105.48,10834.0,119885632.0,2021,5,11,15,0,2021-05-11 15:00,10834.0,0.05432098765432092,-0.4773069679849332,52269.30320150668,132532.95668549906,-0.6056127886323263
110.77,109.81,111.81,107.84,5424.0,59294772.0,2021,5,12,15,0,2021-05-12 15:00,5424.0,-0.010898937128445252,-0.48300376647834187,51699.623352165814,132532.95668549906,-0.6099111900532853
109.66,114.75,120.42,109.0,17452.0,203368448.0,2021,5,13,15,0,2021-05-13 15:00,17452.0,0.04498679537382744,-0.4597457627118635,54025.42372881365,132532.95668549906,-0.5923623445825925
113.0,114.05,114.5,112.3,8305.0,94150568.0,2021,5,14,15,0,2021-05-14 15:00,8305.0,-0.006100217864923763,-0.46304143126176933,53695.85687382307,132532.95668549906,-0.5948490230905854
113.56,112.26,115.9,112.22,7256.0,82320304.0,2021,5,17,15,0,2021-05-17 15:00,7256.0,-0.015694870670758365,-0.47146892655367134,52853.10734463287,132532.95668549906,-0.6012078152753101
114.5,114.17,116.19,113.0,6895.0,79073376.0,2021,5,18,15,0,2021-05-18 15:00,6895.0,0.017014074469980267,-0.4624764595103569,53752.35404896431,132532.95668549906,-0.5944227353463581
113.17,112.66,114.5,112.0,4390.0,49627432.0,2021,5,19,15,0,2021-05-19 15:00,4390.0,-0.013225891214855068,-0.46958568738229667,53041.43126177033,132532.95668549906,-0.5997868561278856
113.0,113.37,116.39,112.69,5297.0,60636568.0,2021,5,20,15,0,2021-05-20 15:00,5297.0,0.006302148056098078,-0.46624293785310644,53375.70621468936,132532.95668549906,-0.5972646536412071
113.36,112.84,114.46,112.43,4269.0,48341060.0,2021,5,21,15,0,2021-05-21 15:00,4269.0,-0.004674958101790638,-0.468738229755178,53126.177024482204,132532.95668549906,-0.5991474245115447
112.08,112.49,113.02,110.05,5793.0,64585332.0,2021,5,24,15,0,2021-05-24 15:00,5793.0,-0.0031017369727047717,-0.47038606403013095,52961.393596986905,132532.95668549906,-0.600390763765541
112.0,114.07,114.68,112.0,6893.0,78344160.0,2021,5,25,15,0,2021-05-25 15:00,6893.0,0.014045692950484412,-0.4629472693032006,53705.27306967994,132532.95668549906,-0.5947779751332142
114.43,114.22,116.0,114.05,6246.0,71865064.0,2021,5,26,15,0,2021-05-26 15:00,6246.0,0.001314982028578937,-0.46224105461393505,53775.894538606495,132532.95668549906,-0.5942451154529301
114.0,118.29,119.39,113.41,13064.0,153616064.0,2021,5,27,15,0,2021-05-27 15:00,13064.0,0.035632988968657076,-0.4430790960451967,55692.09039548033,132532.95668549906,-0.5797868561278855
117.7,115.35,117.7,115.04,8654.0,100618880.0,2021,5,28,15,0,2021-05-28 15:00,8654.0,-0.024854171950291715,-0.4569209039548012,54307.909604519875,132532.95668549906,-0.5902309058614558
115.88,118.65,118.86,115.8,8777.0,103292960.0,2021,5,31,15,0,2021-05-31 15:00,8777.0,0.028608582574772612,-0.4413841807909593,55861.58192090407,132532.95668549906,-0.5785079928952033
119.58,124.6,127.71,119.58,22004.0,275314464.0,2021,6,1,15,0,2021-06-01 15:00,22004.0,0.05014749262536866,-0.4133709981167597,58662.90018832403,132532.95668549906,-0.5573712255772638
122.8,123.25,125.46,121.81,10849.0,133673160.0,2021,6,2,15,0,2021-06-02 15:00,10849.0,-0.0108346709470305,-0.4197269303201495,58027.306967985045,132532.95668549906,-0.5621669626998216
124.25,122.1,124.59,121.0,7597.0,93199832.0,2021,6,3,15,0,2021-06-03 15:00,7597.0,-0.009330628803245533,-0.42514124293785205,57485.87570621479,132532.95668549906,-0.5662522202486671
121.79,119.77,123.66,119.21,9614.0,116290240.0,2021,6,4,15,0,2021-06-04 15:00,9614.0,-0.01908271908271908,-0.4361111111111101,56388.888888888985,132532.95668549906,-0.5745293072824148
121.0,121.14,125.76,120.5,10549.0,129363984.0,2021,6,7,15,0,2021-06-07 15:00,10549.0,0.011438590632044887,-0.4296610169491515,57033.898305084855,132532.95668549906,-0.5696625222024859
120.7,117.36,120.95,116.7,10551.0,125057104.0,2021,6,8,15,0,2021-06-08 15:00,10551.0,-0.031203566121842496,-0.447457627118643,55254.2372881357,132532.95668549906,-0.5830905861456475
118.0,117.25,119.72,117.03,7296.0,86072960.0,2021,6,9,15,0,2021-06-09 15:00,7296.0,-0.0009372869802317663,-0.44797551789077106,55202.44821092289,132532.95668549906,-0.5834813499111893
118.01,121.26,122.0,116.78,11972.0,143098896.0,2021,6,10,15,0,2021-06-10 15:00,11972.0,0.03420042643923238,-0.42909604519773903,57090.3954802261,132532.95668549906,-0.5692362344582584
121.81,117.11,121.88,116.93,11072.0,130870576.0,2021,6,11,15,0,2021-06-11 15:00,11072.0,-0.034223981527296776,-0.44863465160075233,55136.53483992477,132532.95668549906,-0.5839786856127879
117.0,119.25,121.38,115.99,11627.0,138567408.0,2021,6,15,15,0,2021-06-15 15:00,11627.0,0.0182734181538724,-0.43855932203389736,56144.06779661027,132532.95668549906,-0.5763765541740667
119.2,118.7,123.38,117.88,11084.0,133610016.0,2021,6,16,15,0,2021-06-16 15:00,11084.0,-0.004612159329140386,-0.4411487758945376,55885.12241054624,132532.95668549906,-0.5783303730017755
118.71,125.5,127.99,117.7,23019.0,283860960.0,2021,6,17,15,0,2021-06-17 15:00,23019.0,0.05728727885425444,-0.4091337099811665,59086.62900188335,132532.95668549906,-0.5541740674955586
124.32,123.83,126.5,123.11,13163.0,163712560.0,2021,6,18,15,0,2021-06-18 15:00,13163.0,-0.013306772908366571,-0.41699623352165616,58300.37664783438,132532.95668549906,-0.5601065719360561
124.0,126.8,128.55,123.0,13589.0,171698400.0,2021,6,21,15,0,2021-06-21 15:00,13589.0,0.023984494872001827,-0.4030131826741986,59698.68173258014,132532.95668549906,-0.5495559502664291
127.01,124.11,128.5,123.8,11870.0,148764912.0,2021,6,22,15,0,2021-06-22 15:00,11870.0,-0.021214511041009465,-0.41567796610169394,58432.2033898306,132532.95668549906,-0.559111900532859
125.26,131.0,133.87,125.0,25905.0,340237504.0,2021,6,23,15,0,2021-06-23 15:00,25905.0,0.05551526871323831,-0.3832391713747635,61676.08286252365,132532.95668549906,-0.5346358792184717
129.36,135.75,138.88,129.2,25901.0,349346208.0,2021,6,24,15,0,2021-06-24 15:00,25901.0,0.03625954198473291,-0.3608757062146881,63912.42937853119,132532.95668549906,-0.5177619893428055
135.77,134.8,137.18,131.81,16825.0,225925712.0,2021,6,25,15,0,2021-06-25 15:00,16825.0,-0.006998158379373787,-0.36534839924670315,63465.16007532969,132532.95668549906,-0.5211367673179388
133.5,134.12,136.78,132.36,13881.0,186610224.0,2021,6,28,15,0,2021-06-28 15:00,13881.0,-0.005044510385756706,-0.36854990583804026,63145.00941619597,132532.95668549906,-0.5235523978685604
135.03,135.3,139.3,132.53,17869.0,244405952.0,2021,6,29,15,0,2021-06-29 15:00,17869.0,0.00879809126155684,-0.3629943502824847,63700.564971751526,132532.95668549906,-0.5193605683836581
135.7,138.2,139.95,133.8,19137.0,263715248.0,2021,6,30,15,0,2021-06-30 15:00,19137.0,0.02143385070214321,-0.3493408662900178,65065.91337099822,132532.95668549906,-0.5090586145648304
137.15,133.6,138.2,133.11,17038.0,231268416.0,2021,7,1,15,0,2021-07-01 15:00,17038.0,-0.0332850940665701,-0.3709981167608276,62900.18832391724,132532.95668549906,-0.5253996447602123
132.82,127.42,134.39,127.2,14337.0,185357744.0,2021,7,2,15,0,2021-07-02 15:00,14337.0,-0.04625748502994009,-0.40009416195856773,59990.58380414323,132532.95668549906,-0.547353463587921
128.08,134.2,134.78,128.08,16949.0,224800592.0,2021,7,5,15,0,2021-07-05 15:00,16949.0,0.05320985716528015,-0.36817325800376544,63182.674199623456,132532.95668549906,-0.5232682060390755
134.2,128.48,135.88,126.66,17495.0,227716416.0,2021,7,6,15,0,2021-07-06 15:00,17495.0,-0.042622950819672156,-0.39510357815442465,60489.64218455753,132532.95668549906,-0.5435879218472461
127.43,131.3,131.49,127.18,9247.0,120028336.0,2021,7,7,15,0,2021-07-07 15:00,9247.0,0.021948941469489558,-0.38182674199623245,61817.325800376755,132532.95668549906,-0.5335701598579032
132.18,132.45,134.2,129.7,12594.0,166583968.0,2021,7,8,15,0,2021-07-08 15:00,12594.0,0.008758568164508596,-0.37641242937853014,62358.757062146986,132532.95668549906,-0.5294849023090579
133.94,134.39,138.5,133.39,20588.0,281001408.0,2021,7,9,15,0,2021-07-09 15:00,20588.0,0.01464703661759148,-0.36727871939736256,63272.12806026374,132532.95668549906,-0.522593250444049
134.01,131.81,134.01,129.0,15735.0,206660336.0,2021,7,12,15,0,2021-07-12 15:00,15735.0,-0.01919785698340637,-0.37942561205272973,62057.43879472703,132532.95668549906,-0.5317584369449371
131.8,126.61,132.68,126.51,16456.0,211046176.0,2021,7,13,15,0,2021-07-13 15:00,16456.0,-0.03945072452772935,-0.4039077212806017,59609.22787193983,132532.95668549906,-0.5502309058614557
126.65,121.2,127.1,121.19,14435.0,177511104.0,2021,7,14,15,0,2021-07-14 15:00,14435.0,-0.04272964220835629,-0.42937853107344537,57062.146892655466,132532.95668549906,-0.5694493783303722
121.0,119.0,121.56,117.82,9370.0,111578280.0,2021,7,15,15,0,2021-07-15 15:00,9370.0,-0.018151815181518205,-0.43973634651600657,56026.36534839934,132532.95668549906,-0.577264653641207
121.66,120.62,123.99,120.25,9663.0,118088688.0,2021,7,16,15,0,2021-07-16 15:00,9663.0,0.013613445378151345,-0.43210922787193873,56789.07721280613,132532.95668549906,-0.5715097690941379
122.59,116.8,122.61,116.56,10021.0,118561056.0,2021,7,19,15,0,2021-07-19 15:00,10021.0,-0.031669706516332385,-0.4500941619585678,54990.58380414322,132532.95668549906,-0.585079928952042
112.0,108.32,113.0,106.6,40890.0,448049216.0,2021,7,20,15,0,2021-07-20 15:00,40890.0,-0.07260273972602749,-0.49001883239171296,50998.11676082871,132532.95668549906,-0.6152042628774417
108.91,107.46,109.08,107.28,33505.0,362095776.0,2021,7,21,15,0,2021-07-21 15:00,33505.0,-0.007939438700147683,-0.49406779661016864,50593.220338983134,132532.95668549906,-0.6182593250444043
108.17,110.92,111.2,105.38,47764.0,518932800.0,2021,7,22,15,0,2021-07-22 15:00,47764.0,0.032198027172901655,-0.47777777777777686,52222.22222222231,132532.95668549906,-0.6059680284191823
106.6,102.27,107.01,101.12,50170.0,519392384.0,2021,7,23,15,0,2021-07-23 15:00,50170.0,-0.07798413270825821,-0.5185028248587562,48149.71751412438,132532.95668549906,-0.6366962699822374
100.99,102.41,103.64,97.0,37971.0,381138368.0,2021,7,26,15,0,2021-07-26 15:00,37971.0,0.001368925393566034,-0.517843691148775,48215.6308851225,132532.95668549906,-0.6361989342806388
102.0,108.8,119.6,101.02,98684.0,1091023616.0,2021,7,27,15,0,2021-07-27 15:00,98684.0,0.06239625036617524,-0.4877589453860631,51224.10546139369,132532.95668549906,-0.6134991119005322
106.65,100.63,107.98,99.9,48436.0,498055040.0,2021,7,28,15,0,2021-07-28 15:00,48436.0,-0.07509191176470587,-0.5262241054613928,47377.589453860724,132532.95668549906,-0.6425222024866779
102.88,102.47,105.88,100.18,44103.0,455158368.0,2021,7,29,15,0,2021-07-29 15:00,44103.0,0.018284805723939312,-0.5175612052730687,48243.87947269313,132532.95668549906,-0.635985790408525
98.0,100.14,104.02,97.5,40064.0,403162976.0,2021,7,30,15,0,2021-07-30 15:00,40064.0,-0.022738362447545568,-0.5285310734463268,47146.89265536732,132532.95668549906,-0.6442628774422728
99.87,106.31,106.66,98.15,43810.0,454737280.0,2021,8,2,15,0,2021-08-02 15:00,43810.0,0.0616137407629318,-0.49948210922787106,50051.789077212896,132532.95668549906,-0.6223445825932498
106.12,103.3,107.86,102.42,30316.0,316578688.0,2021,8,3,15,0,2021-08-03 15:00,30316.0,-0.028313423008183625,-0.5136534839924662,48634.65160075338,132532.95668549906,-0.6330373001776193
102.99,104.3,106.21,102.97,24911.0,261299408.0,2021,8,4,15,0,2021-08-04 15:00,24911.0,0.00968054211035807,-0.5089453860640294,49105.46139359706,132532.95668549906,-0.629484902309058
103.0,112.38,118.97,100.79,78932.0,872776448.0,2021,8,5,15,0,2021-08-05 15:00,78932.0,0.07746883988494724,-0.470903954802259,52909.604519774104,132532.95668549906,-0.6007815275310828
112.8,108.89,116.55,107.72,45131.0,497752416.0,2021,8,6,15,0,2021-08-06 15:00,45131.0,-0.0310553479266773,-0.4873352165725038,51266.47834274962,132532.95668549906,-0.6131793960923617
105.86,105.34,106.88,104.0,30564.0,321967648.0,2021,8,9,15,0,2021-08-09 15:00,30564.0,-0.032601708145835184,-0.5040489642184548,49595.10357815452,132532.95668549906,-0.6257904085257542
105.33,104.44,106.68,102.9,29458.0,307603456.0,2021,8,10,15,0,2021-08-10 15:00,29458.0,-0.008543763052971332,-0.508286252354048,49171.3747645952,132532.95668549906,-0.6289875666074592
104.0,103.65,104.9,102.56,19898.0,205951408.0,2021,8,11,15,0,2021-08-11 15:00,19898.0,-0.007564151666028307,-0.5120056497175132,48799.435028248685,132532.95668549906,-0.6317939609236227
102.2,103.65,106.31,101.91,28336.0,295726496.0,2021,8,12,15,0,2021-08-12 15:00,28336.0,0.0,-0.5120056497175132,48799.435028248685,132532.95668549906,-0.6317939609236227
103.0,99.71,103.0,99.5,34106.0,343214784.0,2021,8,13,15,0,2021-08-13 15:00,34106.0,-0.03801254220935857,-0.5305555555555548,46944.444444444525,132532.95668549906,-0.6457904085257543
99.35,99.75,101.78,98.3,17343.0,173306560.0,2021,8,16,15,0,2021-08-16 15:00,17343.0,0.0004011633737839304,-0.5303672316384173,46963.27683615827,132532.95668549906,-0.6456483126110119
99.75,98.8,102.32,98.8,21919.0,219552448.0,2021,8,17,15,0,2021-08-17 15:00,21919.0,-0.009523809523809601,-0.5348399246704323,46516.00753295677,132532.95668549906,-0.6490230905861449
98.39,98.16,99.53,97.81,15468.0,152267424.0,2021,8,18,15,0,2021-08-18 15:00,15468.0,-0.006477732793522262,-0.537853107344632,46214.6892655368,132532.95668549906,-0.6512966252220243
97.98,98.61,100.5,97.85,14508.0,143568096.0,2021,8,19,15,0,2021-08-19 15:00,14508.0,0.004584352078239595,-0.5357344632768354,46426.55367231646,132532.95668549906,-0.6496980461811718
99.47,99.9,101.18,98.5,21193.0,211536832.0,2021,8,20,15,0,2021-08-20 15:00,21193.0,0.013081837541831565,-0.5296610169491517,47033.89830508483,132532.95668549906,-0.6451154529307276
100.05,100.48,100.88,98.33,20746.0,207301008.0,2021,8,23,15,0,2021-08-23 15:00,20746.0,0.005805805805805697,-0.5269303201506583,47306.96798493417,132532.95668549906,-0.6430550621669621
100.9,98.7,100.9,98.58,23921.0,237314640.0,2021,8,24,15,0,2021-08-24 15:00,23921.0,-0.017714968152866217,-0.535310734463276,46468.9265536724,132532.95668549906,-0.6493783303730012
99.5,98.25,99.53,97.6,15261.0,150285792.0,2021,8,25,15,0,2021-08-25 15:00,15261.0,-0.00455927051671734,-0.5374293785310726,46257.062146892735,132532.95668549906,-0.6509769094138537
98.2,91.6,98.88,91.6,41502.0,392202976.0,2021,8,26,15,0,2021-08-26 15:00,41502.0,-0.06768447837150138,-0.5687382297551782,43126.17702448218,132532.95668549906,-0.6746003552397863
91.41,91.41,92.5,90.8,14317.0,131028576.0,2021,8,27,15,0,2021-08-27 15:00,14317.0,-0.0020742358078602585,-0.5696327683615812,43036.72316384188,132532.95668549906,-0.675275310834813
91.28,92.86,94.78,91.02,17221.0,160415120.0,2021,8,30,15,0,2021-08-30 15:00,17221.0,0.015862597090033903,-0.5628060263653477,43719.39736346523,132532.95668549906,-0.6701243339253992
92.06,88.66,92.75,87.29,23687.0,210334576.0,2021,8,31,15,0,2021-08-31 15:00,23687.0,-0.04522937755761369,-0.5825800376647827,41741.99623352173,132532.95668549906,-0.6850444049733565
88.66,89.6,89.82,86.89,16226.0,143529616.0,2021,9,1,15,0,2021-09-01 15:00,16226.0,0.010602300924881458,-0.5781544256120521,42184.55743879479,132532.95668549906,-0.681705150976909
89.26,88.18,89.85,87.63,12621.0,111536072.0,2021,9,2,15,0,2021-09-02 15:00,12621.0,-0.015848214285714146,-0.5848399246704324,41516.007532956755,132532.95668549906,-0.686749555950266
88.4,91.41,94.35,88.19,20776.0,189801840.0,2021,9,3,15,0,2021-09-03 15:00,20776.0,0.03662962122930358,-0.5696327683615812,43036.72316384188,132532.95668549906,-0.675275310834813
90.89,91.6,93.22,90.01,17111.0,157089392.0,2021,9,6,15,0,2021-09-06 15:00,17111.0,0.0020785472049009712,-0.5687382297551782,43126.17702448218,132532.95668549906,-0.6746003552397863
91.32,90.64,92.3,90.04,14536.0,131912024.0,2021,9,7,15,0,2021-09-07 15:00,14536.0,-0.010480349344978102,-0.5732580037664776,42674.19962335224,132532.95668549906,-0.6780106571936051
90.65,92.61,92.96,90.48,17232.0,158473088.0,2021,9,8,15,0,2021-09-08 15:00,17232.0,0.021734333627537517,-0.5639830508474569,43601.69491525431,132532.95668549906,-0.6710124333925395
92.55,90.3,92.55,90.18,14064.0,127866800.0,2021,9,9,15,0,2021-09-09 15:00,14064.0,-0.024943310657596363,-0.5748587570621462,42514.12429378538,132532.95668549906,-0.679218472468916
90.3,91.74,92.69,89.51,20270.0,185152144.0,2021,9,10,15,0,2021-09-10 15:00,20270.0,0.015946843853820614,-0.568079096045197,43192.0903954803,132532.95668549906,-0.6741030195381876
91.5,89.62,91.5,89.35,15098.0,135913168.0,2021,9,13,15,0,2021-09-13 15:00,15098.0,-0.023108785698713663,-0.5780602636534833,42193.97363465167,132532.95668549906,-0.6816341030195376
89.6,88.5,90.36,88.36,13118.0,117231600.0,2021,9,14,15,0,2021-09-14 15:00,13118.0,-0.01249721044409735,-0.5833333333333326,41666.666666666744,132532.95668549906,-0.6856127886323262
88.31,86.16,89.03,85.81,18888.0,163894400.0,2021,9,15,15,0,2021-09-15 15:00,18888.0,-0.026440677966101722,-0.5943502824858751,40564.97175141249,132532.95668549906,-0.6939253996447597
86.2,85.06,86.88,85.02,12858.0,110162936.0,2021,9,16,15,0,2021-09-16 15:00,12858.0,-0.012766945218198655,-0.5995291902071556,40047.080979284445,132532.95668549906,-0.697833037300177
85.8,85.88,86.14,84.63,12023.0,102704144.0,2021,9,17,15,0,2021-09-17 15:00,12023.0,0.009640253938396404,-0.5956685499058374,40433.14500941626,132532.95668549906,-0.6949200710479569
84.77,82.83,84.92,82.35,17575.0,146705776.0,2021,9,22,15,0,2021-09-22 15:00,17575.0,-0.035514671634839234,-0.6100282485875699,38997.17514124301,132532.95668549906,-0.7057548845470688
82.68,83.4,84.45,82.36,11369.0,95224456.0,2021,9,23,15,0,2021-09-23 15:00,11369.0,0.006881564650488947,-0.6073446327683609,39265.53672316391,132532.95668549906,-0.7037300177619888
83.45,81.99,84.3,81.87,12249.0,101552248.0,2021,9,24,15,0,2021-09-24 15:00,12249.0,-0.01690647482014407,-0.6139830508474571,38601.694915254295,132532.95668549906,-0.7087388987566603
82.64,79.71,83.5,79.3,17794.0,143727696.0,2021,9,27,15,0,2021-09-27 15:00,17794.0,-0.027808269301134336,-0.6247175141242932,37528.24858757068,132532.95668549906,-0.71683836589698
79.91,80.13,81.75,78.82,11793.0,94785504.0,2021,9,28,15,0,2021-09-28 15:00,11793.0,0.005269100489273537,-0.6227401129943497,37725.98870056503,132532.95668549906,-0.7153463587921842
79.52,78.15,80.0,77.88,14957.0,117934272.0,2021,9,29,15,0,2021-09-29 15:00,14957.0,-0.024709846499438304,-0.6320621468926548,36793.785310734514,132532.95668549906,-0.7223801065719356
78.79,79.62,80.6,78.19,11384.0,90722720.0,2021,9,30,15,0,2021-09-30 15:00,11384.0,0.018809980806141935,-0.6251412429378526,37485.87570621474,132532.95668549906,-0.7171580817051505
79.5,81.47,82.77,79.5,11767.0,95694024.0,2021,10,8,15,0,2021-10-08 15:00,11767.0,0.02323536799799042,-0.6164312617702443,38356.87382297557,132532.95668549906,-0.7105861456483122
81.99,82.0,82.37,81.21,8898.0,72830848.0,2021,10,11,15,0,2021-10-11 15:00,8898.0,0.006505462133300721,-0.6139359698681727,38606.40301318273,132532.95668549906,-0.7087033747779747
81.1,79.71,81.81,78.79,12740.0,101726008.0,2021,10,12,15,0,2021-10-12 15:00,12740.0,-0.027926829268292708,-0.6247175141242932,37528.24858757068,132532.95668549906,-0.71683836589698
79.9,80.35,82.13,79.5,15580.0,125525304.0,2021,10,13,15,0,2021-10-13 15:00,15580.0,0.008029105507464607,-0.6217043314500936,37829.56685499064,132532.95668549906,-0.7145648312611008
79.65,79.13,80.2,79.03,11460.0,90896320.0,2021,10,14,15,0,2021-10-14 15:00,11460.0,-0.015183571873055413,-0.6274482109227866,37255.17890772134,132532.95668549906,-0.7188987566607457
79.14,79.75,80.7,78.54,13407.0,106842752.0,2021,10,15,15,0,2021-10-15 15:00,13407.0,0.007835207885757756,-0.6245291902071557,37547.08097928443,132532.95668549906,-0.7166962699822376
79.75,77.25,79.75,76.5,20127.0,155715184.0,2021,10,18,15,0,2021-10-18 15:00,20127.0,-0.031347962382445194,-0.636299435028248,36370.056497175196,132532.95668549906,-0.7255772646536408
77.18,76.95,77.68,76.31,13195.0,101624688.0,2021,10,19,15,0,2021-10-19 15:00,13195.0,-0.003883495145631022,-0.637711864406779,36228.8135593221,132532.95668549906,-0.7266429840142091
77.4,77.43,78.75,77.11,16347.0,127425720.0,2021,10,20,15,0,2021-10-20 15:00,16347.0,0.006237816764132598,-0.6354519774011294,36454.80225988707,132532.95668549906,-0.7249378330372996
77.3,75.61,77.47,75.51,18295.0,139540416.0,2021,10,21,15,0,2021-10-21 15:00,18295.0,-0.023505101381893434,-0.6440207156308846,35597.92843691154,132532.95668549906,-0.7314031971580812
76.46,75.78,76.93,75.61,16237.0,123859896.0,2021,10,22,15,0,2021-10-22 15:00,16237.0,0.0022483798439361102,-0.6432203389830502,35677.96610169498,132532.95668549906,-0.7307992895204257
75.45,76.1,76.23,73.88,17640.0,132053200.0,2021,10,25,15,0,2021-10-25 15:00,17640.0,0.004222750065980385,-0.6417137476459505,35828.62523540496,132532.95668549906,-0.7296625222024862
76.0,79.02,81.18,75.72,39894.0,317375712.0,2021,10,26,15,0,2021-10-26 15:00,39894.0,0.03837056504599223,-0.6279661016949145,37203.389830508546,132532.95668549906,-0.7192895204262872
78.2,74.97,79.59,74.35,26541.0,201839328.0,2021,10,27,15,0,2021-10-27 15:00,26541.0,-0.05125284738041003,-0.6470338983050841,35296.61016949159,132532.95668549906,-0.7336767317939604
74.79,74.33,76.33,73.9,13747.0,103186040.0,2021,10,28,15,0,2021-10-28 15:00,13747.0,-0.008536748032546337,-0.6500470809792838,34995.29190207162,132532.95668549906,-0.7359502664298397
74.42,76.61,77.89,74.34,19383.0,148050384.0,2021,10,29,15,0,2021-10-29 15:00,19383.0,0.030674021256558603,-0.6393126177024475,36068.73822975525,132532.95668549906,-0.7278507992895199
76.0,79.88,80.2,74.87,25363.0,198817920.0,2021,11,1,15,0,2021-11-01 15:00,25363.0,0.04268372275159904,-0.6239171374764588,37608.28625235412,132532.95668549906,-0.7162344582593244
79.86,78.75,81.0,78.15,19440.0,154713776.0,2021,11,2,15,0,2021-11-02 15:00,19440.0,-0.014146219328993404,-0.6292372881355925,37076.27118644075,132532.95668549906,-0.7202486678507988
78.61,78.81,80.48,78.21,14065.0,111343664.0,2021,11,3,15,0,2021-11-03 15:00,14065.0,0.0007619047619047414,-0.6289548022598863,37104.519774011365,132532.95668549906,-0.7200355239786851
83.0,84.38,86.88,81.7,52337.0,444335840.0,2021,11,4,15,0,2021-11-04 15:00,52337.0,0.07067631011292974,-0.6027306967984927,39726.930320150735,132532.95668549906,-0.7002486678507986
85.89,85.1,90.9,84.59,78345.0,685203520.0,2021,11,5,15,0,2021-11-05 15:00,78345.0,0.008532827684285316,-0.599340866290018,40065.9133709982,132532.95668549906,-0.6976909413854345
83.98,81.89,84.67,81.63,33030.0,272172512.0,2021,11,8,15,0,2021-11-08 15:00,33030.0,-0.03772032902467681,-0.6144538606403005,38554.61393596995,132532.95668549906,-0.7090941385435163
81.5,85.0,86.5,81.35,31017.0,262039248.0,2021,11,9,15,0,2021-11-09 15:00,31017.0,0.037977775064110375,-0.5998116760828618,40018.83239171382,132532.95668549906,-0.6980461811722908
84.51,83.95,86.0,82.97,22514.0,189658976.0,2021,11,10,15,0,2021-11-10 15:00,22514.0,-0.012352941176470567,-0.6047551789077206,39524.482109227945,132532.95668549906,-0.7017761989342801
83.98,84.22,85.65,82.77,27458.0,231121312.0,2021,11,11,15,0,2021-11-11 15:00,27458.0,0.0032162001191184952,-0.6034839924670425,39651.600753295745,132532.95668549906,-0.7008170515097685
85.5,85.67,88.7,84.5,35007.0,301867168.0,2021,11,12,15,0,2021-11-12 15:00,35007.0,0.017216813108525297,-0.596657250470809,40334.274952919106,132532.95668549906,-0.6956660746003546
85.68,86.4,88.13,85.56,25037.0,217359712.0,2021,11,15,15,0,2021-11-15 15:00,25037.0,0.008521069219096677,-0.5932203389830499,40677.966101695005,132532.95668549906,-0.6930728241563049
86.1,82.96,86.7,82.85,23345.0,196503648.0,2021,11,16,15,0,2021-11-16 15:00,23345.0,-0.03981481481481497,-0.6094161958568731,39058.38041431269,132532.95668549906,-0.7052930728241558
82.7,83.02,84.09,82.62,14378.0,119733616.0,2021,11,17,15,0,2021-11-17 15:00,14378.0,0.0007232401157184487,-0.6091337099811669,39086.62900188331,132532.95668549906,-0.7050799289520421
83.98,83.2,85.77,82.8,22492.0,188424640.0,2021,11,18,15,0,2021-11-18 15:00,22492.0,0.0021681522524694685,-0.6082862523540481,39171.37476459519,132532.95668549906,-0.704440497335701
83.35,83.75,84.74,82.5,17857.0,148973312.0,2021,11,19,15,0,2021-11-19 15:00,17857.0,0.006610576923076872,-0.6056967984934079,39430.320150659216,132532.95668549906,-0.7024866785079923
83.61,86.67,86.83,83.02,29334.0,250700800.0,2021,11,22,15,0,2021-11-22 15:00,29334.0,0.034865671641790996,-0.591949152542372,40805.0847457628,132532.95668549906,-0.6921136767317934
85.99,85.98,87.27,85.5,20776.0,179110720.0,2021,11,23,15,0,2021-11-23 15:00,20776.0,-0.007961232260297657,-0.5951977401129935,40480.225988700644,132532.95668549906,-0.6945648312611007
85.7,95.54,95.81,85.41,97472.0,896049920.0,2021,11,24,15,0,2021-11-24 15:00,97472.0,0.11118864852291233,-0.5501883239171366,44981.16760828634,132532.95668549906,-0.6606039076376548
95.0,100.94,103.58,94.1,113968.0,1142696704.0,2021,11,25,15,0,2021-11-25 15:00,113968.0,0.056520828972158155,-0.5247645951035772,47523.54048964228,132532.95668549906,-0.6414209591474238
99.49,97.58,102.0,97.55,53938.0,533663456.0,2021,11,26,15,0,2021-11-26 15:00,53938.0,-0.03328710124826628,-0.5405838041431252,45941.61958568748,132532.95668549906,-0.6533570159857898
96.61,95.6,96.8,93.66,42782.0,407775968.0,2021,11,29,15,0,2021-11-29 15:00,42782.0,-0.020291043246566942,-0.5499058380414303,45009.41619585697,132532.95668549906,-0.6603907637655411
96.65,96.6,100.5,96.6,56734.0,556422656.0,2021,11,30,15,0,2021-11-30 15:00,56734.0,0.010460251046025215,-0.5451977401129934,45480.225988700666,132532.95668549906,-0.6568383658969797
98.33,94.8,99.1,94.49,43774.0,420481376.0,2021,12,1,15,0,2021-12-01 15:00,43774.0,-0.01863354037267073,-0.5536723163841798,44632.76836158202,132532.95668549906,-0.6632326820603901
94.46,90.99,95.58,90.8,38013.0,351487712.0,2021,12,2,15,0,2021-12-02 15:00,38013.0,-0.04018987341772151,-0.5716101694915245,42838.98305084754,132532.95668549906,-0.6767673179396085
90.97,94.03,95.97,90.61,37664.0,350494528.0,2021,12,3,15,0,2021-12-03 15:00,37664.0,0.0334102648642709,-0.5572975517890761,44270.24482109238,132532.95668549906,-0.6659680284191822
93.65,91.2,93.95,91.02,22357.0,206035168.0,2021,12,6,15,0,2021-12-06 15:00,22357.0,-0.03009677762416252,-0.5706214689265527,42937.85310734472,132532.95668549906,-0.6760213143872107
91.2,91.78,92.4,89.4,25166.0,227778320.0,2021,12,7,15,0,2021-12-07 15:00,25166.0,0.006359649122807065,-0.5678907721280593,43210.922787194075,132532.95668549906,-0.673960923623445
92.26,97.0,97.1,92.26,41101.0,390187968.0,2021,12,8,15,0,2021-12-08 15:00,41101.0,0.05687513619524953,-0.5433145009416185,45668.549905838154,132532.95668549906,-0.6554174067495551
96.34,97.01,98.25,95.49,35631.0,345953408.0,2021,12,9,15,0,2021-12-09 15:00,35631.0,0.0001030927835052875,-0.5432674199623342,45673.25800376658,132532.95668549906,-0.6553818827708695
97.0,102.0,102.68,96.5,77570.0,780317440.0,2021,12,10,15,0,2021-12-10 15:00,77570.0,0.05143799608287791,-0.519774011299434,48022.5988700566,132532.95668549906,-0.6376554174067488
102.0,105.87,106.7,101.01,68019.0,712656960.0,2021,12,13,15,0,2021-12-13 15:00,68019.0,0.03794117647058837,-0.5015536723163829,49844.632768361706,132532.95668549906,-0.6239076376554165
105.87,98.9,105.97,98.82,55958.0,565598400.0,2021,12,14,15,0,2021-12-14 15:00,55958.0,-0.06583545858127893,-0.5343691148775883,46563.08851224117,132532.95668549906,-0.6486678507992887
99.5,96.5,100.0,96.28,33332.0,325383008.0,2021,12,15,15,0,2021-12-15 15:00,33332.0,-0.02426693629929222,-0.5456685499058369,45433.14500941631,132532.95668549906,-0.6571936056838358
97.88,97.0,98.46,96.11,25598.0,248993888.0,2021,12,16,15,0,2021-12-16 15:00,25598.0,0.005181347150259086,-0.5433145009416185,45668.549905838154,132532.95668549906,-0.6554174067495551
96.6,93.76,96.8,93.56,29060.0,274431072.0,2021,12,17,15,0,2021-12-17 15:00,29060.0,-0.03340206185567007,-0.5585687382297541,44143.12617702459,132532.95668549906,-0.6669271758436937
93.0,89.68,94.7,89.35,37294.0,339268768.0,2021,12,20,15,0,2021-12-20 15:00,37294.0,-0.04351535836177467,-0.5777777777777766,42222.222222222335,132532.95668549906,-0.6814209591474236
90.1,91.0,91.43,89.7,18551.0,168302688.0,2021,12,21,15,0,2021-12-21 15:00,18551.0,0.014719000892060574,-0.57156308851224,42843.691148776,132532.95668549906,-0.6767317939609228
91.1,90.71,91.35,90.01,18033.0,163895744.0,2021,12,22,15,0,2021-12-22 15:00,18033.0,-0.003186813186813242,-0.5729284369114866,42707.156308851336,132532.95668549906,-0.6777619893428055
90.02,88.89,90.69,88.5,20587.0,183435728.0,2021,12,23,15,0,2021-12-23 15:00,20587.0,-0.02006394002866274,-0.5814971751412419,41850.28248587581,132532.95668549906,-0.6842273534635871
89.2,91.06,91.7,88.3,23410.0,210847072.0,2021,12,24,15,0,2021-12-24 15:00,23410.0,0.024412194847564406,-0.5712806026365338,42871.93973634662,132532.95668549906,-0.6765186500888091
90.77,91.39,92.22,89.45,15951.0,144945824.0,2021,12,27,15,0,2021-12-27 15:00,15951.0,0.0036239841862508726,-0.5697269303201495,43027.306967985045,132532.95668549906,-0.6753463587921839
91.49,92.1,92.65,89.99,15453.0,141919152.0,2021,12,28,15,0,2021-12-28 15:00,15453.0,0.007768902505744579,-0.5663841807909593,43361.58192090407,132532.95668549906,-0.6728241563055053
91.1,89.97,91.68,89.82,11593.0,104560288.0,2021,12,29,15,0,2021-12-29 15:00,11593.0,-0.023127035830618814,-0.57641242937853,42358.757062147,132532.95668549906,-0.680390763765541
89.88,92.0,92.5,89.58,21282.0,193792288.0,2021,12,30,15,0,2021-12-30 15:00,21282.0,0.022563076581082697,-0.566854990583803,43314.500941619706,132532.95668549906,-0.6731793960923613
91.57,95.1,96.6,91.57,28565.0,270323776.0,2021,12,31,15,0,2021-12-31 15:00,28565.0,0.033695652173912904,-0.5522598870056485,44774.011299435144,132532.95668549906,-0.6621669626998216
102.0,98.58,105.5,98.15,69344.0,704829824.0,2022,1,4,15,0,2022-01-04 15:00,69344.0,0.036593059936908645,-0.5358757062146879,46412.429378531204,132532.95668549906,-0.6498046181172281
97.0,97.3,99.44,95.13,29375.0,285071072.0,2022,1,5,15,0,2022-01-05 15:00,29375.0,-0.012984378170014188,-0.5419020715630872,45809.79284369128,132532.95668549906,-0.6543516873889866
96.95,94.3,96.95,93.6,21750.0,206732816.0,2022,1,6,15,0,2022-01-06 15:00,21750.0,-0.03083247687564239,-0.556026365348398,44397.3634651602,132532.95668549906,-0.6650088809946705
95.57,91.06,97.38,90.9,30394.0,284794272.0,2022,1,7,15,0,2022-01-07 15:00,30394.0,-0.0343584305408271,-0.5712806026365336,42871.93973634664,132532.95668549906,-0.676518650088809
90.98,91.24,92.15,89.01,15493.0,140573232.0,2022,1,10,15,0,2022-01-10 15:00,15493.0,0.0019767186470458498,-0.570433145009415,42956.6854990585,132532.95668549906,-0.675879218472468
90.06,91.4,92.45,90.06,12512.0,114452944.0,2022,1,11,15,0,2022-01-11 15:00,12512.0,0.0017536168347216385,-0.569679849340865,43032.015065913496,132532.95668549906,-0.6753108348134982
91.43,92.18,92.5,90.82,10171.0,93253520.0,2022,1,12,15,0,2022-01-12 15:00,10171.0,0.008533916849015277,-0.5660075329566843,43399.24670433157,132532.95668549906,-0.6725399644760204
92.78,93.1,95.66,91.99,20880.0,196688768.0,2022,1,13,15,0,2022-01-13 15:00,20880.0,0.009980472987632716,-0.5616760828625224,43832.39171374776,132532.95668549906,-0.6692717584369441
92.0,90.55,94.46,89.86,22646.0,207970640.0,2022,1,14,15,0,2022-01-14 15:00,22646.0,-0.027389903329752885,-0.5736817325800365,42631.826741996345,132532.95668549906,-0.6783303730017755
90.55,90.83,91.75,89.89,20547.0,186454080.0,2022,1,17,15,0,2022-01-17 15:00,20547.0,0.0030922142462728175,-0.5723634651600741,42763.653483992595,132532.95668549906,-0.6773357015985781
90.37,92.34,94.88,90.08,20674.0,192153520.0,2022,1,18,15,0,2022-01-18 15:00,20674.0,0.016624463283056334,-0.5652542372881343,43474.57627118657,132532.95668549906,-0.6719715808170506
92.04,90.44,92.5,89.13,20486.0,184573664.0,2022,1,19,15,0,2022-01-19 15:00,20486.0,-0.020576131687242816,-0.5741996233521645,42580.03766478355,132532.95668549906,-0.678721136767317
90.46,90.35,91.96,89.79,14677.0,133334744.0,2022,1,20,15,0,2022-01-20 15:00,14677.0,-0.0009951348960637318,-0.5746233521657238,42537.66478342762,132532.95668549906,-0.6790408525754875
90.0,87.26,90.0,86.28,20372.0,178721312.0,2022,1,21,15,0,2022-01-21 15:00,20372.0,-0.03420033204205852,-0.5891713747645939,41082.86252354061,132532.95668549906,-0.690017761989342
86.41,83.88,86.47,83.52,22389.0,189225168.0,2022,1,24,15,0,2022-01-24 15:00,22389.0,-0.03873481549392632,-0.6050847457627107,39491.525423728934,132532.95668549906,-0.702024866785079
83.88,82.81,84.6,81.73,18887.0,156316464.0,2022,1,25,15,0,2022-01-25 15:00,18887.0,-0.012756318550309897,-0.6101224105461382,38987.75894538617,132532.95668549906,-0.7058259325044397
82.82,83.51,84.07,82.25,8917.0,74238168.0,2022,1,26,15,0,2022-01-26 15:00,8917.0,0.008453085376162406,-0.6068267419962323,39317.32580037677,132532.95668549906,-0.7033392539964467
84.0,81.02,84.0,81.02,16277.0,133511952.0,2022,1,27,15,0,2022-01-27 15:00,16277.0,-0.029816788408573935,-0.6185499058380404,38145.009416195964,132532.95668549906,-0.7121847246891643
81.99,78.78,82.3,78.68,14869.0,119672624.0,2022,1,28,15,0,2022-01-28 15:00,14869.0,-0.027647494445815823,-0.629096045197739,37090.3954802261,132532.95668549906,-0.7201420959147417
80.0,77.84,80.3,77.3,15096.0,118544288.0,2022,2,7,15,0,2022-02-07 15:00,15096.0,-0.011931962427011888,-0.6335216572504697,36647.83427495303,132532.95668549906,-0.7234813499111892
77.19,78.53,79.5,77.19,14060.0,110547664.0,2022,2,8,15,0,2022-02-08 15:00,14060.0,0.008864337101747166,-0.6302730696798482,36972.69303201518,132532.95668549906,-0.721030195381882
78.48,79.05,80.35,78.48,12176.0,96439976.0,2022,2,9,15,0,2022-02-09 15:00,12176.0,0.006621673245893245,-0.6278248587570611,37217.51412429389,132532.95668549906,-0.71918294849023
78.53,78.92,79.48,78.53,10032.0,79214368.0,2022,2,10,15,0,2022-02-10 15:00,10032.0,-0.0016445287792535845,-0.6284369114877578,37156.30885122422,132532.95668549906,-0.7196447602131429
78.03,77.66,78.91,77.3,7952.0,62028780.0,2022,2,11,15,0,2022-02-11 15:00,7952.0,-0.015965534718702545,-0.6343691148775883,36563.08851224117,132532.95668549906,-0.7241207815275302
76.61,76.76,77.6,75.32,10025.0,76574504.0,2022,2,14,15,0,2022-02-14 15:00,10025.0,-0.011588977594643168,-0.6386064030131815,36139.35969868185,132532.95668549906,-0.7273179396092353
77.45,78.25,79.34,77.4,12166.0,95665968.0,2022,2,15,15,0,2022-02-15 15:00,12166.0,0.019411151641479885,-0.6315913370998105,36840.866290018945,132532.95668549906,-0.722024866785079
79.92,79.9,80.88,78.25,12455.0,99088216.0,2022,2,16,15,0,2022-02-16 15:00,12455.0,0.021086261980830745,-0.6238229755178896,37617.70244821104,132532.95668549906,-0.7161634103019529
80.0,79.4,80.7,78.91,12530.0,99888144.0,2022,2,17,15,0,2022-02-17 15:00,12530.0,-0.006257822277847325,-0.6261770244821081,37382.29755178919,132532.95668549906,-0.7179396092362336
79.05,81.36,83.3,79.05,17729.0,144181184.0,2022,2,18,15,0,2022-02-18 15:00,17729.0,0.02468513853904275,-0.6169491525423717,38305.084745762826,132532.95668549906,-0.7109769094138535
82.92,84.05,85.8,82.1,28478.0,239331440.0,2022,2,21,15,0,2022-02-21 15:00,28478.0,0.033062930186823936,-0.6042843691148764,39571.56308851236,132532.95668549906,-0.7014209591474235
83.23,83.79,85.07,81.8,17991.0,150011024.0,2022,2,22,15,0,2022-02-22 15:00,17991.0,-0.0030933967876263235,-0.60550847457627,39449.152542373,132532.95668549906,-0.7023445825932496
80.43,81.45,81.76,78.89,31095.0,250383328.0,2022,2,23,15,0,2022-02-23 15:00,31095.0,-0.027926960257787403,-0.6165254237288124,38347.45762711876,132532.95668549906,-0.7106571936056829
80.95,78.0,81.39,77.35,23653.0,187211664.0,2022,2,24,15,0,2022-02-24 15:00,23653.0,-0.0423572744014733,-0.6327683615819197,36723.163841808026,132532.95668549906,-0.7229129662522193
79.0,80.49,83.38,78.5,21718.0,176296432.0,2022,2,25,15,0,2022-02-25 15:00,21718.0,0.03192307692307694,-0.6210451977401118,37895.48022598882,132532.95668549906,-0.7140674955595019
80.28,79.54,81.3,79.3,11451.0,91399672.0,2022,2,28,15,0,2022-02-28 15:00,11451.0,-0.011802708410982632,-0.6255178907721268,37448.210922787315,132532.95668549906,-0.717442273534635
79.41,78.61,80.9,77.78,11863.0,93624448.0,2022,3,1,15,0,2022-03-01 15:00,11863.0,-0.011692230324365172,-0.6298964218455732,37010.35781544269,132532.95668549906,-0.7207460035523968
78.61,78.61,78.7,77.36,10913.0,85233016.0,2022,3,2,15,0,2022-03-02 15:00,10913.0,0.0,-0.6298964218455732,37010.35781544269,132532.95668549906,-0.7207460035523968
78.85,79.79,79.79,77.68,13796.0,108777264.0,2022,3,3,15,0,2022-03-03 15:00,13796.0,0.015010812873680335,-0.6243408662900176,37565.91337099824,132532.95668549906,-0.7165541740674947
78.71,85.96,87.5,78.68,55942.0,476040800.0,2022,3,4,15,0,2022-03-04 15:00,55942.0,0.07732798596315305,-0.5952919020715618,40470.80979284382,132532.95668549906,-0.6946358792184715
85.96,85.17,87.5,83.86,32391.0,278051936.0,2022,3,7,15,0,2022-03-07 15:00,32391.0,-0.00919032107957185,-0.599011299435027,40098.870056497304,132532.95668549906,-0.6974422735346348
84.86,86.47,88.49,83.0,36451.0,313487520.0,2022,3,8,15,0,2022-03-08 15:00,36451.0,0.015263590466126464,-0.592890772128059,40710.922787194104,132532.95668549906,-0.6928241563055052
85.5,83.75,87.5,81.0,28912.0,241844800.0,2022,3,9,15,0,2022-03-09 15:00,28912.0,-0.03145599629929452,-0.6056967984934074,39430.32015065926,132532.95668549906,-0.702486678507992
84.4,82.63,86.0,82.44,20262.0,169913744.0,2022,3,10,15,0,2022-03-10 15:00,20262.0,-0.013373134328358294,-0.6109698681732569,38903.01318267431,132532.95668549906,-0.7064653641207808
81.3,84.16,84.22,79.52,19017.0,156602272.0,2022,3,11,15,0,2022-03-11 15:00,19017.0,0.018516277381096513,-0.6037664783427483,39623.35216572517,132532.95668549906,-0.7010301953818818
83.11,80.89,84.0,80.8,12385.0,101547976.0,2022,3,14,15,0,2022-03-14 15:00,12385.0,-0.03885456273764254,-0.6191619585687371,38083.80414312629,132532.95668549906,-0.7126465364120772
78.5,66.02,78.5,64.98,70702.0,498204992.0,2022,3,15,15,0,2022-03-15 15:00,70702.0,-0.18382989244653236,-0.6891713747645942,31082.862523540578,132532.95668549906,-0.7654706927175837
66.12,65.01,67.49,62.17,39696.0,255598592.0,2022,3,16,15,0,2022-03-16 15:00,39696.0,-0.015298394425931394,-0.6939265536723155,30607.34463276845,132532.95668549906,-0.7690586145648306
66.25,65.97,69.48,65.5,33391.0,224403632.0,2022,3,17,15,0,2022-03-17 15:00,33391.0,0.01476695892939528,-0.6894067796610162,31059.322033898385,132532.95668549906,-0.7656483126110118
65.52,66.25,67.0,64.7,19098.0,125433032.0,2022,3,18,15,0,2022-03-18 15:00,19098.0,0.004244353494012421,-0.6880885122410538,31191.148775894617,132532.95668549906,-0.7646536412078146
66.4,65.0,66.58,64.65,24664.0,161233680.0,2022,3,21,15,0,2022-03-21 15:00,24664.0,-0.018867924528301883,-0.6939736346515999,30602.63653484001,132532.95668549906,-0.7690941385435162
65.2,64.84,65.85,64.24,17039.0,110835872.0,2022,3,22,15,0,2022-03-22 15:00,17039.0,-0.002461538461538404,-0.6947269303201498,30527.306967985023,132532.95668549906,-0.769662522202486
65.33,65.03,65.57,64.43,12603.0,82076552.0,2022,3,23,15,0,2022-03-23 15:00,12603.0,0.002930289944478748,-0.6938323917137468,30616.760828625323,132532.95668549906,-0.7689875666074594
64.82,63.35,65.1,63.35,14334.0,91499504.0,2022,3,24,15,0,2022-03-24 15:00,14334.0,-0.0258342303552207,-0.7017419962335207,29825.800376647927,132532.95668549906,-0.7749555950266424
63.33,63.68,67.07,63.33,21622.0,140629200.0,2022,3,25,15,0,2022-03-25 15:00,21622.0,0.0052091554853985755,-0.7001883239171366,29981.16760828634,132532.95668549906,-0.7737833037300171
62.9,63.9,64.82,62.28,15119.0,96417128.0,2022,3,28,15,0,2022-03-28 15:00,15119.0,0.0034547738693466723,-0.6991525423728805,30084.74576271195,132532.95668549906,-0.7730017761989336
64.0,63.16,64.33,62.39,14050.0,88606432.0,2022,3,29,15,0,2022-03-29 15:00,14050.0,-0.011580594679186262,-0.7026365348399238,29736.346516007616,132532.95668549906,-0.775630550621669
63.3,63.3,63.97,62.7,11904.0,75429120.0,2022,3,30,15,0,2022-03-30 15:00,11904.0,0.002216592780240667,-0.7019774011299427,29802.259887005734,132532.95668549906,-0.7751332149200705
63.2,63.7,64.83,63.02,19414.0,123939120.0,2022,3,31,15,0,2022-03-31 15:00,19414.0,0.006319115323854652,-0.7000941619585679,29990.58380414321,132532.95668549906,-0.7737122557726459
63.2,62.63,63.48,62.51,16734.0,105147864.0,2022,4,1,15,0,2022-04-01 15:00,16734.0,-0.016797488226059643,-0.7051318267419954,29486.817325800464,132532.95668549906,-0.7775133214920064
62.7,62.75,63.5,62.21,12820.0,80592040.0,2022,4,6,15,0,2022-04-06 15:00,12820.0,0.0019160146894459107,-0.704566854990583,29543.3145009417,132532.95668549906,-0.7770870337477792
62.75,60.52,63.26,60.52,18046.0,111024992.0,2022,4,7,15,0,2022-04-07 15:00,18046.0,-0.03553784860557763,-0.7150659133709973,28493.408662900267,132532.95668549906,-0.7850088809946708
60.8,59.76,60.83,58.02,19449.0,115334096.0,2022,4,8,15,0,2022-04-08 15:00,19449.0,-0.012557832121612766,-0.7186440677966094,28135.593220339062,132532.95668549906,-0.7877087033747773
60.78,58.51,60.79,58.0,18019.0,106364808.0,2022,4,11,15,0,2022-04-11 15:00,18019.0,-0.020917001338688124,-0.7245291902071556,27547.080979284445,132532.95668549906,-0.7921492007104789
58.3,59.06,59.36,57.4,14889.0,86948304.0,2022,4,12,15,0,2022-04-12 15:00,14889.0,0.009400102546573308,-0.7219397363465152,27806.02636534848,132532.95668549906,-0.7901953818827702
59.0,59.04,61.1,58.12,14777.0,88015952.0,2022,4,13,15,0,2022-04-13 15:00,14777.0,-0.0003386386725364732,-0.722033898305084,27796.6101694916,132532.95668549906,-0.7902664298401415
59.24,58.85,59.85,57.8,15021.0,88097784.0,2022,4,14,15,0,2022-04-14 15:00,15021.0,-0.0032181571815718124,-0.722928436911487,27707.1563088513,132532.95668549906,-0.7909413854351682
58.08,56.26,58.42,56.01,22197.0,126561224.0,2022,4,15,15,0,2022-04-15 15:00,22197.0,-0.044010195412064634,-0.7351224105461387,26487.75894538613,132532.95668549906,-0.800142095914742
56.0,60.09,60.66,55.73,30077.0,177821616.0,2022,4,18,15,0,2022-04-18 15:00,30077.0,0.06807678634909364,-0.7170903954802252,28290.960451977477,132532.95668549906,-0.7865364120781522
59.52,60.16,60.5,59.0,16412.0,97777288.0,2022,4,19,15,0,2022-04-19 15:00,16412.0,0.001164919287734989,-0.7167608286252346,28323.91713747654,132532.95668549906,-0.7862877442273528
59.88,59.24,62.22,59.23,16283.0,98897168.0,2022,4,20,15,0,2022-04-20 15:00,16283.0,-0.015292553191489255,-0.7210922787193965,27890.772128060347,132532.95668549906,-0.7895559502664292
57.28,57.0,59.0,56.84,17588.0,101421528.0,2022,4,21,15,0,2022-04-21 15:00,17588.0,-0.03781228899392308,-0.7316384180790952,26836.158192090475,132532.95668549906,-0.7975133214920065
56.59,55.55,57.94,55.52,13820.0,77917360.0,2022,4,22,15,0,2022-04-22 15:00,13820.0,-0.02543859649122815,-0.7384651600753288,26153.483992467118,132532.95668549906,-0.8026642984014204
55.2,50.0,55.2,50.0,26103.0,135984720.0,2022,4,25,15,0,2022-04-25 15:00,26103.0,-0.09990999099909992,-0.7645951035781537,23540.489642184624,132532.95668549906,-0.8223801065719356
50.5,47.3,51.11,47.03,19901.0,97930896.0,2022,4,26,15,0,2022-04-26 15:00,19901.0,-0.05400000000000005,-0.7773069679849335,22269.303201506653,132532.95668549906,-0.831971580817051
46.98,49.88,50.1,46.59,22862.0,110140624.0,2022,4,27,15,0,2022-04-27 15:00,22862.0,0.054545454545454675,-0.7651600753295662,23483.99246704338,132532.95668549906,-0.8228063943161629
50.66,48.59,51.0,48.42,15866.0,78376592.0,2022,4,28,15,0,2022-04-28 15:00,15866.0,-0.025862068965517238,-0.7712335216572498,22876.64783427502,132532.95668549906,-0.827388987566607
49.5,51.86,52.2,48.83,18942.0,96317512.0,2022,4,29,15,0,2022-04-29 15:00,18942.0,0.06729779790080248,-0.7558380414312611,24416.195856873892,132532.95668549906,-0.8157726465364116
51.38,52.9,54.0,51.34,22621.0,118695328.0,2022,5,5,15,0,2022-05-05 15:00,22621.0,0.02005399151561904,-0.7509416195856866,24905.83804143134,132532.95668549906,-0.8120781527531077
51.51,52.02,53.98,51.1,15844.0,83374160.0,2022,5,6,15,0,2022-05-06 15:00,15844.0,-0.01663516068052917,-0.7550847457627111,24491.525423728886,132532.95668549906,-0.8152042628774417
51.8,53.01,53.51,51.58,10617.0,56256152.0,2022,5,9,15,0,2022-05-09 15:00,10617.0,0.01903114186851207,-0.7504237288135586,24957.627118644145,132532.95668549906,-0.811687388987566
52.12,53.48,54.35,52.05,14884.0,79652800.0,2022,5,10,15,0,2022-05-10 15:00,14884.0,0.008866251650631929,-0.7482109227871931,25178.907721280684,132532.95668549906,-0.8100177619893422
54.0,52.92,55.2,52.8,21983.0,119322136.0,2022,5,11,15,0,2022-05-11 15:00,21983.0,-0.010471204188481575,-0.7508474576271178,24915.25423728822,132532.95668549906,-0.8120071047957365
52.35,53.9,54.96,52.27,18016.0,97132600.0,2022,5,12,15,0,2022-05-12 15:00,18016.0,0.01851851851851838,-0.7462335216572498,25376.647834275023,132532.95668549906,-0.8085257548845466
54.5,52.89,54.5,52.86,13131.0,70020504.0,2022,5,13,15,0,2022-05-13 15:00,13131.0,-0.01873840445269015,-0.750988700564971,24901.129943502896,132532.95668549906,-0.8121136767317935
53.96,53.97,56.49,53.41,19683.0,107725568.0,2022,5,16,15,0,2022-05-16 15:00,19683.0,0.02041973908111161,-0.7459039548022591,25409.604519774086,132532.95668549906,-0.8082770870337472
53.11,54.28,54.76,53.1,13872.0,75069816.0,2022,5,17,15,0,2022-05-17 15:00,13872.0,0.005743931813970704,-0.7444444444444437,25555.55555555563,132532.95668549906,-0.8071758436944931
54.54,53.9,55.48,53.41,13875.0,75429936.0,2022,5,18,15,0,2022-05-18 15:00,13875.0,-0.007000736919675843,-0.7462335216572498,25376.647834275023,132532.95668549906,-0.8085257548845466
53.02,55.06,55.18,52.75,18294.0,99571904.0,2022,5,19,15,0,2022-05-19 15:00,18294.0,0.021521335807050068,-0.7407721280602629,25922.787193973705,132532.95668549906,-0.8044049733570154
54.73,55.3,55.99,54.44,15244.0,83994952.0,2022,5,20,15,0,2022-05-20 15:00,15244.0,0.004358881220486666,-0.7396421845574381,26035.781544256188,132532.95668549906,-0.8035523978685608
55.55,56.99,57.02,55.22,22374.0,126410560.0,2022,5,23,15,0,2022-05-23 15:00,22374.0,0.030560578661844584,-0.7316854990583797,26831.450094162035,132532.95668549906,-0.7975488454706922
56.53,53.04,56.98,52.98,24946.0,136976224.0,2022,5,24,15,0,2022-05-24 15:00,24946.0,-0.06931040533426924,-0.7502824858757056,24971.751412429443,132532.95668549906,-0.8115808170515093
53.05,53.72,54.98,52.86,14959.0,80271760.0,2022,5,25,15,0,2022-05-25 15:00,14959.0,0.012820512820512775,-0.7470809792843685,25291.902071563156,132532.95668549906,-0.8091651865008876
53.19,53.67,54.3,51.71,19288.0,102160576.0,2022,5,26,15,0,2022-05-26 15:00,19288.0,-0.0009307520476544706,-0.7473163841807903,25268.361581920974,132532.95668549906,-0.8093428063943157
54.03,53.0,54.48,52.68,14361.0,76578296.0,2022,5,27,15,0,2022-05-27 15:00,14361.0,-0.012483696664803423,-0.750470809792843,24952.9190207157,132532.95668549906,-0.8117229129662518
53.49,55.09,55.47,53.08,23353.0,127590496.0,2022,5,30,15,0,2022-05-30 15:00,23353.0,0.03943396226415108,-0.7406308851224098,25936.91148775902,132532.95668549906,-0.8042984014209585
55.32,56.6,57.83,54.2,26399.0,148341392.0,2022,5,31,15,0,2022-05-31 15:00,26399.0,0.027409693229261123,-0.7335216572504701,26647.834274952987,132532.95668549906,-0.7989342806394312
56.55,58.04,58.39,55.8,28274.0,162647888.0,2022,6,1,15,0,2022-06-01 15:00,28274.0,0.02544169611307412,-0.7267419962335209,27325.800376647912,132532.95668549906,-0.7938188277087028
57.89,61.86,63.99,57.08,53911.0,327409056.0,2022,6,2,15,0,2022-06-02 15:00,53911.0,0.06581667815299785,-0.7087570621468919,29124.293785310805,132532.95668549906,-0.7802486678507988
62.98,68.7,71.92,61.86,82129.0,544498624.0,2022,6,6,15,0,2022-06-06 15:00,82129.0,0.1105722599418042,-0.6765536723163833,32344.63276836167,132532.95668549906,-0.7559502664298394
68.3,69.28,71.07,67.21,47824.0,330294976.0,2022,6,7,15,0,2022-06-07 15:00,47824.0,0.008442503639010113,-0.6738229755178899,32617.702448211006,132532.95668549906,-0.753889875666074
69.28,67.75,69.5,65.95,38889.0,262437424.0,2022,6,8,15,0,2022-06-08 15:00,38889.0,-0.022084295612009308,-0.6810263653483983,31897.363465160168,132532.95668549906,-0.7593250444049727
67.06,64.1,67.86,63.69,36660.0,238944640.0,2022,6,9,15,0,2022-06-09 15:00,36660.0,-0.0538745387453875,-0.6982109227871931,30178.90772128069,132532.95668549906,-0.7722912966252213
64.0,64.51,64.74,63.02,54132.0,345540160.0,2022,6,10,15,0,2022-06-10 15:00,54132.0,0.006396255850234178,-0.696280602636534,30371.939736346598,132532.95668549906,-0.7708348134991113
63.9,64.0,65.58,63.02,42554.0,274067456.0,2022,6,13,15,0,2022-06-13 15:00,42554.0,-0.007905751046349496,-0.6986817325800367,30131.826741996327,132532.95668549906,-0.7726465364120775
63.15,63.31,63.88,60.79,29962.0,186127808.0,2022,6,14,15,0,2022-06-14 15:00,29962.0,-0.010781249999999964,-0.7019303201506583,29806.967984934174,132532.95668549906,-0.7750976909413847
63.61,62.52,65.24,62.52,33759.0,215703616.0,2022,6,15,15,0,2022-06-15 15:00,33759.0,-0.012478281472121266,-0.7056497175141234,29435.02824858766,132532.95668549906,-0.7779040852575482
63.48,64.1,64.93,62.9,22182.0,142093312.0,2022,6,16,15,0,2022-06-16 15:00,22182.0,0.025271912987843814,-0.6982109227871931,30178.90772128069,132532.95668549906,-0.7722912966252213
63.35,63.3,64.5,61.8,22194.0,139837120.0,2022,6,17,15,0,2022-06-17 15:00,22194.0,-0.012480499219968744,-0.7019774011299427,29802.259887005734,132532.95668549906,-0.7751332149200705
63.45,62.6,64.27,62.28,19351.0,121774240.0,2022,6,20,15,0,2022-06-20 15:00,19351.0,-0.011058451816745585,-0.7052730696798484,29472.693032015162,132532.95668549906,-0.7776198934280633
62.66,62.36,63.85,61.96,22190.0,139375120.0,2022,6,21,15,0,2022-06-21 15:00,22190.0,-0.003833865814696469,-0.7064030131826733,29359.698681732672,132532.95668549906,-0.778472468916518
62.99,61.06,63.04,61.01,21757.0,134524000.0,2022,6,22,15,0,2022-06-22 15:00,21757.0,-0.02084669660038485,-0.7125235404896413,28747.645951035873,132532.95668549906,-0.7830905861456476
61.2,64.3,64.55,61.07,31885.0,201433584.0,2022,6,23,15,0,2022-06-23 15:00,31885.0,0.05306256141500154,-0.6972693032015056,30273.06967984944,132532.95668549906,-0.771580817051509
64.29,66.3,67.51,63.84,35657.0,235108704.0,2022,6,24,15,0,2022-06-24 15:00,35657.0,0.031104199066874116,-0.6878531073446318,31214.68926553682,132532.95668549906,-0.7644760213143865
67.09,66.44,68.59,66.4,29208.0,196657424.0,2022,6,27,15,0,2022-06-27 15:00,29208.0,0.002111613876319751,-0.6871939736346506,31280.60263653494,132532.95668549906,-0.7639786856127879
66.34,67.0,67.43,65.25,22959.0,151890736.0,2022,6,28,15,0,2022-06-28 15:00,22959.0,0.008428657435280096,-0.684557438794726,31544.256120527403,132532.95668549906,-0.7619893428063936
67.0,65.86,68.1,65.82,27666.0,185193936.0,2022,6,29,15,0,2022-06-29 15:00,27666.0,-0.017014925373134315,-0.689924670433144,31007.5329566856,132532.95668549906,-0.7660390763765533
65.44,64.7,66.9,64.4,28592.0,186584064.0,2022,6,30,15,0,2022-06-30 15:00,28592.0,-0.01761311873671423,-0.6953860640301308,30461.39359698692,132532.95668549906,-0.7701598579040845
64.0,62.68,64.69,61.94,34314.0,216123296.0,2022,7,1,15,0,2022-07-01 15:00,34314.0,-0.031221020092735752,-0.7048964218455734,29510.357815442658,132532.95668549906,-0.7773357015985782
62.02,63.1,63.39,61.36,19899.0,124389920.0,2022,7,4,15,0,2022-07-04 15:00,19899.0,0.006700701978302526,-0.70291902071563,29708.097928437004,132532.95668549906,-0.7758436944937827
63.3,62.47,64.85,62.1,19426.0,122662928.0,2022,7,5,15,0,2022-07-05 15:00,19426.0,-0.009984152139461244,-0.7058851224105451,29411.487758945488,132532.95668549906,-0.7780817051509762
62.66,63.2,64.87,62.03,26667.0,169755312.0,2022,7,6,15,0,2022-07-06 15:00,26667.0,0.01168560909236449,-0.7024482109227862,29755.17890772138,132532.95668549906,-0.7754884547069264
63.3,61.66,63.77,61.65,19276.0,119776440.0,2022,7,7,15,0,2022-07-07 15:00,19276.0,-0.024367088607595067,-0.7096986817325791,29030.13182674209,132532.95668549906,-0.7809591474245109
61.6,63.66,65.2,61.57,24156.0,153854736.0,2022,7,8,15,0,2022-07-08 15:00,24156.0,0.032435939020434734,-0.7002824858757053,29971.751412429472,132532.95668549906,-0.7738543516873883
63.08,61.5,63.23,61.24,18476.0,114205440.0,2022,7,11,15,0,2022-07-11 15:00,18476.0,-0.03393025447690856,-0.710451977401129,28954.802259887103,132532.95668549906,-0.7815275310834806
61.7,60.2,61.84,60.11,16286.0,99017208.0,2022,7,12,15,0,2022-07-12 15:00,16286.0,-0.021138211382113803,-0.716572504708097,28342.749529190303,132532.95668549906,-0.7861456483126102
61.34,60.35,61.59,60.1,12285.0,74643456.0,2022,7,13,15,0,2022-07-13 15:00,12285.0,0.002491694352159346,-0.7158662900188315,28413.37099811685,132532.95668549906,-0.7856127886323261
59.99,60.27,61.34,59.85,12051.0,72846480.0,2022,7,14,15,0,2022-07-14 15:00,12051.0,-0.001325600662800297,-0.7162429378531063,28375.706214689366,132532.95668549906,-0.785896980461811
60.49,60.1,61.93,60.03,13786.0,83893104.0,2022,7,15,15,0,2022-07-15 15:00,13786.0,-0.0028206404513024808,-0.7170433145009407,28295.668549905928,132532.95668549906,-0.7865008880994665
60.5,61.21,61.55,59.6,12078.0,73363088.0,2022,7,18,15,0,2022-07-18 15:00,12078.0,0.018469217970049856,-0.7118173258003757,28818.26741996243,132532.95668549906,-0.7825577264653634
61.0,63.99,64.3,60.3,23256.0,145923760.0,2022,7,19,15,0,2022-07-19 15:00,23256.0,0.04541741545499112,-0.698728813559321,30127.118644067898,132532.95668549906,-0.7726820603907629
64.3,62.99,64.39,62.88,14954.0,95037200.0,2022,7,20,15,0,2022-07-20 15:00,14954.0,-0.015627441787779306,-0.7034369114877579,29656.30885122421,132532.95668549906,-0.7762344582593242
63.09,63.4,65.4,63.09,21155.0,136359392.0,2022,7,21,15,0,2022-07-21 15:00,21155.0,0.006508969677726517,-0.7015065913370988,29849.34086629012,132532.95668549906,-0.7747779751332141
63.92,62.28,64.24,61.65,14551.0,91040136.0,2022,7,22,15,0,2022-07-22 15:00,14551.0,-0.01766561514195575,-0.7067796610169481,29322.033898305188,132532.95668549906,-0.7787566607460027
62.2,62.0,63.55,61.7,12339.0,76977840.0,2022,7,25,15,0,2022-07-25 15:00,12339.0,-0.004495825305073864,-0.7080979284369104,29190.207156308956,132532.95668549906,-0.7797513321491999
62.39,61.1,62.49,60.91,11750.0,72015824.0,2022,7,26,15,0,2022-07-26 15:00,11750.0,-0.014516129032258074,-0.7123352165725038,28766.478342749622,132532.95668549906,-0.7829484902309052
61.19,61.69,63.6,60.73,13080.0,80790464.0,2022,7,27,15,0,2022-07-27 15:00,13080.0,0.009656301145662738,-0.709557438794726,29044.2561205274,132532.95668549906,-0.780852575488454
61.55,62.82,63.88,61.5,20197.0,127104408.0,2022,7,28,15,0,2022-07-28 15:00,20197.0,0.018317393418706418,-0.7042372881355923,29576.271186440772,132532.95668549906,-0.7768383658969797
63.51,61.0,63.56,61.0,14894.0,92115264.0,2022,7,29,15,0,2022-07-29 15:00,14894.0,-0.028971665074816966,-0.7128060263653475,28719.39736346525,132532.95668549906,-0.7833037300177613
60.88,61.27,62.6,58.68,21444.0,130842160.0,2022,8,1,15,0,2022-08-01 15:00,21444.0,0.004426229508196711,-0.7115348399246695,28846.516007533053,132532.95668549906,-0.7823445825932498
60.5,59.28,60.9,58.0,25470.0,151513728.0,2022,8,2,15,0,2022-08-02 15:00,25470.0,-0.03247919046841852,-0.7209039548022591,27909.60451977409,132532.95668549906,-0.7894138543516868
59.86,61.48,63.79,59.5,36548.0,226200864.0,2022,8,3,15,0,2022-08-03 15:00,36548.0,0.037112010796221284,-0.7105461393596979,28945.38606403021,132532.95668549906,-0.7815985790408521
61.48,63.53,64.74,61.48,30734.0,194221056.0,2022,8,4,15,0,2022-08-04 15:00,30734.0,0.033344176968119754,-0.7008945386064022,29910.546139359783,132532.95668549906,-0.7743161634103013
63.24,70.06,70.89,63.24,81901.0,560428224.0,2022,8,5,15,0,2022-08-05 15:00,81901.0,0.10278608531402478,-0.6701506591337091,32984.934086629095,132532.95668549906,-0.751119005328596
71.37,67.17,72.0,66.23,64342.0,436503552.0,2022,8,8,15,0,2022-08-08 15:00,64342.0,-0.04125035683699685,-0.6837570621468918,31624.29378531082,132532.95668549906,-0.7613854351687382
66.94,70.88,72.0,66.0,60800.0,419598048.0,2022,8,9,15,0,2022-08-09 15:00,60800.0,0.055232990918564706,-0.6662900188323908,33370.99811676092,132532.95668549906,-0.7482060390763758
69.06,69.59,72.88,69.04,54348.0,383296800.0,2022,8,10,15,0,2022-08-10 15:00,54348.0,-0.018199774266365543,-0.6723634651600745,32763.653483992548,132532.95668549906,-0.75278863232682
69.83,69.79,70.88,69.03,37041.0,259319600.0,2022,8,11,15,0,2022-08-11 15:00,37041.0,0.0028739761459979363,-0.671421845574387,32857.8154425613,132532.95668549906,-0.7520781527531076
69.7,67.65,70.18,67.5,39315.0,268717184.0,2022,8,12,15,0,2022-08-12 15:00,39315.0,-0.030663418827912348,-0.6814971751412421,31850.282485875792,132532.95668549906,-0.7596802841918288
66.3,64.92,67.29,64.75,36131.0,236555296.0,2022,8,15,15,0,2022-08-15 15:00,36131.0,-0.04035476718403552,-0.6943502824858749,30564.971751412508,132532.95668549906,-0.7693783303730012
65.25,63.93,66.1,63.66,26822.0,173528336.0,2022,8,16,15,0,2022-08-16 15:00,26822.0,-0.015249537892791154,-0.6990112994350275,30098.87005649725,132532.95668549906,-0.7728952042628768
63.99,63.5,64.37,62.91,21998.0,139642448.0,2022,8,17,15,0,2022-08-17 15:00,21998.0,-0.006726106679180388,-0.7010357815442554,29896.42184557446,132532.95668549906,-0.7744227353463583
63.37,63.64,63.99,62.06,26841.0,169243056.0,2022,8,18,15,0,2022-08-18 15:00,26841.0,0.002204724409448744,-0.7003766478342741,29962.33521657259,132532.95668549906,-0.7739253996447595
63.29,61.18,65.09,61.1,31842.0,199603680.0,2022,8,19,15,0,2022-08-19 15:00,31842.0,-0.03865493400377118,-0.711958568738229,28804.143126177096,132532.95668549906,-0.7826642984014205
60.63,61.11,61.87,60.1,13704.0,83754768.0,2022,8,22,15,0,2022-08-22 15:00,13704.0,-0.0011441647597254523,-0.7122881355932196,28771.186440678044,132532.95668549906,-0.7829129662522196
60.85,60.6,61.58,60.15,14317.0,86710280.0,2022,8,23,15,0,2022-08-23 15:00,14317.0,-0.008345606283750584,-0.7146892655367224,28531.07344632776,132532.95668549906,-0.7847246891651859
60.7,58.13,60.7,58.04,23752.0,139821536.0,2022,8,24,15,0,2022-08-24 15:00,23752.0,-0.04075907590759076,-0.7263182674199615,27368.173258003848,132532.95668549906,-0.7934991119005322
58.13,57.44,58.99,56.81,16384.0,94238840.0,2022,8,25,15,0,2022-08-25 15:00,16384.0,-0.011869946671254183,-0.7295668549905832,27043.314500941684,132532.95668549906,-0.7959502664298396
57.73,57.5,58.45,57.16,11741.0,67942056.0,2022,8,26,15,0,2022-08-26 15:00,11741.0,0.0010445682451254434,-0.7292843691148769,27071.563088512306,132532.95668549906,-0.795737122557726
57.3,58.7,58.87,57.1,12664.0,73556272.0,2022,8,29,15,0,2022-08-29 15:00,12664.0,0.02086956521739136,-0.7236346516007526,27636.53483992474,132532.95668549906,-0.7914742451154524
58.8,58.27,59.2,57.76,8676.0,50636088.0,2022,8,30,15,0,2022-08-30 15:00,8676.0,-0.007325383304940369,-0.7256591337099805,27434.08662900195,132532.95668549906,-0.7930017761989337
58.0,59.09,59.66,57.55,17281.0,101508032.0,2022,8,31,15,0,2022-08-31 15:00,17281.0,0.014072421486184927,-0.7217984934086622,27820.15065913378,132532.95668549906,-0.7900888099467135
67.0,67.32,70.91,66.5,120235.0,829259776.0,2022,9,1,15,0,2022-09-01 15:00,120235.0,0.13927906583178196,-0.6830508474576263,31694.915254237367,132532.95668549906,-0.7608525754884541
67.47,80.78,80.78,67.47,165612.0,1291388800.0,2022,9,2,15,0,2022-09-02 15:00,165612.0,0.19994058229352363,-0.6196798493408653,38032.015065913474,132532.95668549906,-0.7130373001776191
82.79,77.35,83.85,75.8,168456.0,1346785152.0,2022,9,5,15,0,2022-09-05 15:00,168456.0,-0.042461005199306845,-0.635828625235404,36417.137476459604,132532.95668549906,-0.7252220248667843
76.0,74.2,77.13,73.06,94136.0,702660800.0,2022,9,6,15,0,2022-09-06 15:00,94136.0,-0.040723981900452344,-0.6506591337099802,34934.086629001984,132532.95668549906,-0.7364120781527524
74.85,79.68,81.23,74.85,117183.0,927598592.0,2022,9,7,15,0,2022-09-07 15:00,117183.0,0.07385444743935321,-0.6248587570621458,37514.124293785426,132532.95668549906,-0.7169449378330365
79.68,74.86,79.88,74.6,77004.0,588034112.0,2022,9,8,15,0,2022-09-08 15:00,77004.0,-0.06049196787148603,-0.6475517890772118,35244.82109227882,132532.95668549906,-0.7340674955595019
74.28,72.0,74.78,71.6,55692.0,403597184.0,2022,9,9,15,0,2022-09-09 15:00,55692.0,-0.03820464867753137,-0.6610169491525414,33898.30508474586,132532.95668549906,-0.7442273534635871
69.29,67.97,70.7,67.56,58441.0,402313120.0,2022,9,13,15,0,2022-09-13 15:00,58441.0,-0.0559722222222222,-0.6799905838041422,32000.941619585778,132532.95668549906,-0.7585435168738892
67.68,70.5,70.96,67.3,64513.0,447402304.0,2022,9,14,15,0,2022-09-14 15:00,64513.0,0.03722230395762849,-0.6680790960451968,33192.09039548032,132532.95668549906,-0.7495559502664291
70.45,67.35,70.45,66.86,44340.0,302576576.0,2022,9,15,15,0,2022-09-15 15:00,44340.0,-0.04468085106382991,-0.6829096045197731,31709.039548022687,132532.95668549906,-0.7607460035523972
67.0,69.24,72.88,66.99,56372.0,394419840.0,2022,9,16,15,0,2022-09-16 15:00,56372.0,0.028062360801781816,-0.6740112994350272,32598.870056497275,132532.95668549906,-0.7540319715808163
69.14,68.78,72.34,68.4,51394.0,362815680.0,2022,9,19,15,0,2022-09-19 15:00,51394.0,-0.0066435586366261346,-0.6761770244821081,32382.297551789186,132532.95668549906,-0.7556660746003544
69.02,67.56,70.67,67.0,43944.0,301307808.0,2022,9,20,15,0,2022-09-20 15:00,43944.0,-0.017737714451875553,-0.6819209039548013,31807.909604519868,132532.95668549906,-0.7599999999999993
67.01,66.0,67.5,64.8,37526.0,248772496.0,2022,9,21,15,0,2022-09-21 15:00,37526.0,-0.023090586145648295,-0.6892655367231628,31073.44632768372,132532.95668549906,-0.7655417406749548
65.51,66.35,67.49,65.51,24260.0,161708800.0,2022,9,22,15,0,2022-09-22 15:00,24260.0,0.005303030303030143,-0.68761770244821,31238.229755179003,132532.95668549906,-0.7642984014209585
66.38,63.06,67.1,62.88,40223.0,258289184.0,2022,9,23,15,0,2022-09-23 15:00,40223.0,-0.049585531273549255,-0.7031073446327675,29689.26553672325,132532.95668549906,-0.7759857904085251
62.01,63.31,64.33,61.82,27207.0,172753216.0,2022,9,26,15,0,2022-09-26 15:00,27207.0,0.003964478274659067,-0.7019303201506583,29806.967984934174,132532.95668549906,-0.7750976909413847
63.07,66.51,66.92,63.07,32020.0,210907504.0,2022,9,27,15,0,2022-09-27 15:00,32020.0,0.05054493760859269,-0.6868644067796601,31313.55932203399,132532.95668549906,-0.7637300177619886
65.68,64.56,68.2,64.23,36144.0,238275296.0,2022,9,28,15,0,2022-09-28 15:00,36144.0,-0.02931889941362209,-0.6960451977401121,30395.48022598879,132532.95668549906,-0.7706571936056831
65.18,63.97,66.25,63.73,27693.0,178900480.0,2022,9,29,15,0,2022-09-29 15:00,27693.0,-0.009138785625774526,-0.69882297551789,30117.702448211003,132532.95668549906,-0.7727531083481344
64.04,62.68,64.5,62.66,21223.0,135133600.0,2022,9,30,15,0,2022-09-30 15:00,21223.0,-0.020165702673128005,-0.7048964218455736,29510.357815442643,132532.95668549906,-0.7773357015985785
58.47,57.5,60.1,56.52,43378.0,250357488.0,2022,10,10,15,0,2022-10-10 15:00,43378.0,-0.08264199106573067,-0.7292843691148769,27071.563088512306,132532.95668549906,-0.795737122557726
57.98,56.26,58.18,55.88,24195.0,137580128.0,2022,10,11,15,0,2022-10-11 15:00,24195.0,-0.021565217391304348,-0.7351224105461387,26487.75894538613,132532.95668549906,-0.800142095914742
56.68,59.39,59.75,55.5,33022.0,189891664.0,2022,10,12,15,0,2022-10-12 15:00,33022.0,0.05563455385709215,-0.7203860640301311,27961.393596986894,132532.95668549906,-0.7890230905861451
58.5,59.31,60.63,58.5,20138.0,120166008.0,2022,10,13,15,0,2022-10-13 15:00,20138.0,-0.001347028119211946,-0.720762711864406,27923.728813559403,132532.95668549906,-0.78930728241563
60.0,60.77,61.45,59.68,20657.0,125301664.0,2022,10,14,15,0,2022-10-14 15:00,20657.0,0.02461642218850102,-0.7138888888888881,28611.111111111186,132532.95668549906,-0.7841207815275305
60.28,61.8,62.59,59.5,20755.0,127901680.0,2022,10,17,15,0,2022-10-17 15:00,20755.0,0.016949152542372836,-0.7090395480225982,29096.045197740183,132532.95668549906,-0.7804618117229124
62.3,60.51,62.43,60.33,20103.0,122541280.0,2022,10,18,15,0,2022-10-18 15:00,20103.0,-0.020873786407766937,-0.7151129943502817,28488.700564971827,132532.95668549906,-0.7850444049733564
60.68,59.11,61.01,59.11,18456.0,110246888.0,2022,10,19,15,0,2022-10-19 15:00,18456.0,-0.02313667162452482,-0.7217043314500935,27829.56685499065,132532.95668549906,-0.7900177619893423
58.55,63.93,64.49,58.51,49271.0,307751712.0,2022,10,20,15,0,2022-10-20 15:00,49271.0,0.08154288614447647,-0.6990112994350275,30098.87005649725,132532.95668549906,-0.7728952042628768
63.5,65.33,66.0,62.12,34866.0,223711600.0,2022,10,21,15,0,2022-10-21 15:00,34866.0,0.02189895197872671,-0.6924199623352157,30758.003766478425,132532.95668549906,-0.767921847246891
66.2,64.68,68.18,64.0,29020.0,191219440.0,2022,10,24,15,0,2022-10-24 15:00,29020.0,-0.009949487218735564,-0.6954802259886997,30451.977401130025,132532.95668549906,-0.7702309058614559
64.3,64.35,65.6,62.95,24320.0,156110448.0,2022,10,25,15,0,2022-10-25 15:00,24320.0,-0.005102040816326703,-0.697033898305084,30296.6101694916,132532.95668549906,-0.7714031971580811
65.0,65.8,66.45,63.0,29016.0,189222304.0,2022,10,26,15,0,2022-10-26 15:00,29016.0,0.022533022533022473,-0.6902071563088505,30979.284369114946,132532.95668549906,-0.7662522202486673
65.44,67.42,68.68,65.44,41326.0,277278432.0,2022,10,27,15,0,2022-10-27 15:00,41326.0,0.024620060790273568,-0.6825800376647826,31741.996233521742,132532.95668549906,-0.7604973357015979
66.6,64.82,68.48,64.23,35069.0,232850480.0,2022,10,28,15,0,2022-10-28 15:00,35069.0,-0.03856422426579664,-0.6948210922787187,30517.890772128132,132532.95668549906,-0.7697335701598574
64.4,65.76,67.5,64.05,30644.0,203355184.0,2022,10,31,15,0,2022-10-31 15:00,30644.0,0.014501697007096803,-0.690395480225988,30960.451977401204,132532.95668549906,-0.7663943161634098
65.77,65.34,65.77,62.64,46690.0,300327552.0,2022,11,1,15,0,2022-11-01 15:00,46690.0,-0.006386861313868675,-0.6923728813559314,30762.711864406854,132532.95668549906,-0.7678863232682055
65.34,65.88,67.32,65.05,27940.0,184386896.0,2022,11,2,15,0,2022-11-02 15:00,27940.0,0.008264462809917328,-0.6898305084745755,31016.94915254245,132532.95668549906,-0.7659680284191823
64.08,67.15,67.73,64.06,28232.0,188471952.0,2022,11,3,15,0,2022-11-03 15:00,28232.0,0.01927747419550707,-0.6838512241054606,31614.87758945394,132532.95668549906,-0.7614564831261095
66.77,67.69,68.4,66.18,26032.0,175353648.0,2022,11,4,15,0,2022-11-04 15:00,26032.0,0.008041697691734795,-0.6813088512241047,31869.114877589534,132532.95668549906,-0.7595381882770864
67.64,66.21,68.74,66.18,24754.0,165958640.0,2022,11,7,15,0,2022-11-07 15:00,24754.0,-0.02186438174028671,-0.6882768361581914,31172.316384180864,132532.95668549906,-0.7647957371225572
66.18,65.48,66.39,64.71,17614.0,114969184.0,2022,11,8,15,0,2022-11-08 15:00,17614.0,-0.011025524845189372,-0.6917137476459503,30828.625235404972,132532.95668549906,-0.7673889875666069
65.91,65.35,66.36,64.48,14536.0,95162928.0,2022,11,9,15,0,2022-11-09 15:00,14536.0,-0.0019853390348198996,-0.692325800376647,30767.419962335298,132532.95668549906,-0.7678507992895198
64.8,64.09,67.3,64.04,26718.0,175096944.0,2022,11,10,15,0,2022-11-10 15:00,26718.0,-0.01928079571537855,-0.6982580037664775,30174.199623352248,132532.95668549906,-0.772326820603907
66.0,64.68,67.1,64.55,30276.0,199451104.0,2022,11,11,15,0,2022-11-11 15:00,30276.0,0.00920580433765017,-0.6954802259886997,30451.977401130025,132532.95668549906,-0.7702309058614559
64.65,66.48,67.3,63.81,23261.0,153552688.0,2022,11,14,15,0,2022-11-14 15:00,23261.0,0.027829313543599188,-0.6870056497175133,31299.435028248667,132532.95668549906,-0.7638365896980456
66.5,69.14,70.0,66.45,36689.0,253105888.0,2022,11,15,15,0,2022-11-15 15:00,36689.0,0.04001203369434414,-0.6744821092278711,32551.78907721289,132532.95668549906,-0.7543872113676725
68.88,68.5,69.9,68.2,23907.0,164930592.0,2022,11,16,15,0,2022-11-16 15:00,23907.0,-0.009256580850448337,-0.6774952919020707,32250.47080979293,132532.95668549906,-0.7566607460035518
68.0,69.45,69.64,67.13,26158.0,179185984.0,2022,11,17,15,0,2022-11-17 15:00,26158.0,0.013868613138686259,-0.6730225988700556,32697.740112994445,132532.95668549906,-0.7532859680284184
69.99,67.77,70.5,67.77,23472.0,161607888.0,2022,11,18,15,0,2022-11-18 15:00,23472.0,-0.024190064794816557,-0.6809322033898297,31906.779661017026,132532.95668549906,-0.7592539964476015
69.01,67.7,70.38,66.66,31072.0,213231488.0,2022,11,21,15,0,2022-11-21 15:00,31072.0,-0.0010329054153754846,-0.6812617702448203,31873.822975517975,132532.95668549906,-0.7595026642984007
67.42,65.88,68.6,65.79,23732.0,158875840.0,2022,11,22,15,0,2022-11-22 15:00,23732.0,-0.02688330871491884,-0.6898305084745755,31016.94915254245,132532.95668549906,-0.7659680284191823
65.9,64.54,66.24,64.2,22074.0,143160880.0,2022,11,23,15,0,2022-11-23 15:00,22074.0,-0.02034001214329062,-0.6961393596986809,30386.06403013191,132532.95668549906,-0.7707282415630544
64.95,63.65,65.77,63.55,15971.0,102698560.0,2022,11,24,15,0,2022-11-24 15:00,15971.0,-0.01378989773783712,-0.7003295668549898,29967.043314501017,132532.95668549906,-0.773889875666074
63.48,63.45,64.53,63.12,13228.0,84313112.0,2022,11,25,15,0,2022-11-25 15:00,13228.0,-0.003142183817753219,-0.7012711864406771,29872.88135593229,132532.95668549906,-0.7746003552397862
62.06,62.25,63.45,61.68,15479.0,96477288.0,2022,11,28,15,0,2022-11-28 15:00,15479.0,-0.01891252955082745,-0.7069209039548014,29307.909604519857,132532.95668549906,-0.7788632326820598
62.57,64.19,64.66,62.57,17467.0,111497120.0,2022,11,29,15,0,2022-11-29 15:00,17467.0,0.03116465863453821,-0.6977871939736338,30221.280602636623,132532.95668549906,-0.7719715808170508
64.17,63.42,64.74,63.21,28951.0,185105632.0,2022,11,30,15,0,2022-11-30 15:00,28951.0,-0.01199563794983638,-0.7014124293785302,29858.75706214698,132532.95668549906,-0.774706927175843
64.6,64.92,65.75,64.01,19846.0,129028848.0,2022,12,1,15,0,2022-12-01 15:00,19846.0,0.023651844843897818,-0.6943502824858748,30564.97175141252,132532.95668549906,-0.7693783303730011
65.43,66.0,66.17,64.61,17225.0,113257216.0,2022,12,2,15,0,2022-12-02 15:00,17225.0,0.01663585951940849,-0.6892655367231629,31073.44632768371,132532.95668549906,-0.765541740674955
66.6,66.49,67.49,65.62,17820.0,118047344.0,2022,12,5,15,0,2022-12-05 15:00,17820.0,0.007424242424242333,-0.6869585687382289,31304.14312617711,132532.95668549906,-0.7638010657193599
66.5,67.59,68.21,66.0,23226.0,157059216.0,2022,12,6,15,0,2022-12-06 15:00,23226.0,0.016543841179124774,-0.6817796610169482,31822.03389830518,132532.95668549906,-0.7598934280639424
67.34,67.06,67.78,66.88,13690.0,91998760.0,2022,12,7,15,0,2022-12-07 15:00,13690.0,-0.007841396656310118,-0.6842749529190197,31572.504708098026,132532.95668549906,-0.7617761989342798
66.9,65.22,67.06,65.03,18570.0,121898032.0,2022,12,8,15,0,2022-12-08 15:00,18570.0,-0.02743811512078742,-0.6929378531073438,30706.21468926562,132532.95668549906,-0.7683126110124328
65.07,65.71,66.66,64.88,23705.0,156102560.0,2022,12,9,15,0,2022-12-09 15:00,23705.0,0.007513032812020759,-0.6906308851224097,30936.911487759033,132532.95668549906,-0.7665719360568377
65.88,67.11,67.9,65.5,23843.0,159734880.0,2022,12,12,15,0,2022-12-12 15:00,23843.0,0.021305737330695518,-0.684039548022598,31596.045197740197,132532.95668549906,-0.7615985790408519
67.16,66.87,67.4,66.36,14251.0,95272664.0,2022,12,13,15,0,2022-12-13 15:00,14251.0,-0.0035762181493070866,-0.6851694915254228,31483.05084745772,132532.95668549906,-0.7624511545293066
69.99,66.81,70.05,66.81,24875.0,169611008.0,2022,12,14,15,0,2022-12-14 15:00,24875.0,-0.0008972633467922986,-0.6854519774011291,31454.802259887092,132532.95668549906,-0.7626642984014204
67.0,67.48,68.4,65.71,18621.0,126142344.0,2022,12,15,15,0,2022-12-15 15:00,18621.0,0.010028438856458655,-0.6822975517890764,31770.244821092365,132532.95668549906,-0.7602841918294843
64.95,63.98,65.4,61.49,47846.0,305005856.0,2022,12,16,15,0,2022-12-16 15:00,47846.0,-0.0518672199170126,-0.6987758945386056,30122.410546139443,132532.95668549906,-0.7727175843694488
63.06,60.3,63.46,60.1,37314.0,229085920.0,2022,12,19,15,0,2022-12-19 15:00,37314.0,-0.05751797436698969,-0.7161016949152534,28389.830508474657,132532.95668549906,-0.7857904085257543
60.35,59.9,61.35,59.43,18877.0,113827688.0,2022,12,20,15,0,2022-12-20 15:00,18877.0,-0.0066334991708125735,-0.7179849340866282,28201.506591337176,132532.95668549906,-0.7872113676731788
59.89,58.53,60.34,58.23,17728.0,104847568.0,2022,12,21,15,0,2022-12-21 15:00,17728.0,-0.0228714524207011,-0.7244350282485869,27556.497175141314,132532.95668549906,-0.7920781527531079
58.94,57.19,59.4,56.88,17380.0,100559712.0,2022,12,22,15,0,2022-12-22 15:00,17380.0,-0.022894242268922005,-0.7307438794726924,26925.61205273076,132532.95668549906,-0.79683836589698
56.79,56.47,57.5,55.9,17906.0,101300312.0,2022,12,23,15,0,2022-12-23 15:00,17906.0,-0.012589613568805724,-0.7341337099811669,26586.62900188331,132532.95668549906,-0.799396092362344
56.48,57.14,57.75,56.48,18086.0,103667456.0,2022,12,26,15,0,2022-12-26 15:00,18086.0,0.011864706924030521,-0.7309792843691142,26902.071563088582,132532.95668549906,-0.797015985790408
57.0,57.17,57.49,56.31,16728.0,95088536.0,2022,12,27,15,0,2022-12-27 15:00,16728.0,0.0005250262513125659,-0.7308380414312611,26916.195856873892,132532.95668549906,-0.7969094138543512
57.0,55.88,57.17,55.68,13212.0,74184648.0,2022,12,28,15,0,2022-12-28 15:00,13212.0,-0.02256428196606608,-0.7369114877589447,26308.851224105532,132532.95668549906,-0.8014920071047952
55.9,55.6,56.47,55.6,13194.0,73836856.0,2022,12,29,15,0,2022-12-29 15:00,13194.0,-0.005010737294201872,-0.738229755178907,26177.0244821093,132532.95668549906,-0.8024866785079924
56.37,54.56,56.37,54.5,20872.0,115094936.0,2022,12,30,15,0,2022-12-30 15:00,20872.0,-0.018705035971222972,-0.7431261770244815,25687.382297551852,132532.95668549906,-0.8061811722912962
54.51,56.78,57.34,54.15,20491.0,114950544.0,2023,1,3,15,0,2023-01-03 15:00,20491.0,0.04068914956011738,-0.7326741996233515,26732.580037664855,132532.95668549906,-0.79829484902309
57.23,56.94,58.08,56.33,15567.0,88769208.0,2023,1,4,15,0,2023-01-04 15:00,15567.0,0.002817893624515566,-0.7319209039548016,26807.909604519842,132532.95668549906,-0.7977264653641203
56.88,56.8,57.22,55.8,16150.0,91448608.0,2023,1,5,15,0,2023-01-05 15:00,16150.0,-0.0024587284861257164,-0.7325800376647827,26741.996233521724,132532.95668549906,-0.7982238010657188
56.98,56.65,57.54,56.02,17081.0,97090920.0,2023,1,6,15,0,2023-01-06 15:00,17081.0,-0.002640845070422504,-0.7332862523540482,26671.37476459518,132532.95668549906,-0.7987566607460029
56.83,56.89,57.6,56.6,14166.0,80789056.0,2023,1,9,15,0,2023-01-09 15:00,14166.0,0.004236540158870206,-0.7321563088512234,26784.36911487766,132532.95668549906,-0.7979040852575483
56.89,57.14,58.16,56.89,19147.0,109909936.0,2023,1,10,15,0,2023-01-10 15:00,19147.0,0.00439444542098788,-0.7309792843691142,26902.071563088582,132532.95668549906,-0.797015985790408
57.17,56.37,58.0,56.25,16726.0,95478632.0,2023,1,11,15,0,2023-01-11 15:00,16726.0,-0.01347567378368919,-0.7346045197740106,26539.548022598934,132532.95668549906,-0.7997513321492002
56.19,55.73,56.68,55.3,18233.0,101906328.0,2023,1,12,15,0,2023-01-12 15:00,18233.0,-0.011353556856483982,-0.7376177024482102,26238.229755178978,132532.95668549906,-0.8020248667850793
56.26,56.09,56.26,55.51,11980.0,67067292.0,2023,1,13,15,0,2023-01-13 15:00,11980.0,0.006459716490220924,-0.7359227871939729,26407.721280602713,132532.95668549906,-0.8007460035523973
55.99,57.79,58.5,55.83,27547.0,158869664.0,2023,1,16,15,0,2023-01-16 15:00,27547.0,0.03030843287573526,-0.7279190207156302,27208.097928436982,132532.95668549906,-0.7947069271758431
57.99,58.05,59.42,57.52,20689.0,121012992.0,2023,1,17,15,0,2023-01-17 15:00,20689.0,0.004499048278248763,-0.7266949152542366,27330.50847457634,132532.95668549906,-0.7937833037300172
58.55,58.5,59.17,58.04,16386.0,96114528.0,2023,1,18,15,0,2023-01-18 15:00,16386.0,0.007751937984496138,-0.7245762711864401,27542.372881355994,132532.95668549906,-0.7921847246891648
58.1,61.0,61.0,58.07,28934.0,173912816.0,2023,1,19,15,0,2023-01-19 15:00,28934.0,0.042735042735042805,-0.7128060263653477,28719.39736346523,132532.95668549906,-0.7833037300177615
61.02,61.03,61.63,60.51,18461.0,112711728.0,2023,1,20,15,0,2023-01-20 15:00,18461.0,0.0004918032786884741,-0.7126647834274946,28733.521657250538,132532.95668549906,-0.7831971580817046
65.5,64.31,65.98,63.56,50901.0,329053152.0,2023,1,30,15,0,2023-01-30 15:00,50901.0,0.05374406029821399,-0.6972222222222215,30277.777777777846,132532.95668549906,-0.7715452930728237
64.0,62.1,64.78,61.88,28410.0,178354192.0,2023,1,31,15,0,2023-01-31 15:00,28410.0,-0.034364795521691804,-0.707627118644067,29237.2881355933,132532.95668549906,-0.7793960923623441
62.0,64.74,65.98,62.0,44080.0,283995040.0,2023,2,1,15,0,2023-02-01 15:00,44080.0,0.04251207729468587,-0.6951977401129936,30480.225988700637,132532.95668549906,-0.7700177619893422
66.0,69.9,74.69,65.71,92851.0,661459264.0,2023,2,2,15,0,2023-02-02 15:00,92851.0,0.07970342910101968,-0.6709039548022591,32909.6045197741,132532.95668549906,-0.751687388987566
69.88,71.11,72.78,69.84,81695.0,582621696.0,2023,2,3,15,0,2023-02-03 15:00,81695.0,0.01731044349070099,-0.6652071563088504,33479.28436911496,132532.95668549906,-0.7473889875666069
73.1,72.84,74.96,71.05,105267.0,771667392.0,2023,2,6,15,0,2023-02-06 15:00,105267.0,0.024328505132892753,-0.6570621468926545,34293.78531073455,132532.95668549906,-0.7412433392539958
71.31,75.7,80.88,71.31,151267.0,1150227072.0,2023,2,7,15,0,2023-02-07 15:00,151267.0,0.039264140582097706,-0.6435969868173249,35640.301318267506,132532.95668549906,-0.7310834813499105
78.0,74.8,82.3,74.8,139144.0,1091894144.0,2023,2,8,15,0,2023-02-08 15:00,139144.0,-0.011889035667107084,-0.6478342749529182,35216.57250470818,132532.95668549906,-0.7342806394316157
73.21,79.07,80.0,72.55,148113.0,1135510656.0,2023,2,9,15,0,2023-02-09 15:00,148113.0,0.05708556149732624,-0.6277306967984926,37226.93032015074,132532.95668549906,-0.719111900532859
78.4,79.11,83.63,77.7,138060.0,1115193984.0,2023,2,10,15,0,2023-02-10 15:00,138060.0,0.0005058808650564295,-0.627542372881355,37245.7627118645,132532.95668549906,-0.7189698046181165
79.0,87.5,91.5,78.0,159399.0,1364494336.0,2023,2,13,15,0,2023-02-13 15:00,159399.0,0.10605486032107203,-0.5880414312617692,41195.856873823075,132532.95668549906,-0.6891651865008874
87.5,85.48,89.58,83.69,111158.0,953211392.0,2023,2,14,15,0,2023-02-14 15:00,111158.0,-0.023085714285714265,-0.5975517890772117,40244.82109227883,132532.95668549906,-0.6963410301953811
85.8,89.1,90.87,83.0,153615.0,1335392768.0,2023,2,15,15,0,2023-02-15 15:00,153615.0,0.0423490875058492,-0.5805084745762701,41949.15254237299,132532.95668549906,-0.6834813499111893
86.8,80.5,88.29,80.08,144126.0,1212872832.0,2023,2,16,15,0,2023-02-16 15:00,144126.0,-0.09652076318742975,-0.6209981167608276,37900.18832391724,132532.95668549906,-0.7140319715808162
80.81,80.0,82.42,78.23,91713.0,736979968.0,2023,2,17,15,0,2023-02-17 15:00,91713.0,-0.006211180124223614,-0.623352165725046,37664.78342749539,132532.95668549906,-0.7158081705150969
80.8,82.45,83.4,78.59,74552.0,604991104.0,2023,2,20,15,0,2023-02-20 15:00,74552.0,0.030625000000000124,-0.6118173258003756,38818.26741996244,132532.95668549906,-0.7071047957371217
82.6,85.3,87.95,82.0,89152.0,765921024.0,2023,2,21,15,0,2023-02-21 15:00,89152.0,0.03456640388113996,-0.5983992467043304,40160.07532956696,132532.95668549906,-0.6969804618117221
83.08,84.4,86.33,82.77,57623.0,485270560.0,2023,2,22,15,0,2023-02-22 15:00,57623.0,-0.010550996483001063,-0.6026365348399236,39736.34651600764,132532.95668549906,-0.7001776198934272
84.9,83.22,86.25,82.05,66727.0,559685888.0,2023,2,23,15,0,2023-02-23 15:00,66727.0,-0.013981042654028553,-0.6081920903954792,39180.79096045208,132532.95668549906,-0.7043694493783296
86.5,87.93,89.28,85.3,106247.0,930572928.0,2023,2,24,15,0,2023-02-24 15:00,106247.0,0.056596971881759384,-0.5860169491525411,41398.30508474589,132532.95668549906,-0.6876376554174057
86.71,85.17,88.99,84.3,75003.0,645085696.0,2023,2,27,15,0,2023-02-27 15:00,75003.0,-0.03138860457181858,-0.5990112994350272,40098.87005649728,132532.95668549906,-0.6974422735346351
85.25,83.97,87.44,81.91,73005.0,613239552.0,2023,2,28,15,0,2023-02-28 15:00,73005.0,-0.014089468122578386,-0.6046610169491514,39533.898305084855,132532.95668549906,-0.7017051509769087
83.59,90.6,92.55,83.1,129394.0,1146262528.0,2023,3,1,15,0,2023-03-01 15:00,129394.0,0.07895677027509818,-0.5734463276836146,42655.36723163854,132532.95668549906,-0.6781527531083471
89.5,91.5,92.68,89.02,89249.0,813795648.0,2023,3,2,15,0,2023-03-02 15:00,89249.0,0.009933774834437248,-0.5692090395480214,43079.09604519786,132532.95668549906,-0.674955595026642
95.99,93.71,99.5,92.26,100637.0,957779008.0,2023,3,3,15,0,2023-03-03 15:00,100637.0,0.024153005464480737,-0.5588041431261758,44119.58568738242,132532.95668549906,-0.6671047957371216
92.12,91.23,94.45,90.2,65694.0,605177856.0,2023,3,6,15,0,2023-03-06 15:00,65694.0,-0.02646462490662671,-0.5704802259886993,42951.97740113007,132532.95668549906,-0.6759147424511536
91.0,87.88,91.88,86.94,69797.0,622561664.0,2023,3,7,15,0,2023-03-07 15:00,69797.0,-0.03672037706894671,-0.586252354048963,41374.7645951037,132532.95668549906,-0.6878152753108339
89.87,90.01,91.68,87.88,62690.0,563063488.0,2023,3,8,15,0,2023-03-08 15:00,62690.0,0.0242375967228039,-0.5762241054613924,42377.58945386077,132532.95668549906,-0.6802486678507983
90.1,90.6,93.58,89.6,46825.0,427590528.0,2023,3,9,15,0,2023-03-09 15:00,46825.0,0.006554827241417538,-0.5734463276836146,42655.36723163854,132532.95668549906,-0.6781527531083471
90.46,91.98,95.8,89.6,82598.0,767040064.0,2023,3,10,15,0,2023-03-10 15:00,82598.0,0.015231788079470343,-0.5669491525423715,43305.08474576285,132532.95668549906,-0.6732504440497326
90.38,95.78,96.69,90.15,71422.0,676551616.0,2023,3,13,15,0,2023-03-13 15:00,71422.0,0.04131332898456175,-0.5490583804143112,45094.16195856888,132532.95668549906,-0.6597513321491997
95.85,102.89,105.0,95.3,127768.0,1285581696.0,2023,3,14,15,0,2023-03-14 15:00,127768.0,0.07423261641261214,-0.5155838041431248,48441.61958568752,132532.95668549906,-0.634493783303729
102.0,103.98,106.19,101.95,93685.0,972971136.0,2023,3,15,15,0,2023-03-15 15:00,93685.0,0.010593838079502316,-0.5104519774011286,48954.80225988714,132532.95668549906,-0.6306216696269973
104.98,102.44,106.08,99.59,107594.0,1113186560.0,2023,3,16,15,0,2023-03-16 15:00,107594.0,-0.014810540488555568,-0.5177024482109215,48229.75517890785,132532.95668549906,-0.6360923623445816
102.65,122.93,122.93,102.0,222534.0,2596614400.0,2023,3,17,15,0,2023-03-17 15:00,222534.0,0.20001952362358466,-0.4212335216572488,57876.64783427512,132532.95668549906,-0.5633037300177607
124.0,135.0,137.69,122.15,199944.0,2617703424.0,2023,3,20,15,0,2023-03-20 15:00,199944.0,0.0981859594891401,-0.3644067796610152,63559.32203389848,132532.95668549906,-0.520426287744226
133.25,136.8,137.5,130.48,123418.0,1659830784.0,2023,3,21,15,0,2023-03-21 15:00,123418.0,0.01333333333333342,-0.35593220338982867,64406.779661017135,132532.95668549906,-0.5140319715808156
134.96,160.15,164.16,133.0,203749.0,3053655808.0,2023,3,22,15,0,2023-03-22 15:00,203749.0,0.17068713450292394,-0.2459981167608265,75400.18832391735,132532.95668549906,-0.4310834813499096
162.62,167.0,178.88,159.85,202709.0,3379541504.0,2023,3,23,15,0,2023-03-23 15:00,202709.0,0.04277240087418033,-0.21374764595103368,78625.23540489664,132532.95668549906,-0.4067495559502648
167.01,183.0,185.18,163.01,198893.0,3414847744.0,2023,3,24,15,0,2023-03-24 15:00,198893.0,0.09580838323353302,-0.13841807909604287,86158.1920903957,132532.95668549906,-0.34991119005328425
178.0,186.39,188.88,172.0,190971.0,3444353280.0,2023,3,27,15,0,2023-03-27 15:00,190971.0,0.018524590163934374,-0.12245762711864172,87754.23728813583,132532.95668549906,-0.33786856127886145
179.94,172.0,180.5,170.3,156094.0,2740150272.0,2023,3,28,15,0,2023-03-28 15:00,156094.0,-0.07720371264552817,-0.190207156308849,80979.2843691151,132532.95668549906,-0.3889875666074583
174.46,172.0,184.65,168.8,216748.0,3804719616.0,2023,3,29,15,0,2023-03-29 15:00,216748.0,0.0,-0.190207156308849,80979.2843691151,132532.95668549906,-0.3889875666074583
172.64,176.1,181.6,170.0,206710.0,3616571904.0,2023,3,30,15,0,2023-03-30 15:00,206710.0,0.02383720930232558,-0.17090395480225762,82909.60451977424,132532.95668549906,-0.3744227353463571
170.81,185.95,191.76,165.23,202982.0,3597394176.0,2023,3,31,15,0,2023-03-31 15:00,202982.0,0.055934128336172506,-0.12452919020715403,87547.0809792846,132532.95668549906,-0.3394316163410285
188.88,211.0,217.0,184.0,211965.0,4155954176.0,2023,4,3,15,0,2023-04-03 15:00,211965.0,0.13471363269696157,-0.00659133709980908,99340.8662900191,132532.95668549906,-0.25044404973356815
206.0,215.51,226.53,202.3,164941.0,3522533376.0,2023,4,4,15,0,2023-04-04 15:00,164941.0,0.021374407582938293,0.014642184557441373,101464.21845574414,132532.95668549906,-0.23442273534635683
212.0,208.0,230.98,203.03,156628.0,3419824128.0,2023,4,6,15,0,2023-04-06 15:00,156628.0,-0.03484757087838142,-0.02071563088511985,97928.43691148801,132532.95668549906,-0.2611012433392521
209.45,225.5,225.62,207.0,127969.0,2781244416.0,2023,4,7,15,0,2023-04-07 15:00,127969.0,0.08413461538461542,0.06167608286252624,106167.60828625262,132532.95668549906,-0.19893428063942956
225.5,207.59,225.51,200.01,185013.0,3901645824.0,2023,4,10,15,0,2023-04-10 15:00,185013.0,-0.07942350332594239,-0.022645951035779155,97735.40489642209,132532.95668549906,-0.2625577264653623
205.67,201.5,213.6,187.51,184134.0,3699557376.0,2023,4,11,15,0,2023-04-11 15:00,184134.0,-0.029336673250156542,-0.05131826741996004,94868.173258004,132532.95668549906,-0.28419182948490057
193.0,206.0,213.68,192.0,152078.0,3095007488.0,2023,4,12,15,0,2023-04-12 15:00,152078.0,0.022332506203474045,-0.030131826741993772,96986.81732580063,132532.95668549906,-0.26820603907637464
201.02,188.0,207.55,185.9,171340.0,3324682752.0,2023,4,13,15,0,2023-04-13 15:00,171340.0,-0.08737864077669899,-0.1148775894538584,88512.24105461416,132532.95668549906,-0.3321492007104779
190.01,195.0,197.71,183.89,138347.0,2669359616.0,2023,4,14,15,0,2023-04-14 15:00,138347.0,0.037234042553191404,-0.0819209039548,91807.90960452,132532.95668549906,-0.3072824156305489
191.39,196.8,199.19,187.0,124863.0,2421080064.0,2023,4,17,15,0,2023-04-17 15:00,124863.0,0.009230769230769376,-0.07344632768361337,92655.36723163867,132532.95668549906,-0.30088809946713846
194.0,195.78,201.33,185.55,126960.0,2463428608.0,2023,4,18,15,0,2023-04-18 15:00,126960.0,-0.005182926829268353,-0.07824858757061903,92175.1412429381,132532.95668549906,-0.30451154529307095
204.5,221.8,223.28,204.5,215733.0,4651853312.0,2023,4,19,15,0,2023-04-19 15:00,215733.0,0.13290428031463897,0.04425612052730976,104425.61205273098,132532.95668549906,-0.21207815275310618
230.06,266.16,266.16,230.06,199642.0,4944562176.0,2023,4,20,15,0,2023-04-20 15:00,199642.0,0.19999999999999996,0.2531073446327716,125310.73446327716,132532.95668549906,-0.05449378330372758
271.4,248.0,271.47,243.0,189460.0,4796532736.0,2023,4,21,15,0,2023-04-21 15:00,189460.0,-0.06822963630898715,0.1676082862523569,116760.82862523569,132532.95668549906,-0.11900532859680066
246.0,243.0,248.0,228.88,163471.0,3903562496.0,2023,4,24,15,0,2023-04-24 15:00,163471.0,-0.020161290322580627,0.14406779661017222,114406.77966101722,132532.95668549906,-0.13676731793960714
242.0,248.0,264.88,237.16,174116.0,4366926848.0,2023,4,25,15,0,2023-04-25 15:00,174116.0,0.020576131687242816,0.1676082862523569,116760.82862523569,132532.95668549906,-0.11900532859680066
250.0,238.0,255.8,225.8,144464.0,3455224832.0,2023,4,26,15,0,2023-04-26 15:00,144464.0,-0.040322580645161255,0.12052730696798775,112052.73069679877,132532.95668549906,-0.15452930728241354
235.01,230.75,246.0,217.78,138135.0,3175623168.0,2023,4,27,15,0,2023-04-27 15:00,138135.0,-0.030462184873949583,0.08639359698682014,108639.35969868202,132532.95668549906,-0.18028419182948272
228.1,249.5,252.5,225.8,146085.0,3537412608.0,2023,4,28,15,0,2023-04-28 15:00,146085.0,0.08125677139761645,0.1746704331450124,117467.04331450124,132532.95668549906,-0.11367673179395868
244.5,232.8,245.48,224.04,117485.0,2751240448.0,2023,5,4,15,0,2023-05-04 15:00,117485.0,-0.06693386773547094,0.09604519774011577,109604.51977401158,132532.95668549906,-0.17300177619893212
228.88,207.98,240.5,200.73,196300.0,4256183552.0,2023,5,5,15,0,2023-05-05 15:00,196300.0,-0.10661512027491415,-0.02080979284368878,97919.02071563112,132532.95668549906,-0.2611722912966234
203.0,208.39,215.01,199.0,108366.0,2259884032.0,2023,5,8,15,0,2023-05-08 15:00,108366.0,0.0019713433984036577,-0.018879472693029697,98112.05273069703,132532.95668549906,-0.2597158081705133
208.16,211.4,218.3,204.11,112522.0,2408664576.0,2023,5,9,15,0,2023-05-09 15:00,112522.0,0.01444407121263036,-0.004708097928434407,99529.19020715656,132532.95668549906,-0.24902309058614377
206.03,199.08,212.93,191.41,138080.0,2759834624.0,2023,5,10,15,0,2023-05-10 15:00,138080.0,-0.05827814569536416,-0.06271186440677723,93728.81355932228,132532.95668549906,-0.29278863232681873
201.62,196.02,205.6,196.0,82152.0,1636411136.0,2023,5,11,15,0,2023-05-11 15:00,82152.0,-0.015370705244122984,-0.07711864406779423,92288.13559322058,132532.95668549906,-0.3036589698046163
195.97,196.0,204.5,192.11,75027.0,1489746432.0,2023,5,12,15,0,2023-05-12 15:00,75027.0,-0.0001020304050607379,-0.07721280602636305,92278.71939736369,132532.95668549906,-0.30373001776198766
200.0,188.45,201.58,177.0,177145.0,3293823488.0,2023,5,15,15,0,2023-05-15 15:00,177145.0,-0.03852040816326541,-0.1127589453860619,88724.1054613938,132532.95668549906,-0.3305506216696254
191.08,184.51,193.0,183.33,102618.0,1929752064.0,2023,5,16,15,0,2023-05-16 15:00,102618.0,-0.020907402494030225,-0.1313088512241034,86869.11487758966,132532.95668549906,-0.3445470692717569
184.0,187.54,192.66,183.82,80121.0,1509135872.0,2023,5,17,15,0,2023-05-17 15:00,80121.0,0.01642187415316254,-0.11704331450093941,88295.66854990605,132532.95668549906,-0.33378330373001613
192.22,196.81,204.5,188.0,163933.0,3230820608.0,2023,5,18,15,0,2023-05-18 15:00,163933.0,0.04942945504958951,-0.07339924670432907,92660.07532956709,132532.95668549906,-0.30085257548845296
205.9,195.3,213.8,193.92,138467.0,2838526208.0,2023,5,19,15,0,2023-05-19 15:00,138467.0,-0.007672374371220925,-0.08050847457626875,91949.15254237312,132532.95668549906,-0.3062166962699804
189.14,188.65,201.89,186.0,94895.0,1826715904.0,2023,5,22,15,0,2023-05-22 15:00,94895.0,-0.03405017921146958,-0.11181732580037429,88818.26741996258,132532.95668549906,-0.3298401420959129
187.84,184.11,190.98,183.36,82686.0,1541882752.0,2023,5,23,15,0,2023-05-23 15:00,82686.0,-0.024065730188179146,-0.13319209039547786,86680.79096045221,132532.95668549906,-0.3459680284191812
183.92,182.0,188.55,175.05,104854.0,1900145792.0,2023,5,24,15,0,2023-05-24 15:00,104854.0,-0.011460539894628252,-0.14312617702447983,85687.38229755202,132532.95668549906,-0.3534635879218455
195.0,194.5,203.0,184.17,160828.0,3099925760.0,2023,5,25,15,0,2023-05-25 15:00,160828.0,0.06868131868131866,-0.08427495291901832,91572.50470809817,132532.95668549906,-0.30905861456482936
194.0,224.0,233.4,193.03,193492.0,4155578880.0,2023,5,26,15,0,2023-05-26 15:00,193492.0,0.1516709511568124,0.054613935969870964,105461.3935969871,132532.95668549906,-0.20426287744227142
225.99,219.6,232.58,218.4,150876.0,3388178688.0,2023,5,29,15,0,2023-05-29 15:00,150876.0,-0.019642857142857184,0.03389830508474856,103389.83050847486,132532.95668549906,-0.21989342806394102
218.08,234.8,239.8,214.11,121654.0,2757265152.0,2023,5,30,15,0,2023-05-30 15:00,121654.0,0.06921675774134806,0.10546139359698992,110546.139359699,132532.95668549906,-0.16589698046180934
233.45,254.19,254.19,227.0,145701.0,3460211712.0,2023,5,31,15,0,2023-05-31 15:00,145701.0,0.08258091993185679,0.19675141242938166,119675.14124293816,132532.95668549906,-0.09701598579040618
248.0,237.01,259.24,237.0,121859.0,3007753216.0,2023,6,1,15,0,2023-06-01 15:00,121859.0,-0.06758723789291476,0.1158662900188352,111586.62900188351,132532.95668549906,-0.15804618117228922
241.0,228.7,244.58,224.84,118295.0,2732752128.0,2023,6,2,15,0,2023-06-02 15:00,118295.0,-0.03506181173790135,0.07674199623352429,107674.19962335243,132532.95668549906,-0.18756660746003354
227.7,230.32,235.24,225.0,89765.0,2066278400.0,2023,6,5,15,0,2023-06-05 15:00,89765.0,0.007083515522518624,0.08436911487759224,108436.91148775922,132532.95668549906,-0.18181172291296416
227.0,223.25,232.18,219.0,91595.0,2059426432.0,2023,6,6,15,0,2023-06-06 15:00,91595.0,-0.03069642236887804,0.051082862523543326,105108.28625235433,132532.95668549906,-0.20692717584369236
221.09,221.2,226.53,217.12,71106.0,1572973440.0,2023,6,7,15,0,2023-06-07 15:00,71106.0,-0.009182530795072807,0.041431261770247696,104143.12617702477,132532.95668549906,-0.21420959147424296
218.0,221.01,223.65,213.01,71395.0,1562324224.0,2023,6,8,15,0,2023-06-08 15:00,71395.0,-0.0008589511754069079,0.04053672316384471,104053.67231638447,132532.95668549906,-0.21488454706926954
221.01,226.78,228.65,209.0,142428.0,3102521856.0,2023,6,9,15,0,2023-06-09 15:00,142428.0,0.026107415954029323,0.06770244821092586,106770.24482109258,132532.95668549906,-0.1943872113676709
224.56,220.21,234.56,219.0,113730.0,2574783744.0,2023,6,12,15,0,2023-06-12 15:00,113730.0,-0.028970808713290386,0.036770244821095366,103677.02448210954,132532.95668549906,-0.2177264653641184
219.48,232.9,235.99,213.1,127299.0,2884886528.0,2023,6,13,15,0,2023-06-13 15:00,127299.0,0.05762681077153631,0.09651600753296008,109651.600753296,132532.95668549906,-0.17264653641207559
229.6,224.8,231.88,218.86,122667.0,2747666944.0,2023,6,14,15,0,2023-06-14 15:00,122667.0,-0.034778875053671054,0.058380414312620976,105838.0414312621,132532.95668549906,-0.201420959147422
227.5,211.0,230.89,211.0,120101.0,2626054912.0,2023,6,15,15,0,2023-06-15 15:00,120101.0,-0.06138790035587194,-0.006591337099808636,99340.86629001914,132532.95668549906,-0.2504440497335678
206.9,222.85,222.88,202.63,136474.0,2923130368.0,2023,6,16,15,0,2023-06-16 15:00,136474.0,0.056161137440758235,0.049199623352168986,104919.9623352169,132532.95668549906,-0.2083481349911165
227.0,239.1,242.68,224.01,169707.0,3991358464.0,2023,6,19,15,0,2023-06-19 15:00,169707.0,0.07291900381422489,0.12570621468926912,112570.62146892691,132532.95668549906,-0.1506216696269955
244.0,267.0,269.5,231.1,204306.0,5061736448.0,2023,6,20,15,0,2023-06-20 15:00,204306.0,0.11668757841907151,0.25706214689265927,125706.21468926592,132532.95668549906,-0.05150976909413561
256.69,230.98,257.0,230.0,152779.0,3726921472.0,2023,6,21,15,0,2023-06-21 15:00,152779.0,-0.13490636704119852,0.0874764595103612,108747.64595103612,132532.95668549906,-0.17946714031971325
221.0,202.5,224.54,200.24,151023.0,3169393920.0,2023,6,26,15,0,2023-06-26 15:00,151023.0,-0.1233007186769417,-0.04661016949152241,95338.98305084776,132532.95668549906,-0.28063943161633875
198.0,196.69,202.65,195.0,79540.0,1575126144.0,2023,6,27,15,0,2023-06-27 15:00,79540.0,-0.02869135802469136,-0.07396421845574097,92603.57815442591,132532.95668549906,-0.3012788632326798
209.99,202.95,215.0,198.5,162204.0,3352777728.0,2023,6,28,15,0,2023-06-28 15:00,162204.0,0.031826732421577075,-0.04449152542372581,95550.84745762742,132532.95668549906,-0.27904085257548616
202.0,193.0,204.77,183.3,144866.0,2784893184.0,2023,6,29,15,0,2023-06-29 15:00,144866.0,-0.04902685390490258,-0.09133709981167315,90866.29001883269,132532.95668549906,-0.3143872113676709
189.94,188.0,193.0,183.02,109527.0,2049782272.0,2023,6,30,15,0,2023-06-30 15:00,109527.0,-0.025906735751295318,-0.11487758945385773,88512.24105461422,132532.95668549906,-0.33214920071047743
187.02,192.54,199.0,181.0,114307.0,2160024832.0,2023,7,3,15,0,2023-07-03 15:00,114307.0,0.024148936170212743,-0.09350282485875405,90649.7175141246,132532.95668549906,-0.31602131438720904
190.0,202.41,205.2,187.28,118368.0,2349023744.0,2023,7,4,15,0,2023-07-04 15:00,118368.0,0.051262075412901176,-0.047033898305081645,95296.61016949183,132532.95668549906,-0.2809591474245092
199.49,200.8,206.74,196.51,74936.0,1511239808.0,2023,7,5,15,0,2023-07-05 15:00,74936.0,-0.007954152462822939,-0.05461393596986508,94538.60640301349,132532.95668549906,-0.2866785079928929
198.22,206.82,217.8,198.22,109094.0,2293471488.0,2023,7,6,15,0,2023-07-06 15:00,109094.0,0.029980079681274807,-0.026271186440674832,97372.88135593252,132532.95668549906,-0.2652930728241539
206.82,195.43,209.6,187.87,93416.0,1833783040.0,2023,7,7,15,0,2023-07-07 15:00,93416.0,-0.055072043322695996,-0.07989642184557133,92010.35781544287,132532.95668549906,-0.30575488454706695
195.43,196.96,205.0,194.11,67465.0,1343084160.0,2023,7,10,15,0,2023-07-10 15:00,67465.0,0.007828890139691902,-0.07269303201506294,92730.69679849371,132532.95668549906,-0.30031971580816824
197.62,210.3,218.0,195.35,115003.0,2411368704.0,2023,7,11,15,0,2023-07-11 15:00,115003.0,0.06772948822095848,-0.009887005649714453,99011.29943502856,132532.95668549906,-0.2529307282415607
212.01,196.29,214.5,195.59,93959.0,1917407616.0,2023,7,12,15,0,2023-07-12 15:00,93959.0,-0.06661911554921551,-0.07584745762711587,92415.25423728842,132532.95668549906,-0.3026998223801044
199.9,200.1,204.48,192.18,96861.0,1924027776.0,2023,7,13,15,0,2023-07-13 15:00,96861.0,0.019410056548983645,-0.05790960451977123,94209.03954802288,132532.95668549906,-0.28916518650088596
205.1,206.01,213.6,201.91,98343.0,2040119936.0,2023,7,14,15,0,2023-07-14 15:00,98343.0,0.029535232383808063,-0.03008474576270903,96991.5254237291,132532.95668549906,-0.2681705150976888
199.0,200.2,210.55,193.86,80898.0,1623913216.0,2023,7,17,15,0,2023-07-17 15:00,80898.0,-0.0282025144410466,-0.05743879472692759,94256.12052730724,132532.95668549906,-0.2888099467140299
196.95,185.0,198.93,183.01,126504.0,2388990208.0,2023,7,18,15,0,2023-07-18 15:00,126504.0,-0.0759240759240759,-0.12900188323916884,87099.81167608312,132532.95668549906,-0.34280639431616144
185.0,182.37,189.99,182.3,66188.0,1230412416.0,2023,7,19,15,0,2023-07-19 15:00,66188.0,-0.01421621621621616,-0.14138418079095794,85861.58192090421,132532.95668549906,-0.3521492007104776
184.0,176.0,184.0,175.33,86671.0,1552013568.0,2023,7,20,15,0,2023-07-20 15:00,86671.0,-0.034928990513790614,-0.17137476459510115,82862.52354048988,132532.95668549906,-0.3747779751332131
172.76,170.9,176.13,167.26,98576.0,1686290432.0,2023,7,21,15,0,2023-07-21 15:00,98576.0,-0.028977272727272685,-0.19538606403012948,80461.39359698705,132532.95668549906,-0.39289520426287566
167.5,167.16,175.0,166.51,87741.0,1490250112.0,2023,7,24,15,0,2023-07-24 15:00,87741.0,-0.021884142773551885,-0.2129943502824837,78700.56497175164,132532.95668549906,-0.4061811722912949
169.0,167.0,172.25,164.0,90631.0,1520900480.0,2023,7,25,15,0,2023-07-25 15:00,90631.0,-0.0009571667863125244,-0.21374764595103357,78625.23540489664,132532.95668549906,-0.4067495559502648
171.42,169.42,175.75,167.0,104380.0,1787902848.0,2023,7,26,15,0,2023-07-26 15:00,104380.0,0.014491017964071817,-0.20235404896421627,79764.59510357838,132532.95668549906,-0.3981527531083464
167.0,165.14,168.51,163.41,64579.0,1069843584.0,2023,7,27,15,0,2023-07-27 15:00,64579.0,-0.02526266084287565,-0.22250470809792622,77749.52919020738,132532.95668549906,-0.4133570159857887
162.0,160.8,163.35,157.5,93064.0,1493469440.0,2023,7,28,15,0,2023-07-28 15:00,93064.0,-0.026280731500544885,-0.2429378531073424,75706.21468926576,132532.95668549906,-0.42877442273534466
159.54,164.01,166.99,156.41,77526.0,1270279552.0,2023,7,31,15,0,2023-07-31 15:00,77526.0,0.019962686567164045,-0.22782485875705993,77217.514124294,132532.95668549906,-0.417371225577263
164.02,164.77,166.49,159.0,67097.0,1094123520.0,2023,8,1,15,0,2023-08-01 15:00,67097.0,0.004633863788793491,-0.22424670433144778,77575.32956685522,132532.95668549906,-0.41467140319715634
164.0,166.9,169.58,163.01,69177.0,1151269888.0,2023,8,2,15,0,2023-08-02 15:00,69177.0,0.012927110517691354,-0.2142184557438771,78578.15442561229,132532.95668549906,-0.4071047957371208
163.5,168.21,171.26,161.6,67918.0,1141072256.0,2023,8,3,15,0,2023-08-03 15:00,67918.0,0.007849011384062354,-0.2080508474576247,79194.91525423752,132532.95668549906,-0.4024511545293055
168.22,172.86,173.57,166.9,76789.0,1313793536.0,2023,8,4,15,0,2023-08-04 15:00,76789.0,0.027644016408061356,-0.18615819209039297,81384.1807909607,132532.95668549906,-0.3859325044404954
173.47,169.75,177.62,168.97,67721.0,1168427392.0,2023,8,7,15,0,2023-08-07 15:00,67721.0,-0.017991438158047046,-0.2008003766478319,79919.96233521681,132532.95668549906,-0.3969804618117211
169.54,169.15,172.33,168.4,40972.0,697075584.0,2023,8,8,15,0,2023-08-08 15:00,40972.0,-0.003534609720176718,-0.20362523540489408,79637.4764595106,132532.95668549906,-0.3991119005328579
167.39,165.12,169.8,165.12,47906.0,797950272.0,2023,8,9,15,0,2023-08-09 15:00,47906.0,-0.023825007389890684,-0.22259887005649492,77740.11299435051,132532.95668549906,-0.4134280639431599
164.44,164.0,166.39,163.02,34501.0,567667712.0,2023,8,10,15,0,2023-08-10 15:00,34501.0,-0.006782945736434121,-0.22787193973634434,77212.80602636556,132532.95668549906,-0.41740674955594864
164.8,158.0,166.0,158.0,46343.0,749031040.0,2023,8,11,15,0,2023-08-11 15:00,46343.0,-0.03658536585365857,-0.2561205273069659,74387.94726930342,132532.95668549906,-0.4387211367673163
156.86,159.4,159.59,154.9,54589.0,858071552.0,2023,8,14,15,0,2023-08-14 15:00,54589.0,0.008860759493670933,-0.24952919020715414,75047.08097928458,132532.95668549906,-0.4337477797513305
161.52,158.57,164.74,158.25,41583.0,669112832.0,2023,8,15,15,0,2023-08-15 15:00,41583.0,-0.005207026348808097,-0.2534369114877568,74656.30885122431,132532.95668549906,-0.43669626998223643
157.01,152.8,158.5,152.3,49949.0,771610240.0,2023,8,16,15,0,2023-08-16 15:00,49949.0,-0.03638771520464135,-0.28060263653483775,71939.73634651622,132532.95668549906,-0.457193605683835
151.95,156.94,161.3,151.55,66839.0,1055626944.0,2023,8,17,15,0,2023-08-17 15:00,66839.0,0.027094240837696182,-0.26111111111110896,73888.88888888911,132532.95668549906,-0.4424866785079912
159.75,151.4,162.0,151.4,49650.0,768025216.0,2023,8,18,15,0,2023-08-18 15:00,49650.0,-0.03530011469351335,-0.2871939736346495,71280.60263653506,132532.95668549906,-0.4621669626998207
149.22,151.4,156.36,149.22,39794.0,609719104.0,2023,8,21,15,0,2023-08-21 15:00,39794.0,0.0,-0.2871939736346495,71280.60263653506,132532.95668549906,-0.4621669626998207
155.8,157.61,158.5,151.17,54283.0,840207872.0,2023,8,22,15,0,2023-08-22 15:00,54283.0,0.041017173051519196,-0.25795668549905615,74204.33145009438,132532.95668549906,-0.4401065719360552
155.82,150.14,156.0,149.01,48611.0,732871360.0,2023,8,23,15,0,2023-08-23 15:00,48611.0,-0.04739546983059473,-0.2931261770244802,70687.38229755199,132532.95668549906,-0.46664298401420806
153.88,150.3,156.49,150.0,53143.0,813653952.0,2023,8,24,15,0,2023-08-24 15:00,53143.0,0.0010656720394299768,-0.2923728813559302,70762.71186440699,132532.95668549906,-0.46607460035523823
145.77,140.52,146.3,139.23,76153.0,1080616320.0,2023,8,25,15,0,2023-08-25 15:00,76153.0,-0.06506986027944117,-0.3384180790960434,66158.19209039566,132532.95668549906,-0.5008170515097677
154.0,145.1,154.0,142.91,69128.0,1011498816.0,2023,8,28,15,0,2023-08-28 15:00,69128.0,0.032593225163677575,-0.3168549905838024,68314.50094161976,132532.95668549906,-0.4845470692717571
145.31,145.96,149.2,142.0,79729.0,1160084096.0,2023,8,29,15,0,2023-08-29 15:00,79729.0,0.005926946933149546,-0.3128060263653466,68719.39736346534,132532.95668549906,-0.4814920071047944
148.0,159.86,162.0,147.99,138046.0,2156188160.0,2023,8,30,15,0,2023-08-30 15:00,138046.0,0.09523157029323115,-0.24736346516007324,75263.65348399268,132532.95668549906,-0.43211367673179235
154.0,158.8,163.19,152.7,116574.0,1832641408.0,2023,8,31,15,0,2023-08-31 15:00,116574.0,-0.006630801951707732,-0.2523540489642163,74764.59510357837,132532.95668549906,-0.4358792184724673
159.5,148.83,160.5,145.0,104652.0,1581215488.0,2023,9,1,15,0,2023-09-01 15:00,104652.0,-0.06278337531486144,-0.2992937853107325,70070.62146892675,132532.95668549906,-0.47129662522202337
148.73,148.88,148.88,143.0,72064.0,1052481984.0,2023,9,4,15,0,2023-09-04 15:00,72064.0,0.00033595377276074423,-0.29905838041431076,70094.16195856892,132532.95668549906,-0.4711190053285954
150.9,144.5,153.0,143.43,87145.0,1291178240.0,2023,9,5,15,0,2023-09-05 15:00,87145.0,-0.02941966684578179,-0.31967984934086446,68032.01506591355,132532.95668549906,-0.4866785079928938
142.84,152.95,153.74,141.0,114442.0,1697748096.0,2023,9,6,15,0,2023-09-06 15:00,114442.0,0.05847750865051893,-0.2798964218455725,72010.35781544275,132532.95668549906,-0.45666074600355094
148.98,138.88,148.98,138.51,116776.0,1669119872.0,2023,9,7,15,0,2023-09-07 15:00,116776.0,-0.09199084668192214,-0.34613935969868004,65386.064030131995,132532.95668549906,-0.5066429840142083
137.39,140.48,142.38,137.39,79199.0,1114374528.0,2023,9,8,15,0,2023-09-08 15:00,79199.0,0.011520737327188835,-0.338606403013181,66139.3596986819,132532.95668549906,-0.5009591474245102
140.25,141.09,144.99,137.81,82869.0,1169730176.0,2023,9,11,15,0,2023-09-11 15:00,82869.0,0.004342255125284744,-0.33573446327683454,66426.55367231654,132532.95668549906,-0.49879218472468795
140.8,142.2,144.55,139.58,65506.0,931325440.0,2023,9,12,15,0,2023-09-12 15:00,65506.0,0.007867318732723616,-0.33050847457626964,66949.15254237303,132532.95668549906,-0.494849023090585
141.8,136.38,141.8,134.1,72490.0,991747904.0,2023,9,13,15,0,2023-09-13 15:00,72490.0,-0.040928270042194015,-0.3579096045197725,64209.03954802275,132532.95668549906,-0.5155239786856116
135.79,133.58,136.9,133.33,43091.0,580164544.0,2023,9,14,15,0,2023-09-14 15:00,43091.0,-0.020530869628977766,-0.3710922787193959,62890.77212806041,132532.95668549906,-0.5254706927175833
134.3,133.97,134.4,130.0,70883.0,936754496.0,2023,9,15,15,0,2023-09-15 15:00,70883.0,0.0029195987423265013,-0.3692561205273056,63074.38794726944,132532.95668549906,-0.5240852575488444
131.48,129.2,133.75,128.32,63448.0,828088000.0,2023,9,18,15,0,2023-09-18 15:00,63448.0,-0.035604986190938326,-0.3917137476459498,60828.62523540502,132532.95668549906,-0.5410301953818818
129.0,126.79,129.78,126.3,52930.0,674976704.0,2023,9,19,15,0,2023-09-19 15:00,52930.0,-0.018653250773993713,-0.4030602636534827,59693.97363465173,132532.95668549906,-0.5495914742451145
126.78,123.3,128.36,123.0,63860.0,798629952.0,2023,9,20,15,0,2023-09-20 15:00,63860.0,-0.027525830112784977,-0.4194915254237276,58050.84745762724,132532.95668549906,-0.5619893428063933
122.27,123.8,127.5,122.0,64719.0,810500480.0,2023,9,21,15,0,2023-09-21 15:00,64719.0,0.0040551500405514584,-0.41713747645950916,58286.25235404909,132532.95668549906,-0.5602131438721126
124.67,130.49,132.5,123.01,99387.0,1283800320.0,2023,9,22,15,0,2023-09-22 15:00,99387.0,0.05403877221324738,-0.385640301318266,61435.9698681734,132532.95668549906,-0.5364476021314376
129.69,126.13,131.69,125.73,66401.0,851611520.0,2023,9,25,15,0,2023-09-25 15:00,66401.0,-0.0334125220323398,-0.4061676082862511,59383.23917137489,132532.95668549906,-0.551936056838365
127.84,130.42,134.45,126.21,94125.0,1235699456.0,2023,9,26,15,0,2023-09-26 15:00,94125.0,0.03401252675810662,-0.38596986817325674,61403.01318267432,132532.95668549906,-0.536696269982237
128.13,126.8,130.58,126.34,74434.0,952625536.0,2023,9,27,15,0,2023-09-27 15:00,74434.0,-0.02775647906762757,-0.4030131826741983,59698.681732580175,132532.95668549906,-0.5495559502664288
127.05,123.95,130.41,123.19,70010.0,880353728.0,2023,9,28,15,0,2023-09-28 15:00,70010.0,-0.02247634069400628,-0.4164312617702435,58356.87382297565,132532.95668549906,-0.5596802841918286
123.26,126.03,132.27,121.95,79263.0,1007613056.0,2023,10,9,15,0,2023-10-09 15:00,79263.0,0.016780960064542105,-0.40663841807909473,59336.15819209053,132532.95668549906,-0.552291296625221
126.0,123.62,127.8,122.92,53651.0,670751104.0,2023,10,10,15,0,2023-10-10 15:00,53651.0,-0.019122431167182374,-0.41798493408662774,58201.506591337224,132532.95668549906,-0.5608525754884538
123.99,127.0,131.5,123.28,92370.0,1178113280.0,2023,10,11,15,0,2023-10-11 15:00,92370.0,0.027341854068920757,-0.402071563088511,59792.8436911489,132532.95668549906,-0.5488454706927166
126.74,123.9,129.5,122.59,61692.0,769872512.0,2023,10,12,15,0,2023-10-12 15:00,61692.0,-0.024409448818897617,-0.4166666666666654,58333.33333333346,132532.95668549906,-0.5598579040852566
122.04,121.04,124.43,119.0,82642.0,1001244608.0,2023,10,13,15,0,2023-10-13 15:00,82642.0,-0.023083131557707803,-0.430131826741995,56986.8173258005,132532.95668549906,-0.5700177619893418
120.0,117.05,120.77,115.9,78689.0,927443712.0,2023,10,16,15,0,2023-10-16 15:00,78689.0,-0.03296430931923333,-0.44891713747645834,55108.28625235416,132532.95668549906,-0.5841918294849014
118.0,115.47,118.68,114.75,59246.0,686742144.0,2023,10,17,15,0,2023-10-17 15:00,59246.0,-0.013498504912430542,-0.45635593220338866,54364.406779661134,132532.95668549906,-0.5898046181172283
125.98,120.2,131.0,119.23,171374.0,2137531520.0,2023,10,18,15,0,2023-10-18 15:00,171374.0,0.04096302069801694,-0.434086629001882,56591.3370998118,132532.95668549906,-0.5730017761989334
119.0,144.24,144.24,119.0,209581.0,2888313344.0,2023,10,19,15,0,2023-10-19 15:00,209581.0,0.19999999999999996,-0.3209039548022584,67909.60451977416,132532.95668549906,-0.48760213143872
144.0,135.55,147.0,131.58,243677.0,3343333632.0,2023,10,20,15,0,2023-10-20 15:00,243677.0,-0.060246810870770884,-0.3618173258003752,63818.26741996248,132532.95668549906,-0.5184724689165175
134.07,108.44,136.52,108.44,243066.0,2877265152.0,2023,10,23,15,0,2023-10-23 15:00,243066.0,-0.20000000000000007,-0.48945386064030016,51054.61393596998,132532.95668549906,-0.6147779751332141
107.1,108.66,113.0,104.44,169787.0,1844404096.0,2023,10,24,15,0,2023-10-24 15:00,169787.0,0.002028771670970153,-0.48841807909604407,51158.19209039559,132532.95668549906,-0.6139964476021306
111.02,112.68,121.0,111.02,170675.0,1977777280.0,2023,10,25,15,0,2023-10-25 15:00,170675.0,0.03699613473219232,-0.4694915254237275,53050.84745762725,132532.95668549906,-0.5997158081705142
112.12,111.26,118.0,108.33,127282.0,1428067584.0,2023,10,26,15,0,2023-10-26 15:00,127282.0,-0.012602058927937532,-0.47617702448210797,52382.297551789205,132532.95668549906,-0.6047602131438712
110.07,109.16,112.96,107.91,102966.0,1131982080.0,2023,10,27,15,0,2023-10-27 15:00,102966.0,-0.018874707891425535,-0.48606403013182553,51393.59698681744,132532.95668549906,-0.6122202486678499
109.22,109.68,110.69,106.88,102072.0,1111752064.0,2023,10,30,15,0,2023-10-30 15:00,102072.0,0.004763649688530602,-0.4836158192090383,51638.41807909617,132532.95668549906,-0.610373001776198
109.41,107.23,109.76,106.1,72738.0,780631936.0,2023,10,31,15,0,2023-10-31 15:00,72738.0,-0.022337709700948283,-0.4951506591337088,50484.93408662912,132532.95668549906,-0.6190763765541732
106.88,108.0,112.87,105.5,128417.0,1398508672.0,2023,11,1,15,0,2023-11-01 15:00,128417.0,0.007180826261307338,-0.49152542372881247,50847.457627118754,132532.95668549906,-0.616341030195381
110.0,104.75,110.76,104.62,82548.0,882502400.0,2023,11,2,15,0,2023-11-02 15:00,82548.0,-0.03009259259259256,-0.5068267419962325,49317.325800376755,132532.95668549906,-0.6278863232682053
104.79,109.03,109.98,104.62,106156.0,1146162176.0,2023,11,3,15,0,2023-11-03 15:00,106156.0,0.040859188544152714,-0.4866760828625224,51332.39171374776,132532.95668549906,-0.6126820603907629
110.9,116.77,117.76,110.84,150221.0,1733261824.0,2023,11,6,15,0,2023-11-06 15:00,150221.0,0.07098963588003304,-0.45023540489642055,54976.45951035794,132532.95668549906,-0.5851865008880985
116.39,122.82,126.49,115.5,147472.0,1799866496.0,2023,11,7,15,0,2023-11-07 15:00,147472.0,0.0518112528902972,-0.4217514124293772,57824.858757062284,132532.95668549906,-0.5636944937833026
127.25,134.99,143.65,125.5,211197.0,2820234240.0,2023,11,8,15,0,2023-11-08 15:00,211197.0,0.09908809640123772,-0.3644538606402997,63554.613935970025,132532.95668549906,-0.5204618117229117
132.04,132.52,144.44,132.04,163858.0,2250511616.0,2023,11,9,15,0,2023-11-09 15:00,163858.0,-0.018297651677902094,-0.37608286252353895,62391.71374764611,132532.95668549906,-0.5292362344582582
129.79,136.99,139.21,129.0,160863.0,2172587520.0,2023,11,10,15,0,2023-11-10 15:00,160863.0,0.033730757621491136,-0.3550376647834259,64496.23352165741,132532.95668549906,-0.5133570159857892
139.01,135.19,139.63,132.6,132062.0,1783504896.0,2023,11,13,15,0,2023-11-13 15:00,132062.0,-0.013139645229578889,-0.36351224105461244,63648.775894538754,132532.95668549906,-0.5197513321491996
134.48,153.02,155.4,132.3,209151.0,3002181888.0,2023,11,14,15,0,2023-11-14 15:00,209151.0,0.13188845328796517,-0.2795668549905821,72043.3145009418,132532.95668549906,-0.4564120781527518
150.0,151.5,163.5,147.62,231228.0,3556855296.0,2023,11,15,15,0,2023-11-15 15:00,231228.0,-0.009933342046791305,-0.2867231638418063,71327.68361581938,132532.95668549906,-0.46181172291296496
150.01,151.95,157.6,148.01,153810.0,2349840384.0,2023,11,16,15,0,2023-11-16 15:00,153810.0,0.002970297029702973,-0.2846045197740097,71539.54802259903,132532.95668549906,-0.46021314387211243
152.6,153.7,154.33,145.09,143012.0,2145862144.0,2023,11,17,15,0,2023-11-17 15:00,143012.0,0.01151694636393552,-0.2763653483992451,72363.46516007549,132532.95668549906,-0.45399644760213026
153.7,165.43,169.8,152.0,189709.0,3038259712.0,2023,11,20,15,0,2023-11-20 15:00,189709.0,0.07631750162654538,-0.22113935969867993,77886.06403013201,132532.95668549906,-0.41232682060390624
163.21,155.0,167.5,155.0,129255.0,2069587456.0,2023,11,21,15,0,2023-11-21 15:00,129255.0,-0.06304781478570998,-0.270244821092277,72975.5178907723,132532.95668549906,-0.44937833037300046
156.01,152.78,157.89,148.6,125801.0,1921661440.0,2023,11,22,15,0,2023-11-22 15:00,125801.0,-0.014322580645161231,-0.2806967984934069,71930.3201506593,132532.95668549906,-0.4572646536412065
151.93,152.03,153.23,145.38,86217.0,1291457664.0,2023,11,23,15,0,2023-11-23 15:00,86217.0,-0.004909019505170864,-0.28422787193973464,71577.21280602654,132532.95668549906,-0.45992895204262746
151.01,142.08,151.05,140.7,122031.0,1764740864.0,2023,11,24,15,0,2023-11-24 15:00,122031.0,-0.0654476090245345,-0.331073446327682,66892.6553672318,132532.95668549906,-0.4952753108348123
139.51,144.01,146.55,139.0,103941.0,1489674368.0,2023,11,27,15,0,2023-11-27 15:00,103941.0,0.013583896396396344,-0.3219868173257988,67801.31826742012,132532.95668549906,-0.488419182948489
144.0,144.1,146.99,142.41,76526.0,1105728640.0,2023,11,28,15,0,2023-11-28 15:00,76526.0,0.0006249566002360929,-0.32156308851223947,67843.69114877605,132532.95668549906,-0.48809946714031854
143.03,142.8,146.97,142.4,70903.0,1024742592.0,2023,11,29,15,0,2023-11-29 15:00,70903.0,-0.009021512838306656,-0.32768361581920746,67231.63841807925,132532.95668549906,-0.4927175843694482
141.66,149.81,149.97,141.2,114339.0,1679681792.0,2023,11,30,15,0,2023-11-30 15:00,114339.0,0.04908963585434156,-0.2946798493408648,70532.01506591353,132532.95668549906,-0.4678152753108336
149.0,155.0,156.32,147.0,123367.0,1882313472.0,2023,12,1,15,0,2023-12-01 15:00,123367.0,0.03464388225085102,-0.2702448210922772,72975.51789077227,132532.95668549906,-0.4493783303730007
160.99,157.82,166.0,157.7,134826.0,2192673024.0,2023,12,4,15,0,2023-12-04 15:00,134826.0,0.018193548387096747,-0.2569679849340851,74303.20150659149,132532.95668549906,-0.43936056838365783
157.82,153.0,163.5,152.93,105065.0,1655895552.0,2023,12,5,15,0,2023-12-05 15:00,105065.0,-0.030541122798124376,-0.279661016949151,72033.89830508489,132532.95668549906,-0.4564831261101232
152.0,157.51,160.5,148.94,119643.0,1835139840.0,2023,12,6,15,0,2023-12-06 15:00,119643.0,0.02947712418300652,-0.25842749529190057,74157.25047080994,132532.95668549906,-0.4404618117229118
155.86,157.69,161.66,153.83,117868.0,1864571648.0,2023,12,7,15,0,2023-12-07 15:00,117868.0,0.0011427845851057494,-0.2575800376647819,74241.99623352182,132532.95668549906,-0.4398223801065707
159.98,169.42,172.58,159.35,192010.0,3183505408.0,2023,12,8,15,0,2023-12-08 15:00,192010.0,0.07438645443591851,-0.20235404896421683,79764.59510357832,132532.95668549906,-0.39815275310834686
165.01,169.99,172.33,163.88,109867.0,1849240576.0,2023,12,11,15,0,2023-12-11 15:00,109867.0,0.003364419785149453,-0.19967043314500765,80032.95668549923,132532.95668549906,-0.3961278863232669
168.0,154.0,168.22,153.18,160191.0,2555590400.0,2023,12,12,15,0,2023-12-12 15:00,160191.0,-0.0940643567268663,-0.27495291902071406,72504.7080979286,132532.95668549906,-0.45293072824156183
153.16,148.28,156.5,147.58,110993.0,1674220032.0,2023,12,13,15,0,2023-12-13 15:00,110993.0,-0.037142857142857144,-0.3018832391713733,69811.67608286267,132532.95668549906,-0.47325044404973243
149.4,148.85,154.4,148.0,93933.0,1417600000.0,2023,12,14,15,0,2023-12-14 15:00,93933.0,0.0038440787698947876,-0.2991996233521642,70080.03766478358,132532.95668549906,-0.4712255772646525
149.5,144.8,150.5,142.7,71478.0,1040001920.0,2023,12,15,15,0,2023-12-15 15:00,71478.0,-0.027208599261000943,-0.31826741996233365,68173.25800376663,132532.95668549906,-0.48561278863232565
143.5,145.45,147.85,142.05,58769.0,854951168.0,2023,12,18,15,0,2023-12-18 15:00,58769.0,0.0044889502762428535,-0.31520715630884977,68479.28436911502,132532.95668549906,-0.4833037300177609
143.66,148.78,151.44,143.15,66609.0,982017728.0,2023,12,19,15,0,2023-12-19 15:00,66609.0,0.022894465452045543,-0.29952919020715474,70047.08097928452,132532.95668549906,-0.4714742451154517
149.5,142.89,150.88,142.68,53984.0,785704000.0,2023,12,20,15,0,2023-12-20 15:00,53984.0,-0.03958865438903092,-0.32725988700564834,67274.01129943517,132532.95668549906,-0.4923978685612778
142.0,146.2,149.86,139.86,69980.0,1011548416.0,2023,12,21,15,0,2023-12-21 15:00,69980.0,0.023164672125411068,-0.31167608286252224,68832.39171374777,132532.95668549906,-0.4806394316163401
146.2,147.0,151.2,144.01,73948.0,1090205824.0,2023,12,22,15,0,2023-12-22 15:00,73948.0,0.005471956224350372,-0.30790960451977256,69209.03954802275,132532.95668549906,-0.4777975133214909
144.95,136.2,147.25,121.0,111384.0,1493921792.0,2023,12,25,15,0,2023-12-25 15:00,111384.0,-0.07346938775510214,-0.3587570621468914,64124.29378531086,132532.95668549906,-0.5161634103019529
134.2,132.5,136.94,130.15,72438.0,962743168.0,2023,12,26,15,0,2023-12-26 15:00,72438.0,-0.027165932452275943,-0.3761770244821079,62382.29755178921,132532.95668549906,-0.5293072824156296
134.44,131.51,134.96,131.49,47795.0,635522176.0,2023,12,27,15,0,2023-12-27 15:00,47795.0,-0.007471698113207581,-0.38083804143126043,61916.19585687396,132532.95668549906,-0.5328241563055052
133.0,132.11,135.67,130.95,65802.0,875027456.0,2023,12,28,15,0,2023-12-28 15:00,65802.0,0.004562390692723239,-0.37801318267419814,62198.68173258018,132532.95668549906,-0.5306927175843683
132.11,134.96,136.5,131.0,70684.0,948223488.0,2023,12,29,15,0,2023-12-29 15:00,70684.0,0.02157293164786922,-0.36459510357815295,63540.48964218471,132532.95668549906,-0.5205683836589686
136.0,134.9,138.5,130.5,64398.0,869851072.0,2024,1,2,15,0,2024-01-02 15:00,64398.0,-0.000444576170717248,-0.3648775894538592,63512.24105461408,132532.95668549906,-0.5207815275310824
134.0,127.96,134.6,126.92,82251.0,1064202688.0,2024,1,3,15,0,2024-01-03 15:00,82251.0,-0.051445515196441916,-0.39755178907721145,60244.82109227886,132532.95668549906,-0.5454351687388977
127.46,127.6,128.8,123.75,57127.0,721731264.0,2024,1,4,15,0,2024-01-04 15:00,57127.0,-0.0028133791809940023,-0.3992467043314487,60075.32956685513,132532.95668549906,-0.5467140319715798
127.89,125.1,128.72,123.8,44137.0,554913408.0,2024,1,5,15,0,2024-01-05 15:00,44137.0,-0.019592476489028177,-0.41101694915254094,58898.30508474591,132532.95668549906,-0.5555950266429829
124.5,122.09,125.1,119.78,57196.0,696710720.0,2024,1,8,15,0,2024-01-08 15:00,57196.0,-0.024060751398880864,-0.425188323917136,57481.1676082864,132532.95668549906,-0.5662877442273524
123.08,119.02,124.0,117.55,73944.0,883799936.0,2024,1,9,15,0,2024-01-09 15:00,73944.0,-0.02514538455237947,-0.4396421845574374,56035.78154425626,132532.95668549906,-0.5771936056838356
117.87,118.45,121.72,115.08,63114.0,745686080.0,2024,1,10,15,0,2024-01-10 15:00,63114.0,-0.0047891110737690035,-0.44232580037664637,55767.41996233536,132532.95668549906,-0.5792184724689154
118.4,120.39,121.99,118.0,54507.0,656163776.0,2024,1,11,15,0,2024-01-11 15:00,54507.0,0.016378218657661536,-0.4331920903954787,56680.790960452134,132532.95668549906,-0.5723268206039064
120.0,117.15,122.8,117.0,49922.0,594204992.0,2024,1,12,15,0,2024-01-12 15:00,49922.0,-0.02691253426364315,-0.44844632768361425,55155.36723163857,132532.95668549906,-0.583836589698045
118.0,120.8,124.9,117.1,86061.0,1046114880.0,2024,1,15,15,0,2024-01-15 15:00,86061.0,0.03115663679043945,-0.4312617702448196,56873.822975518044,132532.95668549906,-0.5708703374777964
119.5,122.76,124.59,119.5,85385.0,1042660800.0,2024,1,16,15,0,2024-01-16 15:00,85385.0,0.01622516556291398,-0.4220338983050832,57796.61016949168,132532.95668549906,-0.5639076376554163
123.58,123.92,127.8,123.18,98153.0,1228977536.0,2024,1,17,15,0,2024-01-17 15:00,98153.0,0.009449332029977109,-0.41657250470809637,58342.74952919036,132532.95668549906,-0.5597868561278851
121.0,131.5,131.5,118.51,106137.0,1333899008.0,2024,1,18,15,0,2024-01-18 15:00,106137.0,0.061168495803744394,-0.3808851224105445,61911.48775894555,132532.95668549906,-0.5328596802841905
131.9,131.68,133.54,128.3,77436.0,1014911872.0,2024,1,19,15,0,2024-01-19 15:00,77436.0,0.0013688212927758237,-0.3800376647834257,61996.23352165743,132532.95668549906,-0.5322202486678494
135.63,129.0,136.29,126.57,90472.0,1193443200.0,2024,1,22,15,0,2024-01-22 15:00,90472.0,-0.020352369380315927,-0.39265536723163663,60734.46327683634,132532.95668549906,-0.5417406749555936
127.0,134.72,136.5,124.15,93271.0,1225326336.0,2024,1,23,15,0,2024-01-23 15:00,93271.0,0.04434108527131775,-0.3657250470809774,63427.49529190226,132532.95668549906,-0.521420959147423
133.3,131.6,134.67,126.33,82017.0,1071366144.0,2024,1,24,15,0,2024-01-24 15:00,82017.0,-0.02315914489311166,-0.38041431261770065,61958.56873822994,132532.95668549906,-0.5325044404973344
132.05,132.81,134.48,127.4,72342.0,946868544.0,2024,1,25,15,0,2024-01-25 15:00,72342.0,0.009194528875380081,-0.3747175141242919,62528.24858757081,132532.95668549906,-0.5282060390763751
131.0,126.49,132.5,126.49,62572.0,810154368.0,2024,1,26,15,0,2024-01-26 15:00,62572.0,-0.047586778104058536,-0.4044726930320133,59552.73069679867,132532.95668549906,-0.5506571936056824
126.33,127.2,134.98,126.33,87421.0,1137235968.0,2024,1,29,15,0,2024-01-29 15:00,87421.0,0.005613091944027149,-0.40112994350282305,59887.00564971769,132532.95668549906,-0.5481349911190039
125.0,116.9,125.0,116.51,75189.0,899504576.0,2024,1,30,15,0,2024-01-30 15:00,75189.0,-0.08097484276729561,-0.44962335216572336,55037.66478342767,132532.95668549906,-0.5847246891651852
116.0,110.0,117.5,109.88,70748.0,800654976.0,2024,1,31,15,0,2024-01-31 15:00,70748.0,-0.05902480752780159,-0.4821092278719382,51789.07721280618,132532.95668549906,-0.6092362344582581
109.99,116.49,122.18,108.85,90950.0,1053767936.0,2024,2,1,15,0,2024-02-01 15:00,90950.0,0.05899999999999994,-0.45155367231638255,54844.63276836174,132532.95668549906,-0.5861811722912954
117.48,108.49,117.98,104.1,91139.0,1007055232.0,2024,2,2,15,0,2024-02-02 15:00,91139.0,-0.06867542278307148,-0.4892184557438779,51078.15442561221,132532.95668549906,-0.6146003552397856
108.82,103.03,109.88,95.85,110853.0,1153043840.0,2024,2,5,15,0,2024-02-05 15:00,110853.0,-0.050327219098534326,-0.5149246704331434,48507.53295668566,132532.95668549906,-0.6339964476021301
103.09,111.2,111.48,101.0,101018.0,1084607232.0,2024,2,6,15,0,2024-02-06 15:00,101018.0,0.079297292050859,-0.47645951035781375,52354.04896421862,132532.95668549906,-0.6049733570159845
111.53,110.88,114.68,109.18,81008.0,908218048.0,2024,2,7,15,0,2024-02-07 15:00,81008.0,-0.0028776978417266452,-0.4779661016949136,52203.38983050864,132532.95668549906,-0.6061101243339241
113.0,115.4,117.8,111.21,77761.0,891878400.0,2024,2,8,15,0,2024-02-08 15:00,77761.0,0.04076479076479078,-0.45668549905837874,54331.45009416212,132532.95668549906,-0.5900532859680272
124.2,134.03,135.6,121.3,116177.0,1476583424.0,2024,2,19,15,0,2024-02-19 15:00,116177.0,0.16143847487001728,-0.3689736346515988,63102.636534840116,132532.95668549906,-0.5238721136767304
130.98,129.3,132.4,126.66,96345.0,1252236032.0,2024,2,20,15,0,2024-02-20 15:00,96345.0,-0.035290606580616224,-0.3912429378531055,60875.70621468945,132532.95668549906,-0.5406749555950253
125.5,127.3,130.88,124.69,82120.0,1045794496.0,2024,2,21,15,0,2024-02-21 15:00,82120.0,-0.015467904098994678,-0.4006591337099794,59934.08662900206,132532.95668549906,-0.5477797513321478
133.9,139.88,147.88,133.85,123752.0,1731367936.0,2024,2,22,15,0,2024-02-22 15:00,123752.0,0.09882168106834244,-0.34143126177024297,65856.8738229757,132532.95668549906,-0.503090586145647
146.0,141.83,147.53,140.0,91003.0,1303370496.0,2024,2,23,15,0,2024-02-23 15:00,91003.0,0.013940520446096727,-0.33225047080979087,66774.95291902091,132532.95668549906,-0.4961634103019523
139.4,151.26,153.66,138.97,106168.0,1587048576.0,2024,2,26,15,0,2024-02-26 15:00,106168.0,0.06648804907283345,-0.28785310734463077,71214.68926553693,132532.95668549906,-0.46266429840141937
148.49,168.14,172.13,146.12,131924.0,2088950400.0,2024,2,27,15,0,2024-02-27 15:00,131924.0,0.11159592754198067,-0.20838041431261545,79161.95856873845,132532.95668549906,-0.4026998223801049
166.1,158.1,181.88,157.0,143263.0,2397109504.0,2024,2,28,15,0,2024-02-28 15:00,143263.0,-0.0597121446413702,-0.25564971751412213,74435.02824858778,132532.95668549906,-0.4383658969804602
158.18,168.66,170.77,158.15,123470.0,2046549120.0,2024,2,29,15,0,2024-02-29 15:00,123470.0,0.0667931688804555,-0.2059322033898281,79406.7796610172,132532.95668549906,-0.4008525754884528
168.93,170.0,172.95,165.0,104387.0,1772559616.0,2024,3,1,15,0,2024-03-01 15:00,104387.0,0.00794497806237393,-0.1996233521657227,80037.66478342772,132532.95668549906,-0.39609236234458084
175.0,177.4,179.9,169.5,106439.0,1866875648.0,2024,3,4,15,0,2024-03-04 15:00,106439.0,0.043529411764705817,-0.16478342749528951,83521.65725047105,132532.95668549906,-0.3698046181172273
174.0,175.0,189.5,171.21,147754.0,2691588352.0,2024,3,5,15,0,2024-03-05 15:00,147754.0,-0.013528748590755368,-0.1760828625235381,82391.7137476462,132532.95668549906,-0.37833037300177436
173.9,170.25,174.84,167.76,99035.0,1695278592.0,2024,3,6,15,0,2024-03-06 15:00,99035.0,-0.027142857142857135,-0.19844632768361348,80155.36723163865,132532.95668549906,-0.3952042628774405
173.04,164.76,175.28,163.5,108656.0,1835545216.0,2024,3,7,15,0,2024-03-07 15:00,108656.0,-0.03224669603524233,-0.22429378531073219,77570.62146892678,132532.95668549906,-0.41470692717584196
167.94,171.18,171.23,165.0,97467.0,1640144640.0,2024,3,8,15,0,2024-03-08 15:00,97467.0,0.038965768390386124,-0.19406779661016704,80593.2203389833,132532.95668549906,-0.3919005328596784
170.32,179.71,182.0,169.0,120910.0,2144002816.0,2024,3,11,15,0,2024-03-11 15:00,120910.0,0.04983058768547721,-0.15390772128060015,84609.22787193999,132532.95668549906,-0.36159857904085063
177.02,169.82,179.2,167.64,122762.0,2116639744.0,2024,3,12,15,0,2024-03-12 15:00,122762.0,-0.05503310889766855,-0.20047080979284138,79952.91902071587,132532.95668549906,-0.39673179396092184
175.0,171.5,178.6,171.0,102891.0,1802128640.0,2024,3,13,15,0,2024-03-13 15:00,102891.0,0.009892827699917506,-0.19256120527306742,80743.87947269325,132532.95668549906,-0.39076376554173897
166.66,172.5,174.99,166.51,94201.0,1610565248.0,2024,3,14,15,0,2024-03-14 15:00,94201.0,0.005830903790087438,-0.18785310734463057,81214.68926553694,132532.95668549906,-0.3872113676731777
171.23,171.45,174.0,165.49,85655.0,1454092160.0,2024,3,15,15,0,2024-03-15 15:00,85655.0,-0.006086956521739184,-0.19279661016948935,80720.33898305107,132532.95668549906,-0.39094138543516704
173.58,195.03,197.66,172.03,170813.0,3182789632.0,2024,3,18,15,0,2024-03-18 15:00,170813.0,0.1375328083989502,-0.08177966101694656,91822.03389830534,132532.95668549906,-0.30717584369449186
191.0,186.41,192.5,185.3,114945.0,2165963776.0,2024,3,19,15,0,2024-03-19 15:00,114945.0,-0.044198328462287884,-0.1223634651600729,87763.6534839927,132532.95668549906,-0.3377975133214902
186.0,185.26,191.0,182.98,83878.0,1561173632.0,2024,3,20,15,0,2024-03-20 15:00,83878.0,-0.006169196931495091,-0.12777777777777533,87222.22222222247,132532.95668549906,-0.34188277087033564
188.01,180.21,189.66,177.63,92828.0,1688572288.0,2024,3,21,15,0,2024-03-21 15:00,92828.0,-0.027258987369102816,-0.15155367231638173,84844.63276836183,132532.95668549906,-0.35982238010657003
179.3,181.31,183.22,175.99,89910.0,1618043648.0,2024,3,22,15,0,2024-03-22 15:00,89910.0,0.006103989789689734,-0.14637476459510113,85362.52354048988,132532.95668549906,-0.3559147424511527
181.48,182.88,193.0,178.68,117599.0,2190853376.0,2024,3,25,15,0,2024-03-25 15:00,117599.0,0.008659202470906235,-0.1389830508474551,86101.69491525448,132532.95668549906,-0.35033747779751145
181.04,172.6,186.68,170.49,97449.0,1731132544.0,2024,3,26,15,0,2024-03-26 15:00,97449.0,-0.05621172353455817,-0.1873822975517867,81261.77024482132,132532.95668549906,-0.3868561278863215
170.0,169.17,174.6,167.3,73345.0,1254064768.0,2024,3,27,15,0,2024-03-27 15:00,73345.0,-0.01987253765932795,-0.20353107344632537,79646.89265536747,132532.95668549906,-0.39904085257548666
169.17,178.66,182.88,166.38,103249.0,1817653376.0,2024,3,28,15,0,2024-03-28 15:00,103249.0,0.056097416799669064,-0.15885122410545893,84114.8775894541,132532.95668549906,-0.3653285968028401
176.7,173.46,179.1,167.49,84133.0,1451858816.0,2024,3,29,15,0,2024-03-29 15:00,84133.0,-0.029105563640434262,-0.1833333333333309,81666.6666666669,132532.95668549906,-0.38380106571935874
177.03,174.58,178.44,169.87,72329.0,1261660544.0,2024,4,1,15,0,2024-04-01 15:00,72329.0,0.006456820016142117,-0.1780602636534815,82193.97363465185,132532.95668549906,-0.37982238010657005
173.5,170.88,177.5,168.44,58831.0,1014626944.0,2024,4,2,15,0,2024-04-02 15:00,58831.0,-0.02119372207583925,-0.1954802259886982,80451.97740113018,132532.95668549906,-0.3929662522202469
168.2,162.1,170.6,158.5,96281.0,1567150464.0,2024,4,3,15,0,2024-04-03 15:00,96281.0,-0.05138108614232206,-0.2368173258003744,76318.26741996256,132532.95668549906,-0.42415630550621497
161.82,158.97,163.88,157.96,49610.0,797187328.0,2024,4,8,15,0,2024-04-08 15:00,49610.0,-0.019309068476249247,-0.25155367231638204,74844.6327683618,132532.95668549906,-0.43527531083481186
157.58,157.56,159.49,151.06,58437.0,904355264.0,2024,4,9,15,0,2024-04-09 15:00,58437.0,-0.008869598037365534,-0.2581920903954781,74180.7909604522,132532.95668549906,-0.4402841918294832
157.0,150.09,157.49,148.5,61618.0,934369536.0,2024,4,10,15,0,2024-04-10 15:00,61618.0,-0.047410510281797436,-0.2933615819209019,70663.8418079098,132532.95668549906,-0.46682060390763613
153.5,156.18,157.85,151.5,78710.0,1219643776.0,2024,4,11,15,0,2024-04-11 15:00,78710.0,0.04057565460723578,-0.2646892655367209,73531.07344632791,132532.95668549906,-0.44518650088809775
158.98,160.2,163.28,157.5,74682.0,1201187968.0,2024,4,12,15,0,2024-04-12 15:00,74682.0,0.02573953131002682,-0.24576271186440446,75423.72881355956,132532.95668549906,-0.4309058614564813
160.0,153.61,160.5,149.66,74783.0,1153187840.0,2024,4,15,15,0,2024-04-15 15:00,74783.0,-0.04113607990012469,-0.27678907721280366,72321.09227871963,132532.95668549906,-0.4543161634103002
151.31,144.9,152.3,144.38,76421.0,1127568640.0,2024,4,16,15,0,2024-04-16 15:00,76421.0,-0.056702037627758606,-0.31779661016948924,68220.33898305107,132532.95668549906,-0.485257548845469
147.5,150.1,151.57,145.54,86210.0,1284064640.0,2024,4,17,15,0,2024-04-17 15:00,86210.0,0.03588681849551412,-0.29331450094161726,70668.54990583827,132532.95668549906,-0.4667850799289503
150.0,150.1,154.5,144.43,79866.0,1197859072.0,2024,4,18,15,0,2024-04-18 15:00,79866.0,0.0,-0.29331450094161726,70668.54990583827,132532.95668549906,-0.4667850799289503
149.0,141.41,150.2,141.41,70154.0,1011215424.0,2024,4,19,15,0,2024-04-19 15:00,70154.0,-0.05789473684210522,-0.33422787193973413,66577.21280602658,132532.95668549906,-0.4976554174067479
132.94,138.25,141.0,130.02,65598.0,899832320.0,2024,4,22,15,0,2024-04-22 15:00,65598.0,-0.022346368715083775,-0.3491054613935948,65089.453860640526,132532.95668549906,-0.5088809946714015
139.15,139.24,141.0,136.5,43212.0,598643776.0,2024,4,23,15,0,2024-04-23 15:00,43212.0,0.0071609403254973,-0.3444444444444422,65555.55555555578,132532.95668549906,-0.5053641207815258
140.0,153.19,154.49,138.5,97570.0,1442371584.0,2024,4,24,15,0,2024-04-24 15:00,97570.0,0.10018672795173789,-0.27876647834274715,72123.35216572529,132532.95668549906,-0.45580817051509587
150.75,150.0,153.75,149.38,45272.0,683804032.0,2024,4,25,15,0,2024-04-25 15:00,45272.0,-0.020823813564854077,-0.2937853107344609,70621.4689265539,132532.95668549906,-0.4671403197158064
155.0,161.99,163.35,153.2,95826.0,1526362112.0,2024,4,26,15,0,2024-04-26 15:00,95826.0,0.07993333333333341,-0.23733521657250212,76266.47834274979,132532.95668549906,-0.42454706927175645
163.0,171.01,177.52,163.0,112122.0,1918747776.0,2024,4,29,15,0,2024-04-29 15:00,112122.0,0.05568244953392165,-0.1948681732580012,80513.18267419988,132532.95668549906,-0.39250444049733374
169.0,171.39,173.5,165.47,77287.0,1308560000.0,2024,4,30,15,0,2024-04-30 15:00,77287.0,0.002222092275305565,-0.19307909604519513,80692.09039548048,132532.95668549906,-0.39115452930728045
176.0,164.72,176.65,164.01,85353.0,1434750464.0,2024,5,6,15,0,2024-05-06 15:00,85353.0,-0.03891708967851093,-0.22448210922786938,77551.78907721306,132532.95668549906,-0.4148490230905842
166.66,160.4,169.95,158.7,80909.0,1324252416.0,2024,5,7,15,0,2024-05-07 15:00,80909.0,-0.026226323457989253,-0.24482109227871685,75517.89077212832,132532.95668549906,-0.4301953818827689
159.0,160.2,163.95,156.5,54943.0,882076032.0,2024,5,8,15,0,2024-05-08 15:00,54943.0,-0.0012468827930175452,-0.24576271186440435,75423.72881355956,132532.95668549906,-0.4309058614564813
162.02,178.11,180.21,161.0,137565.0,2360269824.0,2024,5,9,15,0,2024-05-09 15:00,137565.0,0.11179775280898885,-0.16144067796609896,83855.93220339011,132532.95668549906,-0.3672824156305485
173.99,170.36,175.17,167.16,86287.0,1472557184.0,2024,5,10,15,0,2024-05-10 15:00,86287.0,-0.0435124361349728,-0.1979284369114852,80207.15630885148,132532.95668549906,-0.39481349911189856
167.25,166.25,172.0,164.78,53544.0,895044672.0,2024,5,13,15,0,2024-05-13 15:00,53544.0,-0.024125381544963687,-0.217278719397361,78272.1280602639,132532.95668549906,-0.4094138543516855
169.0,169.96,176.25,163.62,84306.0,1437561344.0,2024,5,14,15,0,2024-05-14 15:00,84306.0,0.02231578947368429,-0.19981167608285988,80018.83239171401,132532.95668549906,-0.3962344582593231
167.03,174.05,176.94,164.87,86411.0,1484767104.0,2024,5,15,15,0,2024-05-15 15:00,86411.0,0.02406448576135567,-0.1805555555555528,81944.44444444471,132532.95668549906,-0.3817051509769074
179.2,181.66,187.77,176.03,100215.0,1823625216.0,2024,5,16,15,0,2024-05-16 15:00,100215.0,0.04372306808388382,-0.14472693032014794,85527.3069679852,132532.95668549906,-0.354671403197156
177.0,190.83,195.88,176.03,98884.0,1876941184.0,2024,5,17,15,0,2024-05-17 15:00,98884.0,0.05047891665749216,-0.10155367231638124,89844.63276836187,132532.95668549906,-0.3220959147424489
188.9,195.93,205.58,185.5,113331.0,2228655360.0,2024,5,20,15,0,2024-05-20 15:00,113331.0,0.026725357648168524,-0.0775423728813529,92245.7627118647,132532.95668549906,-0.30397868561278635
194.32,187.0,201.32,186.32,93106.0,1776779648.0,2024,5,21,15,0,2024-05-21 15:00,93106.0,-0.045577502169142026,-0.11958568738229469,88041.43126177053,132532.95668549906,-0.3357015985790387
187.0,188.99,190.5,182.19,64307.0,1201753600.0,2024,5,22,15,0,2024-05-22 15:00,64307.0,0.010641711229946615,-0.11021657250470518,88978.34274952949,132532.95668549906,-0.3286323268206016
190.1,183.7,193.0,181.52,65605.0,1212718848.0,2024,5,23,15,0,2024-05-23 15:00,65605.0,-0.027990898989364577,-0.1351224105461366,86487.75894538633,132532.95668549906,-0.347424511545291
185.0,171.9,186.5,169.8,111361.0,1971492352.0,2024,5,24,15,0,2024-05-24 15:00,111361.0,-0.06423516603157309,-0.1906779661016922,80932.20338983079,132532.95668549906,-0.38934280639431407
170.0,175.99,177.6,165.98,98148.0,1687678080.0,2024,5,27,15,0,2024-05-27 15:00,98148.0,0.023792902850494402,-0.17142184557438522,82857.81544256148,132532.95668549906,-0.3748134991118985
174.51,172.25,183.0,172.0,80917.0,1428303232.0,2024,5,28,15,0,2024-05-28 15:00,80917.0,-0.021251207454969112,-0.18903013182673944,81096.98681732606,132532.95668549906,-0.38809946714031773
174.3,172.0,178.64,170.11,57706.0,1005904384.0,2024,5,29,15,0,2024-05-29 15:00,57706.0,-0.0014513788098693414,-0.19020715630884866,80979.28436911514,132532.95668549906,-0.3889875666074581
170.33,172.53,175.0,168.64,52393.0,903688768.0,2024,5,30,15,0,2024-05-30 15:00,52393.0,0.0030813953488371126,-0.18771186440677712,81228.81355932228,132532.95668549906,-0.38710479573712064
173.0,174.79,180.9,170.94,71074.0,1254837760.0,2024,5,31,15,0,2024-05-31 15:00,71074.0,0.013099171158639011,-0.1770715630885097,82292.84369114903,132532.95668549906,-0.37907637655417215
172.55,180.99,182.57,172.5,74978.0,1342741888.0,2024,6,3,15,0,2024-06-03 15:00,74978.0,0.035471136792722735,-0.14788135593220075,85211.86440677992,132532.95668549906,-0.35705150976909217
178.85,179.57,182.55,176.08,47565.0,849754240.0,2024,6,4,15,0,2024-06-04 15:00,47565.0,-0.007845737333554426,-0.15456685499058131,84543.31450094187,132532.95668549906,-0.3620959147424493
179.01,180.1,186.0,178.5,57908.0,1054113408.0,2024,6,5,15,0,2024-06-05 15:00,57908.0,0.00295149523862559,-0.15207156308850978,84792.84369114903,132532.95668549906,-0.3602131438721118
185.0,173.37,185.88,172.5,86660.0,1558513920.0,2024,6,6,15,0,2024-06-06 15:00,86660.0,-0.037368128817323654,-0.18375706214689025,81624.29378531098,132532.95668549906,-0.38412078152752926
174.93,181.0,182.06,171.6,82879.0,1461753600.0,2024,6,7,15,0,2024-06-07 15:00,82879.0,0.04400992097825451,-0.14783427495291657,85216.57250470834,132532.95668549906,-0.35701598579040666
183.0,190.41,190.5,181.01,99547.0,1848778880.0,2024,6,11,15,0,2024-06-11 15:00,99547.0,0.05198895027624317,-0.10353107344632506,89646.8926553675,132532.95668549906,-0.3235879218472449
190.42,189.8,192.29,188.02,53384.0,1014931392.0,2024,6,12,15,0,2024-06-12 15:00,53384.0,-0.0032036132556062524,-0.10640301318267154,89359.69868173284,132532.95668549906,-0.32575488454706725
193.0,195.53,202.99,191.69,94777.0,1877335936.0,2024,6,13,15,0,2024-06-13 15:00,94777.0,0.03018967334035816,-0.07942561205272802,92057.4387947272,132532.95668549906,-0.3053996447602111
194.0,200.01,200.5,191.25,82143.0,1617779456.0,2024,6,14,15,0,2024-06-14 15:00,82143.0,0.022912085102030355,-0.05833333333333057,94166.66666666695,132532.95668549906,-0.2894849023090565
198.0,210.99,213.8,196.96,106218.0,2211612928.0,2024,6,17,15,0,2024-06-17 15:00,106218.0,0.054897255137243306,-0.006638418079092934,99336.1581920907,132532.95668549906,-0.25047957371225343
210.96,209.1,218.0,205.2,85658.0,1803085184.0,2024,6,18,15,0,2024-06-18 15:00,85658.0,-0.008957770510450769,-0.015536723163838806,98446.32768361612,132532.95668549906,-0.25719360568383426
208.61,217.31,222.0,208.61,97450.0,2099253888.0,2024,6,19,15,0,2024-06-19 15:00,97450.0,0.039263510282161684,0.023116760828628458,102311.67608286285,132532.95668549906,-0.22802841918294603
217.35,214.74,222.2,212.55,79963.0,1733521792.0,2024,6,20,15,0,2024-06-20 15:00,79963.0,-0.011826423082232695,0.011016949152545585,101101.69491525456,132532.95668549906,-0.23715808170514854
210.88,215.29,217.5,205.7,65981.0,1396022784.0,2024,6,21,15,0,2024-06-21 15:00,65981.0,0.002561236844556225,0.013606403013185941,101360.64030131859,132532.95668549906,-0.2352042628774398
214.8,206.31,216.66,204.02,82881.0,1737535872.0,2024,6,24,15,0,2024-06-24 15:00,82881.0,-0.04171118026847498,-0.028672316384177554,97132.76836158225,132532.95668549906,-0.2671047957371201
205.03,197.2,205.3,196.0,90498.0,1799750272.0,2024,6,25,15,0,2024-06-25 15:00,90498.0,-0.0441568513402163,-0.07156308851223803,92843.6911487762,132532.95668549906,-0.2994671403197135
200.85,202.97,204.73,194.01,80040.0,1601299456.0,2024,6,26,15,0,2024-06-26 15:00,80040.0,0.02925963488843819,-0.04439736346515688,95560.26365348432,132532.95668549906,-0.27896980461811477
198.5,198.61,205.01,197.67,52476.0,1051639616.0,2024,6,27,15,0,2024-06-27 15:00,52476.0,-0.021481007045376144,-0.06492467043314187,93507.53295668581,132532.95668549906,-0.29445825932504205
198.0,198.67,204.25,196.1,73577.0,1471104128.0,2024,6,28,15,0,2024-06-28 15:00,73577.0,0.0003020995921654279,-0.06464218455743576,93535.78154425643,132532.95668549906,-0.29424511545292836
199.5,204.84,205.5,197.0,63093.0,1271717376.0,2024,7,1,15,0,2024-07-01 15:00,63093.0,0.031056525897216636,-0.035593220338979825,96440.67796610201,132532.95668549906,-0.27232682060390523
204.0,197.0,204.7,195.57,66554.0,1325374720.0,2024,7,2,15,0,2024-07-02 15:00,66554.0,-0.03827377465338799,-0.07250470809792531,92749.52919020747,132532.95668549906,-0.3001776198934257
196.17,195.5,198.0,187.55,69735.0,1343316352.0,2024,7,3,15,0,2024-07-03 15:00,69735.0,-0.0076142131979695105,-0.0795668549905807,92043.31450094192,132532.95668549906,-0.30550621669626765
196.85,193.46,198.78,193.0,39364.0,768920960.0,2024,7,4,15,0,2024-07-04 15:00,39364.0,-0.01043478260869557,-0.08917137476459192,91082.86252354081,132532.95668549906,-0.3127531083481325
192.52,192.8,197.0,187.5,53112.0,1019879424.0,2024,7,5,15,0,2024-07-05 15:00,53112.0,-0.003411557944794752,-0.09227871939736021,90772.12806026397,132532.95668549906,-0.315097690941383
191.5,192.5,195.88,189.05,42329.0,819395520.0,2024,7,8,15,0,2024-07-08 15:00,42329.0,-0.001556016597510479,-0.09369114877589135,90630.88512241087,132532.95668549906,-0.3161634103019514
191.5,207.34,208.7,191.2,80163.0,1622167808.0,2024,7,9,15,0,2024-07-09 15:00,80163.0,0.0770909090909091,-0.023822975517887368,97617.70244821126,132532.95668549906,-0.2634458259325019
206.0,211.14,211.88,206.0,57776.0,1211964416.0,2024,7,10,15,0,2024-07-10 15:00,57776.0,0.01832738497154418,-0.00593220338982714,99406.77966101728,132532.95668549906,-0.24994671403196905
213.5,201.65,215.0,198.9,81692.0,1674155392.0,2024,7,11,15,0,2024-07-11 15:00,81692.0,-0.04494648100786203,-0.05061205273069358,94938.79472693065,132532.95668549906,-0.28365896980461563
197.0,199.4,201.6,194.11,41878.0,829793280.0,2024,7,12,15,0,2024-07-12 15:00,41878.0,-0.011157946937763397,-0.0612052730696766,93879.47269303234,132532.95668549906,-0.2916518650088785
199.4,208.2,211.0,198.76,64815.0,1340770944.0,2024,7,15,15,0,2024-07-15 15:00,64815.0,0.04413239719157458,-0.019774011299431793,98022.59887005683,132532.95668549906,-0.2603907637655392
208.0,249.84,249.84,208.0,193074.0,4510843392.0,2024,7,16,15,0,2024-07-16 15:00,193074.0,0.20000000000000018,0.17627118644068207,117627.1186440682,132532.95668549906,-0.11246891651864697
248.0,247.94,257.55,247.06,121511.0,3062974208.0,2024,7,17,15,0,2024-07-17 15:00,121511.0,-0.007604867114953562,0.167325800376652,116732.5800376652,132532.95668549906,-0.11921847246891333
244.0,254.0,257.47,228.51,152522.0,3712619264.0,2024,7,18,15,0,2024-07-18 15:00,152522.0,0.02444139711220461,0.19585687382297978,119585.68738229798,132532.95668549906,-0.0976909413854319
248.89,268.4,278.59,246.01,154850.0,4094585600.0,2024,7,19,15,0,2024-07-19 15:00,154850.0,0.056692913385826715,0.26365348399247157,126365.34839924716,132532.95668549906,-0.0465364120781493
268.0,265.22,272.88,260.5,103570.0,2759444224.0,2024,7,22,15,0,2024-07-22 15:00,103570.0,-0.011847988077496097,0.24868173258004234,124868.17325800423,132532.95668549906,-0.057833037300174105
263.0,248.46,266.23,247.18,121888.0,3099222528.0,2024,7,23,15,0,2024-07-23 15:00,121888.0,-0.0631928210542192,0.16977401129943925,116977.40112994393,132532.95668549906,-0.11737122557726141
249.0,261.25,271.0,249.0,131135.0,3428381184.0,2024,7,24,15,0,2024-07-24 15:00,131135.0,0.05147709892940511,0.2299905838041476,122999.05838041476,132532.95668549906,-0.07193605683836249
260.59,255.8,265.0,251.77,86363.0,2219649536.0,2024,7,25,15,0,2024-07-25 15:00,86363.0,-0.02086124401913869,0.20433145009416642,120433.14500941664,132532.95668549906,-0.09129662522202153
256.3,250.73,257.0,247.11,81412.0,2048184192.0,2024,7,26,15,0,2024-07-26 15:00,81412.0,-0.019820172009382464,0.18046139359699098,118046.1393596991,132532.95668549906,-0.1093072824156274
251.02,246.52,253.4,236.69,79193.0,1943887616.0,2024,7,29,15,0,2024-07-29 15:00,79193.0,-0.016790970366529656,0.16064030131827156,116064.03013182715,132532.95668549906,-0.12426287744227042
246.53,244.4,252.74,243.0,70363.0,1739502208.0,2024,7,30,15,0,2024-07-30 15:00,70363.0,-0.008599707934447531,0.15065913370998518,115065.91337099852,132532.95668549906,-0.1317939609236204
240.05,264.06,268.48,240.05,108589.0,2804759552.0,2024,7,31,15,0,2024-07-31 15:00,108589.0,0.08044189852700478,0.24322033898305495,124322.0338983055,132532.95668549906,-0.06195381882770557
268.0,258.0,271.99,256.75,89383.0,2360243200.0,2024,8,1,15,0,2024-08-01 15:00,89383.0,-0.02294932969779595,0.21468926553672718,121468.92655367272,132532.95668549906,-0.083481349911187
250.88,245.1,260.49,242.88,98285.0,2446560768.0,2024,8,2,15,0,2024-08-02 15:00,98285.0,-0.050000000000000044,0.15395480225989067,115395.48022598907,132532.95668549906,-0.12930728241562772
236.98,229.69,246.5,227.63,119363.0,2807448320.0,2024,8,5,15,0,2024-08-05 15:00,119363.0,-0.06287229702162378,0.08140301318267773,108140.30131826777,132532.95668549906,-0.18404973357015722
238.03,233.46,240.0,228.3,68355.0,1592301696.0,2024,8,6,15,0,2024-08-06 15:00,68355.0,0.01641342679263369,0.09915254237288518,109915.25423728852,132532.95668549906,-0.1706571936056809
232.98,229.5,236.99,223.8,69089.0,1596991488.0,2024,8,7,15,0,2024-08-07 15:00,69089.0,-0.016962220508866643,0.08050847457627497,108050.8474576275,132532.95668549906,-0.1847246891651836
225.3,229.54,235.25,221.45,67953.0,1557819392.0,2024,8,8,15,0,2024-08-08 15:00,67953.0,0.00017429193899776152,0.08069679849341238,108069.67984934124,132532.95668549906,-0.18458259325044124
235.02,246.96,250.0,231.68,111547.0,2706175488.0,2024,8,9,15,0,2024-08-09 15:00,111547.0,0.07589091225930122,0.16271186440678376,116271.18644067837,132532.95668549906,-0.12269982238010349
243.92,241.05,248.0,238.11,56340.0,1368129536.0,2024,8,12,15,0,2024-08-12 15:00,56340.0,-0.02393100097181733,0.13488700564972156,113488.70056497215,132532.95668549906,-0.14369449378330068
241.98,240.7,246.15,233.67,54296.0,1300711296.0,2024,8,13,15,0,2024-08-13 15:00,54296.0,-0.0014519809168223041,0.13323917137476848,113323.91713747685,132532.95668549906,-0.14493783303729724
242.0,241.68,252.4,241.0,66341.0,1630482688.0,2024,8,14,15,0,2024-08-14 15:00,66341.0,0.004071458246780235,0.13785310734463674,113785.31073446368,132532.95668549906,-0.14145648312610706
239.1,241.32,246.89,239.0,47682.0,1158491520.0,2024,8,15,15,0,2024-08-15 15:00,47682.0,-0.001489572989076482,0.13615819209039937,113615.81920903994,132532.95668549906,-0.1427353463587892
244.18,244.6,251.0,241.0,62725.0,1548297728.0,2024,8,16,15,0,2024-08-16 15:00,62725.0,0.013591911155312442,0.15160075329567246,115160.07532956725,132532.95668549906,-0.13108348134990822
245.4,255.0,258.0,245.4,65806.0,1667890048.0,2024,8,19,15,0,2024-08-19 15:00,65806.0,0.042518397383483286,0.20056497175141663,120056.49717514166,132532.95668549906,-0.09413854351687072
256.11,247.98,257.58,246.58,53224.0,1339860992.0,2024,8,20,15,0,2024-08-20 15:00,53224.0,-0.027529411764705913,0.16751412429378942,116751.41242937894,132532.95668549906,-0.119076376554171
246.88,263.84,269.69,245.0,82926.0,2146072064.0,2024,8,21,15,0,2024-08-21 15:00,82926.0,0.06395677070731498,0.24218455743879885,124218.45574387988,132532.95668549906,-0.06273534635878909
263.0,260.69,267.95,258.76,52000.0,1367354368.0,2024,8,22,15,0,2024-08-22 15:00,52000.0,-0.011939053972104263,0.2273540489642225,122735.40489642225,132532.95668549906,-0.07392539964475717
258.11,253.02,260.66,247.8,64072.0,1619350656.0,2024,8,23,15,0,2024-08-23 15:00,64072.0,-0.029421918754075627,0.1912429378531113,119124.29378531114,132532.95668549906,-0.10117229129662217
252.0,247.22,254.22,243.4,49504.0,1228548608.0,2024,8,26,15,0,2024-08-26 15:00,49504.0,-0.022923089083866977,0.16393596986817704,116393.5969868177,132532.95668549906,-0.12177619893427775
245.1,244.1,246.0,239.88,37044.0,901860800.0,2024,8,27,15,0,2024-08-27 15:00,37044.0,-0.012620338160343025,0.14924670433145382,114924.67043314538,132532.95668549906,-0.132859680284189
244.0,240.2,248.39,236.2,46409.0,1114605952.0,2024,8,28,15,0,2024-08-28 15:00,46409.0,-0.015977058582548165,0.13088512241054984,113088.51224105498,132532.95668549906,-0.14671403197157803
232.0,240.29,242.88,232.0,45386.0,1080614784.0,2024,8,29,15,0,2024-08-29 15:00,45386.0,0.0003746877601997767,0.13130885122410918,113130.88512241092,132532.95668549906,-0.14639431616340742
240.0,256.69,262.76,235.29,84683.0,2137905920.0,2024,8,30,15,0,2024-08-30 15:00,84683.0,0.0682508635398893,0.20852165725047467,120852.16572504747,132532.95668549906,-0.08813499111900239
265.68,252.14,267.93,252.09,80100.0,2079665280.0,2024,9,2,15,0,2024-09-02 15:00,80100.0,-0.017725661303517937,0.18709981167608647,118709.98116760865,132532.95668549906,-0.10429840142095635
252.0,240.7,256.22,240.1,74196.0,1817951488.0,2024,9,3,15,0,2024-09-03 15:00,74196.0,-0.045371618941857705,0.13323917137476804,113323.9171374768,132532.95668549906,-0.14493783303729754
235.0,239.14,241.2,232.68,56391.0,1333444736.0,2024,9,4,15,0,2024-09-04 15:00,56391.0,-0.006481096800997066,0.12589453860640654,112589.45386064066,132532.95668549906,-0.15047957371225307
239.16,206.9,242.08,205.26,146302.0,3212494336.0,2024,9,5,15,0,2024-09-05 15:00,146302.0,-0.1348164255247971,-0.025894538606399897,97410.54613936001,132532.95668549906,-0.265008880994669
211.0,215.18,219.66,210.0,106176.0,2287211776.0,2024,9,6,15,0,2024-09-06 15:00,106176.0,0.04001933301111649,0.013088512241057781,101308.85122410578,132532.95668549906,-0.23559502664298163
214.99,210.71,216.78,203.88,84616.0,1777137408.0,2024,9,9,15,0,2024-09-09 15:00,84616.0,-0.02077330606933725,-0.00795668549905526,99204.33145009447,132532.95668549906,-0.2514742451154506
210.71,213.68,218.12,206.97,66279.0,1411502976.0,2024,9,10,15,0,2024-09-10 15:00,66279.0,0.01409520193631053,0.006026365348402285,100602.63653484023,132532.95668549906,-0.2409236234458236
213.0,215.66,217.29,211.0,43096.0,923740032.0,2024,9,11,15,0,2024-09-11 15:00,43096.0,0.009266192437289433,0.01534839924670739,101534.83992467074,132532.95668549906,-0.23388987566607225
219.98,214.49,220.99,214.0,41143.0,891201856.0,2024,9,12,15,0,2024-09-12 15:00,41143.0,-0.005425206343318112,0.009839924670436151,100983.99246704362,132532.95668549906,-0.238046181172289
216.55,220.5,225.3,213.76,67555.0,1493104000.0,2024,9,13,15,0,2024-09-13 15:00,67555.0,0.028019954310224193,0.03813559322034199,103813.5593220342,132532.95668549906,-0.21669626998223573
218.0,210.01,221.55,206.88,61560.0,1311600256.0,2024,9,18,15,0,2024-09-18 15:00,61560.0,-0.047573696145124744,-0.01125235404896141,98874.76459510386,132532.95668549906,-0.2539609236234437
210.8,209.5,212.0,205.05,50239.0,1049604928.0,2024,9,19,15,0,2024-09-19 15:00,50239.0,-0.0024284557878195834,-0.013653483992464244,98634.65160075358,132532.95668549906,-0.2557726465364099
209.5,208.87,214.88,207.0,40616.0,853971200.0,2024,9,20,15,0,2024-09-20 15:00,40616.0,-0.0030071599045345954,-0.016619585687379534,98338.04143126204,132532.95668549906,-0.2580106571936036
211.52,212.61,220.5,210.0,61298.0,1322572928.0,2024,9,23,15,0,2024-09-23 15:00,61298.0,0.01790587446737213,0.0009887005649746872,100098.87005649747,132532.95668549906,-0.24472468916518425
213.33,221.8,227.39,210.5,82120.0,1796282496.0,2024,9,24,15,0,2024-09-24 15:00,82120.0,0.04322468369314714,0.04425612052730998,104425.612052731,132532.95668549906,-0.21207815275310607
226.24,222.01,233.58,221.79,78413.0,1783599488.0,2024,9,25,15,0,2024-09-25 15:00,78413.0,0.000946798917943914,0.04524482109228156,104524.48210922815,132532.95668549906,-0.21133214920070836
221.88,224.0,224.0,215.5,76306.0,1675712896.0,2024,9,26,15,0,2024-09-26 15:00,76306.0,0.008963560199991116,0.054613935969871186,105461.39359698712,132532.95668549906,-0.2042628774422712
223.0,240.97,245.0,217.42,78793.0,1796877696.0,2024,9,27,15,0,2024-09-27 15:00,78793.0,0.07575892857142863,0.13451035781544585,113451.03578154459,132532.95668549906,-0.1439786856127861
256.0,289.16,289.16,243.98,166304.0,4490414080.0,2024,9,30,15,0,2024-09-30 15:00,166304.0,0.19998340042328921,0.3613935969868214,136139.35969868215,136139.35969868215,0.0
346.99,346.99,346.99,325.0,131335.0,4531494912.0,2024,10,8,15,0,2024-10-08 15:00,131335.0,0.19999308341402666,0.6336629001883285,163366.29001883283,163366.29001883283,0.0
349.0,371.5,415.0,302.32,296763.0,10898439168.0,2024,10,9,15,0,2024-10-09 15:00,296763.0,0.07063604138447799,0.7490583804143176,174905.83804143177,174905.83804143177,0.0
372.0,347.2,380.0,310.0,176812.0,6261551104.0,2024,10,10,15,0,2024-10-10 15:00,176812.0,-0.0654104979811575,0.6346516007533003,163465.16007533003,174905.83804143177,-0.06541049798115751
336.5,333.0,362.0,332.0,131082.0,4540002816.0,2024,10,11,15,0,2024-10-11 15:00,131082.0,-0.040898617511520685,0.567796610169496,156779.6610169496,174905.83804143177,-0.10363391655450878
336.11,374.1,374.88,336.11,136936.0,4834791424.0,2024,10,14,15,0,2024-10-14 15:00,136936.0,0.1234234234234235,0.7612994350282538,176129.9435028254,176129.9435028254,0.0
368.0,355.55,378.5,355.55,111422.0,4055340288.0,2024,10,15,15,0,2024-10-15 15:00,111422.0,-0.04958567228013899,0.6739642184557488,167396.4218455749,176129.9435028254,-0.04958567228013902
342.0,342.19,354.51,338.0,72914.0,2515727872.0,2024,10,16,15,0,2024-10-16 15:00,72914.0,-0.0375755871185488,0.6110640301318313,161106.40301318312,176129.9435028254,-0.08529804865009379
356.2,358.09,374.9,353.47,102695.0,3732763648.0,2024,10,17,15,0,2024-10-17 15:00,102695.0,0.04646541395131343,0.6859227871939781,168592.27871939781,176129.9435028254,-0.04279604383854619
360.0,429.71,429.71,357.02,148970.0,5904655872.0,2024,10,18,15,0,2024-10-18 15:00,148970.0,0.20000558518808131,1.0231167608286307,202311.67608286306,202311.67608286306,0.0
454.0,444.0,503.33,419.51,228873.0,10394615808.0,2024,10,21,15,0,2024-10-21 15:00,228873.0,0.03325498592073739,1.0903954802259945,209039.54802259945,209039.54802259945,0.0
430.01,421.0,444.04,415.69,153579.0,6604328960.0,2024,10,22,15,0,2024-10-22 15:00,153579.0,-0.05180180180180183,0.9821092278719452,198210.92278719452,209039.54802259945,-0.05180180180180184
414.0,419.0,429.84,405.67,126428.0,5277811712.0,2024,10,23,15,0,2024-10-23 15:00,126428.0,-0.004750593824228044,0.9726930320150713,197269.30320150714,209039.54802259945,-0.056306306306306335
406.0,425.2,433.0,406.0,103688.0,4361931776.0,2024,10,24,15,0,2024-10-24 15:00,103688.0,0.01479713603818622,1.0018832391713803,200188.32391713804,209039.54802259945,-0.04234234234234232
428.0,421.89,444.5,412.7,102146.0,4344517120.0,2024,10,25,15,0,2024-10-25 15:00,102146.0,-0.00778457196613358,0.9862994350282541,198629.94350282542,209039.54802259945,-0.049797297297297254
425.01,434.7,437.6,417.62,90450.0,3876068352.0,2024,10,28,15,0,2024-10-28 15:00,90450.0,0.030363364858138286,1.0466101694915309,204661.0169491531,209039.54802259945,-0.020945945945946023
431.0,434.01,475.39,430.79,113629.0,5078813184.0,2024,10,29,15,0,2024-10-29 15:00,113629.0,-0.0015873015873015817,1.0433615819209092,204336.15819209092,209039.54802259945,-0.022500000000000207
425.0,445.25,452.93,421.0,102107.0,4463581696.0,2024,10,30,15,0,2024-10-30 15:00,102107.0,0.025898020782931352,1.0962806026365404,209628.06026365404,209628.06026365404,0.0
476.0,453.6,482.56,451.0,130425.0,6100934144.0,2024,10,31,15,0,2024-10-31 15:00,130425.0,0.01875350926445818,1.135593220338989,213559.3220338989,213559.3220338989,0.0
446.0,411.01,461.8,410.99,135253.0,5841907712.0,2024,11,1,15,0,2024-11-01 15:00,135253.0,-0.09389329805996482,0.9350753295668601,193507.53295668602,213559.3220338989,-0.09389329805996485
408.88,410.94,416.9,402.79,83833.0,3429092352.0,2024,11,4,15,0,2024-11-04 15:00,83833.0,-0.00017031215785501264,0.9347457627118696,193474.57627118696,213559.3220338989,-0.09404761904761916
406.94,437.86,449.0,406.11,117851.0,5121353728.0,2024,11,5,15,0,2024-11-05 15:00,117851.0,0.06550834671728234,1.0614877589453915,206148.77589453914,213559.3220338989,-0.03470017636684325
441.0,456.0,470.39,439.22,113296.0,5178228224.0,2024,11,6,15,0,2024-11-06 15:00,113296.0,0.04142876718585842,1.1468926553672372,214689.26553672372,214689.26553672372,0.0
451.44,476.0,488.0,445.01,113919.0,5288087552.0,2024,11,7,15,0,2024-11-07 15:00,113919.0,0.04385964912280693,1.2410546139359755,224105.46139359754,224105.46139359754,0.0
488.01,431.0,493.03,420.0,214538.0,9713510400.0,2024,11,8,15,0,2024-11-08 15:00,214538.0,-0.09453781512605042,1.0291902071563142,202919.02071563143,224105.46139359754,-0.09453781512605021
420.01,430.51,448.0,415.5,153608.0,6635052544.0,2024,11,11,15,0,2024-11-11 15:00,153608.0,-0.001136890951276115,1.0268832391713802,202688.323917138,224105.46139359754,-0.09556722689075613
425.0,422.99,444.12,411.01,113930.0,4862060544.0,2024,11,12,15,0,2024-11-12 15:00,113930.0,-0.017467654642168595,0.9914783427495346,199147.83427495346,224105.46139359754,-0.11136554621848714
423.35,474.0,490.88,415.0,165600.0,7414351360.0,2024,11,13,15,0,2024-11-13 15:00,165600.0,0.12059386746731593,1.2316384180791018,223163.84180791018,224105.46139359754,-0.004201680672268766
469.26,469.0,494.88,465.01,104447.0,5005409280.0,2024,11,14,15,0,2024-11-14 15:00,104447.0,-0.010548523206751037,1.208097928436917,220809.7928436917,224105.46139359754,-0.014705882352941069
474.9,453.68,483.0,450.0,93978.0,4391638016.0,2024,11,15,15,0,2024-11-15 15:00,93978.0,-0.032665245202558646,1.1359698681732633,213596.98681732634,224105.46139359754,-0.046890756302520945
450.0,448.66,476.36,440.58,82476.0,3753337088.0,2024,11,18,15,0,2024-11-18 15:00,82476.0,-0.011065067889261093,1.11233521657251,211233.521657251,224105.46139359754,-0.05743697478991593
450.0,461.0,465.0,425.0,97371.0,4325527040.0,2024,11,19,15,0,2024-11-19 15:00,97371.0,0.027504123389649138,1.1704331450094214,217043.31450094213,224105.46139359754,-0.03151260504201691
456.0,475.0,479.65,449.01,93300.0,4328962048.0,2024,11,20,15,0,2024-11-20 15:00,93300.0,0.030368763557483636,1.2363465160075382,223634.65160075383,224105.46139359754,-0.0021008403361345127
474.99,514.32,525.0,470.64,120663.0,6058022912.0,2024,11,21,15,0,2024-11-21 15:00,120663.0,0.08277894736842106,1.4214689265536782,242146.89265536782,242146.89265536782,0.0
510.0,492.0,521.54,490.01,87027.0,4373599232.0,2024,11,22,15,0,2024-11-22 15:00,87027.0,-0.04339710685954279,1.316384180790966,231638.4180790966,242146.89265536782,-0.043397106859542754
499.87,489.0,503.58,469.0,90342.0,4337897984.0,2024,11,25,15,0,2024-11-25 15:00,90342.0,-0.0060975609756097615,1.302259887005655,230225.9887005655,242146.89265536782,-0.04923005132991144
484.0,485.9,494.9,476.8,45453.0,2209649152.0,2024,11,26,15,0,2024-11-26 15:00,45453.0,-0.006339468302658524,1.2876647834275006,228766.47834275005,242146.89265536782,-0.05525742728262573
482.0,534.55,535.0,480.0,99320.0,5088377856.0,2024,11,27,15,0,2024-11-27 15:00,99320.0,0.10012348219798306,1.516713747645957,251671.37476459568,251671.37476459568,0.0
530.0,546.03,588.7,527.01,109374.0,6079438336.0,2024,11,28,15,0,2024-11-28 15:00,109374.0,0.02147600785707615,1.570762711864413,257076.2711864413,257076.2711864413,0.0
542.0,561.0,590.0,540.38,92890.0,5219224064.0,2024,11,29,15,0,2024-11-29 15:00,92890.0,0.027416076039778137,1.641242937853114,264124.2937853114,264124.2937853114,0.0
561.0,562.0,584.53,535.69,89897.0,5030553088.0,2024,12,2,15,0,2024-12-02 15:00,89897.0,0.0017825311942958333,1.6459510357815508,264595.1035781551,264595.1035781551,0.0
556.0,569.99,589.96,553.33,79159.0,4545547264.0,2024,12,3,15,0,2024-12-03 15:00,79159.0,0.01421708185053383,1.683568738229762,268356.8738229762,268356.8738229762,0.0
584.78,552.6,591.0,540.0,89017.0,4996846592.0,2024,12,4,15,0,2024-12-04 15:00,89017.0,-0.03050930718082767,1.6016949152542441,260169.4915254244,268356.8738229762,-0.030509307180827634
550.0,570.12,572.86,545.5,56747.0,3172809984.0,2024,12,5,15,0,2024-12-05 15:00,56747.0,0.03170466883821921,1.684180790960459,268418.07909604587,268418.07909604587,0.0
570.1,553.6,576.0,548.0,62322.0,3482705664.0,2024,12,6,15,0,2024-12-06 15:00,62322.0,-0.028976355854907654,1.606403013182681,260640.3013182681,268418.07909604587,-0.028976355854907678
549.0,539.0,556.9,515.14,85026.0,4537703936.0,2024,12,9,15,0,2024-12-09 15:00,85026.0,-0.026372832369942256,1.537664783427502,253766.4783427502,268418.07909604587,-0.05458499964919654
558.0,538.43,564.9,526.66,91157.0,4950728192.0,2024,12,10,15,0,2024-12-10 15:00,91157.0,-0.0010575139146569157,1.5349811676082923,253498.11676082923,268418.07909604587,-0.05558478916719298
530.94,544.8,552.79,521.28,65464.0,3517091328.0,2024,12,11,15,0,2024-12-11 15:00,65464.0,0.011830692940586474,1.5649717514124353,256497.17514124353,268418.07909604587,-0.04441170279941085
550.0,576.99,576.99,544.2,85553.0,4823535616.0,2024,12,12,15,0,2024-12-12 15:00,85553.0,0.05908590308370054,1.7165254237288199,271652.542372882,271652.542372882,0.0
572.44,568.0,599.99,558.2,113672.0,6576691200.0,2024,12,13,15,0,2024-12-13 15:00,113672.0,-0.01558085928698938,1.6741996233521719,267419.96233521716,271652.542372882,-0.015580859286989601
574.0,575.25,594.0,560.0,74639.0,4316876800.0,2024,12,16,15,0,2024-12-16 15:00,74639.0,0.01276408450704225,1.7083333333333397,270833.33333333395,271652.542372882,-0.0030156501845787294
566.78,570.0,590.0,560.0,57588.0,3311232768.0,2024,12,17,15,0,2024-12-17 15:00,57588.0,-0.009126466753585416,1.683615819209046,268361.5819209046,271652.542372882,-0.012114594707014115
567.89,617.55,618.18,560.28,87745.0,5179522048.0,2024,12,18,15,0,2024-12-18 15:00,87745.0,0.08342105263157884,1.9074858757062212,290748.5875706221,290748.5875706221,0.0
606.0,636.02,654.99,596.2,86171.0,5379397120.0,2024,12,19,15,0,2024-12-19 15:00,86171.0,0.029908509432434727,1.9944444444444516,299444.44444444514,299444.44444444514,0.0
634.97,675.95,676.77,631.0,93109.0,6121082368.0,2024,12,20,15,0,2024-12-20 15:00,93109.0,0.06278104462123846,2.1824387947269384,318243.87947269384,318243.87947269384,0.0
675.95,648.75,700.0,635.0,103804.0,6888866304.0,2024,12,23,15,0,2024-12-23 15:00,103804.0,-0.04023966269694512,2.054378531073454,305437.8531073454,318243.87947269384,-0.04023966269694503
655.5,659.3,662.0,620.06,73829.0,4784588800.0,2024,12,24,15,0,2024-12-24 15:00,73829.0,0.01626204238920992,2.104048964218463,310404.8964218463,318243.87947269384,-0.02463199940824046
651.0,662.1,666.6,634.03,61318.0,3995053312.0,2024,12,25,15,0,2024-12-25 15:00,61318.0,0.0042469285605946094,2.1172316384180867,311723.1638418087,318243.87947269384,-0.02048968118943714
659.0,651.24,661.0,640.98,64816.0,4219457536.0,2024,12,26,15,0,2024-12-26 15:00,64816.0,-0.016402356139555985,2.0661016949152615,306610.16949152615,318243.87947269384,-0.0365559582809381
649.75,652.1,668.2,648.0,63010.0,4151232768.0,2024,12,27,15,0,2024-12-27 15:00,63010.0,0.0013205577053005957,2.070150659133717,307015.0659133717,318243.87947269384,-0.035283674828020105
655.01,683.5,695.88,649.0,77958.0,5269180416.0,2024,12,30,15,0,2024-12-30 15:00,77958.0,0.04815212390737611,2.217984934086636,321798.4934086636,321798.4934086636,0.0
684.0,658.0,688.0,658.0,70210.0,4694180352.0,2024,12,31,15,0,2024-12-31 15:00,70210.0,-0.03730797366495975,2.0979284369114946,309792.84369114944,321798.4934086636,-0.037307973664959825
653.01,645.62,665.0,630.0,79753.0,5128937984.0,2025,1,2,15,0,2025-01-02 15:00,79753.0,-0.018814589665653525,2.0396421845574455,303964.21845574456,321798.4934086636,-0.05542062911485
639.89,621.0,644.99,616.16,66152.0,4164652800.0,2025,1,3,15,0,2025-01-03 15:00,66152.0,-0.038133886806480555,1.9237288135593285,292372.88135593286,321798.4934086636,-0.09144111192392096
625.74,649.48,650.0,613.8,71421.0,4525444608.0,2025,1,6,15,0,2025-01-06 15:00,71421.0,0.04586151368760061,2.057815442561212,305781.5442561212,321798.4934086636,-0.049773226042428634
640.49,718.0,718.0,637.0,87304.0,5905819136.0,2025,1,7,15,0,2025-01-07 15:00,87304.0,0.10549978444293884,2.3804143126177095,338041.43126177095,338041.43126177095,0.0
701.0,726.0,735.0,698.6,81694.0,5825786880.0,2025,1,8,15,0,2025-01-08 15:00,81694.0,0.011142061281337101,2.418079096045205,341807.90960452054,341807.90960452054,0.0
725.0,712.29,731.97,706.15,53823.0,3868372992.0,2025,1,9,15,0,2025-01-09 15:00,53823.0,-0.01888429752066123,2.3535310734463346,335353.10734463343,341807.90960452054,-0.0188842975206614
720.0,729.97,777.77,720.0,94380.0,7034599936.0,2025,1,10,15,0,2025-01-10 15:00,94380.0,0.02482135085428694,2.4367702448210995,343677.02448210993,343677.02448210993,0.0
707.0,719.0,721.05,667.42,93076.0,6466985472.0,2025,1,13,15,0,2025-01-13 15:00,93076.0,-0.01502801484992533,2.3851224105461464,338512.24105461466,343677.02448210993,-0.015028014849925263
716.0,694.01,717.0,679.19,88292.0,6136445440.0,2025,1,14,15,0,2025-01-14 15:00,88292.0,-0.03475660639777467,2.267467043314508,326746.7043314508,343677.02448210993,-0.04926229845062114
671.0,695.96,718.0,662.1,93774.0,6463773184.0,2025,1,15,15,0,2025-01-15 15:00,93774.0,0.002809757784470124,2.2766478342749603,327664.78342749603,343677.02448210993,-0.04659095579270361
688.0,594.0,695.0,580.0,194292.0,12218741760.0,2025,1,16,15,0,2025-01-16 15:00,194292.0,-0.14650267256738903,1.7966101694915313,279661.01694915316,343677.02448210993,-0.18626792881899246
577.0,592.0,605.87,570.0,123963.0,7282221056.0,2025,1,17,15,0,2025-01-17 15:00,123963.0,-0.0033670033670033517,1.7871939736346576,278719.39736346575,343677.02448210993,-0.1890077674424976
591.0,618.22,632.83,582.2,117012.0,7132068352.0,2025,1,20,15,0,2025-01-20 15:00,117012.0,0.04429054054054049,1.9106403013182733,291064.03013182734,343677.02448210993,-0.15308848308834608
618.23,625.0,633.99,609.0,85152.0,5291827200.0,2025,1,21,15,0,2025-01-21 15:00,85152.0,0.010966969687166372,1.9425612052730759,294256.12052730756,343677.02448210993,-0.14380043015466393
612.01,641.12,649.97,612.01,83751.0,5353629696.0,2025,1,22,15,0,2025-01-22 15:00,83751.0,0.025792000000000037,2.0184557438794792,301845.5743879479,343677.02448210993,-0.1217173308492129
650.0,621.0,657.06,620.25,67035.0,4271994112.0,2025,1,23,15,0,2025-01-23 15:00,67035.0,-0.03138258048415277,1.9237288135593285,292372.88135593286,343677.02448210993,-0.14928010740167388
627.58,612.98,638.0,607.3,68935.0,4282386944.0,2025,1,24,15,0,2025-01-24 15:00,68935.0,-0.012914653784218966,1.8859698681732646,288596.98681732645,343677.02448210993,-0.1602668602819292
582.01,572.0,595.94,551.68,118693.0,6809918464.0,2025,1,27,15,0,2025-01-27 15:00,118693.0,-0.06685373095370162,1.6930320150659193,269303.2015065919,343677.02448210993,-0.21640615367754829
593.0,576.0,605.0,560.03,124508.0,7347174912.0,2025,2,5,15,0,2025-02-05 15:00,124508.0,0.006993006993007089,1.7118644067796671,271186.4406779667,343677.02448210993,-0.21092647643053816
576.0,563.99,588.95,560.0,104178.0,5951746048.0,2025,2,6,15,0,2025-02-06 15:00,104178.0,-0.02085069444444443,1.6553201506591395,265532.01506591396,343677.02448210993,-0.2273792073646861
562.0,598.89,610.0,562.0,126454.0,7504342528.0,2025,2,7,15,0,2025-02-07 15:00,126454.0,0.061880529796627615,1.819632768361588,281963.2768361588,343677.02448210993,-0.1795690233845225
609.99,651.96,655.89,601.99,117636.0,7416175616.0,2025,2,10,15,0,2025-02-10 15:00,117636.0,0.08861393578119525,2.0694915254237354,306949.1525423735,343677.02448210993,-0.10686740550981547
652.0,667.83,696.5,641.01,91482.0,6086292992.0,2025,2,11,15,0,2025-02-11 15:00,91482.0,0.02434198417080813,2.1442090395480298,314420.90395480295,343677.02448210993,-0.08512678603230256
665.5,656.0,675.98,647.81,71007.0,4674492928.0,2025,2,12,15,0,2025-02-12 15:00,71007.0,-0.017714088914843606,2.088512241054621,308851.2241054621,343677.02448210993,-0.10133293149033507
660.0,638.0,672.23,631.99,70129.0,4600340480.0,2025,2,13,15,0,2025-02-13 15:00,70129.0,-0.027439024390243927,2.0037664783427562,300376.6478342756,343677.02448210993,-0.12599147910188077
636.01,625.95,655.0,606.0,99378.0,6194892800.0,2025,2,14,15,0,2025-02-14 15:00,99378.0,-0.01888714733542307,1.9470338983050919,294703.3898305092,343677.02448210993,-0.1424990068084986
639.9,660.82,661.0,630.0,92499.0,6011369472.0,2025,2,17,15,0,2025-02-17 15:00,92499.0,0.055707324866203445,2.1112052730696877,311120.52730696875,343677.02448210993,-0.09472992040768762
660.82,628.1,660.88,626.0,70365.0,4491054592.0,2025,2,18,15,0,2025-02-18 15:00,70365.0,-0.049514239883780786,1.9571563088512316,295715.63088512316,343677.02448210993,-0.13955368028823062
628.49,625.51,635.88,614.0,62386.0,3893878016.0,2025,2,19,15,0,2025-02-19 15:00,62386.0,-0.004123547205858946,1.9449623352165801,294496.233521658,343677.02448210993,-0.14310177130566967
630.0,618.51,636.9,609.99,61104.0,3788676096.0,2025,2,20,15,0,2025-02-20 15:00,61104.0,-0.011190868251506725,1.9120056497175217,291200.5649717522,343677.02448210993,-0.15269120648793738
645.0,742.21,742.21,630.0,165326.0,11299483648.0,2025,2,21,15,0,2025-02-21 15:00,165326.0,0.19999676642253172,2.4943973634651697,349439.736346517,349439.736346517,0.0
744.0,780.36,795.8,738.16,127579.0,9825926144.0,2025,2,24,15,0,2025-02-24 15:00,127579.0,0.051400547014995634,2.674011299435038,367401.12994350377,367401.12994350377,0.0
780.0,790.38,818.87,751.5,109380.0,8579508736.0,2025,2,25,15,0,2025-02-25 15:00,109380.0,0.012840227587267439,2.7211864406779758,372118.6440677976,372118.6440677976,0.0
781.13,795.0,813.0,762.93,74064.0,5859100672.0,2025,2,26,15,0,2025-02-26 15:00,74064.0,0.005845289607530502,2.742937853107354,374293.7853107354,374293.7853107354,0.0
788.07,796.0,805.98,767.0,80935.0,6375685120.0,2025,2,27,15,0,2025-02-27 15:00,80935.0,0.0012578616352201255,2.747645951035791,374764.5951035791,374764.5951035791,0.0
780.0,735.44,796.0,725.0,121120.0,9101646848.0,2025,2,28,15,0,2025-02-28 15:00,121120.0,-0.07608040201005017,2.4625235404896513,346252.35404896515,374764.5951035791,-0.07608040201005012
720.0,693.07,735.44,685.6,111983.0,7869313024.0,2025,3,3,15,0,2025-03-03 15:00,111983.0,-0.05761176982486671,2.263041431261779,326304.1431261779,374764.5951035791,-0.12930904522613054
690.0,685.56,704.97,658.0,94162.0,6425763840.0,2025,3,4,15,0,2025-03-04 15:00,94162.0,-0.010835846307010955,2.2276836158192173,322768.36158192175,374764.5951035791,-0.13874371859296475
688.0,711.4,718.68,688.0,79818.0,5646797824.0,2025,3,5,15,0,2025-03-05 15:00,79818.0,0.03769181399148147,2.3493408662900275,334934.08662900276,374764.5951035791,-0.1062814070351758
730.0,775.0,777.76,730.0,102199.0,7795445248.0,2025,3,6,15,0,2025-03-06 15:00,102199.0,0.08940118077031212,2.648775894538616,364877.58945386164,374764.5951035791,-0.0263819095477385
765.01,750.0,773.0,747.0,57840.0,4387785728.0,2025,3,7,15,0,2025-03-07 15:00,57840.0,-0.032258064516129004,2.531073446327693,353107.3446327693,374764.5951035791,-0.057788944723618
750.0,779.0,789.99,735.16,75949.0,5799739392.0,2025,3,10,15,0,2025-03-10 15:00,75949.0,0.03866666666666663,2.667608286252364,366760.8286252364,374764.5951035791,-0.021356783919597812
755.01,792.0,798.89,746.0,66573.0,5132347904.0,2025,3,11,15,0,2025-03-11 15:00,66573.0,0.016688061617458283,2.728813559322044,372881.3559322044,374764.5951035791,-0.005025125628140534
791.88,774.0,817.94,774.0,63515.0,5048943616.0,2025,3,12,15,0,2025-03-12 15:00,63515.0,-0.022727272727272707,2.6440677966101793,364406.77966101794,374764.5951035791,-0.02763819095477371
780.3,741.99,787.99,738.96,62545.0,4749108224.0,2025,3,13,15,0,2025-03-13 15:00,62545.0,-0.04135658914728679,2.4933615819209134,349336.15819209133,374764.5951035791,-0.06785175879396972
746.0,758.0,777.99,746.0,68132.0,5170917376.0,2025,3,14,15,0,2025-03-14 15:00,68132.0,0.021577110203641503,2.5687382297551884,356873.8229755188,374764.5951035791,-0.04773869346733662
754.89,751.7,755.88,727.27,47309.0,3513671680.0,2025,3,17,15,0,2025-03-17 15:00,47309.0,-0.008311345646437984,2.5390772128060357,353907.72128060355,374764.5951035791,-0.05565326633165825
749.0,750.0,760.0,738.5,38602.0,2892885760.0,2025,3,18,15,0,2025-03-18 15:00,38602.0,-0.002261540508181503,2.5310734463276927,353107.3446327693,374764.5951035791,-0.057788944723618
742.23,703.9,748.8,700.0,85116.0,6120351744.0,2025,3,19,15,0,2025-03-19 15:00,85116.0,-0.06146666666666667,2.3140301318267507,331403.01318267506,374764.5951035791,-0.11570351758793966
700.0,703.63,712.0,693.97,43170.0,3042227968.0,2025,3,20,15,0,2025-03-20 15:00,43170.0,-0.000383577212672237,2.3127589453860726,331275.8945386073,374764.5951035791,-0.11604271356783911
710.19,685.05,710.19,661.36,96456.0,6546979328.0,2025,3,21,15,0,2025-03-21 15:00,96456.0,-0.026405923567784262,2.2252824858757143,322528.24858757143,374764.5951035791,-0.1393844221105528
679.0,684.18,695.3,671.5,48012.0,3279822080.0,2025,3,24,15,0,2025-03-24 15:00,48012.0,-0.0012699802934093007,2.221186440677974,322118.6440677974,374764.5951035791,-0.14047738693467343
686.0,642.35,686.01,635.4,70421.0,4590157824.0,2025,3,25,15,0,2025-03-25 15:00,70421.0,-0.06113888158087044,2.024246704331458,302424.6704331458,374764.5951035791,-0.19302763819095478
642.35,643.0,653.0,640.0,40823.0,2639326464.0,2025,3,26,15,0,2025-03-26 15:00,40823.0,0.0010119093951894698,2.027306967984942,302730.6967984942,374764.5951035791,-0.19221105527638185
645.88,638.25,664.89,636.4,60878.0,3950878464.0,2025,3,27,15,0,2025-03-27 15:00,60878.0,-0.0073872472783825804,2.0049435028248666,300494.35028248664,374764.5951035791,-0.19817839195979897
635.0,627.0,641.63,624.01,43476.0,2740476160.0,2025,3,28,15,0,2025-03-28 15:00,43476.0,-0.01762632197414804,1.9519774011299513,295197.74011299515,374764.5951035791,-0.2123115577889446
625.59,623.0,634.66,611.0,53185.0,3301846528.0,2025,3,31,15,0,2025-03-31 15:00,53185.0,-0.006379585326953707,1.933145009416204,293314.5009416204,374764.5951035791,-0.21733668341708529
634.19,632.94,647.95,629.05,57397.0,3655499520.0,2025,4,1,15,0,2025-04-01 15:00,57397.0,0.01595505617977544,1.9799435028248675,297994.35028248676,374764.5951035791,-0.20484924623115544
632.0,629.35,645.0,626.0,34049.0,2158505472.0,2025,4,2,15,0,2025-04-02 15:00,34049.0,-0.005671943628148046,1.9630414312617788,296304.1431261779,374764.5951035791,-0.20935929648241175
619.0,638.0,645.0,619.0,60384.0,3854330112.0,2025,4,3,15,0,2025-04-03 15:00,60384.0,0.013744339397791405,2.0037664783427585,300376.64783427585,374764.5951035791,-0.19849246231155743
599.97,565.16,615.0,532.29,123786.0,7160071680.0,2025,4,7,15,0,2025-04-07 15:00,123786.0,-0.11416927899686524,1.6608286252354127,266082.86252354126,374764.5951035791,-0.28999999999999976
575.0,565.96,586.25,555.59,81973.0,4692949504.0,2025,4,8,15,0,2025-04-08 15:00,81973.0,0.0014155283459551526,1.6645951035781623,266459.51035781624,374764.5951035791,-0.28899497487437154
555.04,615.69,632.0,550.0,116748.0,7042986496.0,2025,4,9,15,0,2025-04-09 15:00,116748.0,0.08786840059368162,1.8987288135593308,289872.8813559331,374764.5951035791,-0.22652010050251217
630.0,602.89,630.0,595.0,94433.0,5718532096.0,2025,4,10,15,0,2025-04-10 15:00,94433.0,-0.020789683119751934,1.8384651600753377,283846.51600753376,374764.5951035791,-0.2426005025125626
605.0,614.98,632.8,593.0,87724.0,5366853120.0,2025,4,11,15,0,2025-04-11 15:00,87724.0,0.020053409411335377,1.89538606403014,289538.606403014,374764.5951035791,-0.22741206030150737
615.4,637.7,657.56,605.0,87962.0,5542328320.0,2025,4,14,15,0,2025-04-14 15:00,87962.0,0.03694429087124784,2.002354048964227,300235.4048964227,374764.5951035791,-0.1988693467336681
630.5,619.88,634.84,614.5,52950.0,3303581440.0,2025,4,15,15,0,2025-04-15 15:00,52950.0,-0.027944174376666187,1.918455743879481,291845.5743879481,374764.5951035791,-0.221256281407035
660.0,646.0,666.99,635.01,90203.0,5842501120.0,2025,4,16,15,0,2025-04-16 15:00,90203.0,0.04213718784280829,2.0414312617702532,304143.1261770253,374764.5951035791,-0.18844221105527623
645.0,677.0,686.28,640.05,72673.0,4865875456.0,2025,4,17,15,0,2025-04-17 15:00,72673.0,0.04798761609907132,2.1873822975517982,318738.22975517984,374764.5951035791,-0.1494974874371856
670.0,669.54,677.31,663.1,41687.0,2788430592.0,2025,4,18,15,0,2025-04-18 15:00,41687.0,-0.011019202363367842,2.1522598870056586,315225.9887005659,374764.5951035791,-0.15886934673366807
691.0,695.0,726.43,686.01,83389.0,5874523648.0,2025,4,21,15,0,2025-04-21 15:00,83389.0,0.03802610747677515,2.272128060263663,327212.8060263663,374764.5951035791,-0.12688442211055243
693.85,694.98,712.0,683.0,52172.0,3631341568.0,2025,4,22,15,0,2025-04-22 15:00,52172.0,-2.8776978417188737e-05,2.2720338983050943,327203.38983050943,374764.5951035791,-0.12690954773869312
686.27,685.21,693.58,671.88,55291.0,3776308224.0,2025,4,23,15,0,2025-04-23 15:00,55291.0,-0.014057958502402879,2.2260357815442657,322603.5781544266,374764.5951035791,-0.1391834170854267
685.21,691.96,694.88,679.0,43575.0,2994192384.0,2025,4,24,15,0,2025-04-24 15:00,43575.0,0.009850994585601569,2.257815442561215,325781.5442561215,374764.5951035791,-0.1307035175879393
686.97,689.96,704.1,675.0,46061.0,3179592704.0,2025,4,25,15,0,2025-04-25 15:00,46061.0,-0.0028903404821087886,2.2483992467043414,324839.92467043415,374764.5951035791,-0.13321608040200958
689.66,710.8,720.0,681.58,56427.0,3990661120.0,2025,4,28,15,0,2025-04-28 15:00,56427.0,0.030204649544901097,2.346516007532967,334651.6007532967,374764.5951035791,-0.10703517587939652
708.0,705.0,710.93,698.16,29993.0,2113383296.0,2025,4,29,15,0,2025-04-29 15:00,29993.0,-0.008159819921215505,2.3192090395480327,331920.90395480325,374764.5951035791,-0.11432160804020063
703.04,703.6,720.8,701.0,38794.0,2752633856.0,2025,4,30,15,0,2025-04-30 15:00,38794.0,-0.001985815602836838,2.3126177024482213,331261.77024482214,374764.5951035791,-0.11608040201004971
700.0,707.22,712.0,683.0,55923.0,3906746112.0,2025,5,6,15,0,2025-05-06 15:00,55923.0,0.005144968732234245,2.329661016949163,332966.1016949163,374764.5951035791,-0.11153266331658233
724.14,721.03,741.92,712.99,63510.0,4615104000.0,2025,5,7,15,0,2025-05-07 15:00,63510.0,0.019527162693362632,2.3946798493408767,339467.98493408767,374764.5951035791,-0.09418341708542667
710.0,703.23,719.78,701.0,42571.0,3009953536.0,2025,5,8,15,0,2025-05-08 15:00,42571.0,-0.02468690623136338,2.3108757062147,331087.57062147,374764.5951035791,-0.11654522613065267
700.17,700.0,704.98,691.6,30069.0,2101663232.0,2025,5,9,15,0,2025-05-09 15:00,30069.0,-0.004593091876057609,2.2956685499058485,329566.85499058483,374764.5951035791,-0.12060301507537638
696.86,675.4,701.33,675.0,62768.0,4291521792.0,2025,5,12,15,0,2025-05-12 15:00,62768.0,-0.03514285714285714,2.1798493408663,317984.93408663,374764.5951035791,-0.1515075376884417
678.33,678.29,689.44,676.31,36023.0,2457040128.0,2025,5,13,15,0,2025-05-13 15:00,36023.0,0.004278945809890411,2.1934557438794826,319345.57438794826,374764.5951035791,-0.14787688442211008
699.0,683.99,705.0,675.15,46388.0,3188759552.0,2025,5,14,15,0,2025-05-14 15:00,46388.0,0.008403485234929065,2.2202919020715735,322029.19020715734,374764.5951035791,-0.14071608040200947
681.0,677.0,685.88,670.08,34786.0,2352332800.0,2025,5,15,15,0,2025-05-15 15:00,34786.0,-0.010219447652743519,2.187382297551799,318738.2297551799,374764.5951035791,-0.14949748743718544
665.0,668.0,672.98,656.08,36060.0,2403096832.0,2025,5,16,15,0,2025-05-16 15:00,36060.0,-0.013293943870014813,2.1450094161958666,314500.94161958667,374764.5951035791,-0.16080402010050204
668.11,671.94,673.88,658.0,33361.0,2225971712.0,2025,5,19,15,0,2025-05-19 15:00,33361.0,0.005898203592814344,2.163559322033908,316355.9322033908,374764.5951035791,-0.15585427135678345
671.2,673.0,687.0,669.34,36966.0,2508632064.0,2025,5,20,15,0,2025-05-20 15:00,36966.0,0.0015775218025417814,2.168549905838051,316854.9905838051,374764.5951035791,-0.1545226130653263
672.88,666.49,676.98,664.12,24882.0,1662137088.0,2025,5,21,15,0,2025-05-21 15:00,24882.0,-0.009673105497771117,2.137900188323927,313790.0188323927,374764.5951035791,-0.16270100502512513
666.49,661.66,669.88,656.5,29695.0,1968237440.0,2025,5,22,15,0,2025-05-22 15:00,29695.0,-0.007246920433915061,2.1151600753295763,311516.00753295765,374764.5951035791,-0.16876884422110508
658.3,658.6,671.91,650.0,32777.0,2167972352.0,2025,5,23,15,0,2025-05-23 15:00,32777.0,-0.004624731735332288,2.1007532956685595,310075.329566856,374764.5951035791,-0.17261306532663265
658.7,651.0,665.19,645.0,32398.0,2112861440.0,2025,5,26,15,0,2025-05-26 15:00,32398.0,-0.01153962951715759,2.064971751412439,306497.1751412439,374764.5951035791,-0.18216080402010001
648.23,614.0,652.75,614.0,65115.0,4086021120.0,2025,5,27,15,0,2025-05-27 15:00,65115.0,-0.056835637480798784,1.8907721280602727,289077.21280602727,374764.5951035791,-0.22864321608040156
616.6,609.99,620.0,604.5,45488.0,2778767616.0,2025,5,28,15,0,2025-05-28 15:00,45488.0,-0.0065309446254071535,1.8718926553672408,287189.26553672407,374764.5951035791,-0.23368090452261261
615.0,612.9,619.0,608.0,43579.0,2675026688.0,2025,5,29,15,0,2025-05-29 15:00,43579.0,0.004770570009344333,1.885593220338992,288559.3220338992,374764.5951035791,-0.2300251256281403
606.0,603.66,607.77,583.0,58613.0,3476241920.0,2025,5,30,15,0,2025-05-30 15:00,58613.0,-0.01507586882036227,1.8420903954802346,284209.03954802343,374764.5951035791,-0.24163316582914543
599.0,595.86,606.65,595.01,35352.0,2120590464.0,2025,6,3,15,0,2025-06-03 15:00,35352.0,-0.012921180797137333,1.805367231638427,280536.7231638427,374764.5951035791,-0.25143216080401964
602.0,607.5,621.33,598.93,48951.0,2991239168.0,2025,6,4,15,0,2025-06-04 15:00,48951.0,0.019534790051354278,1.8601694915254328,286016.94915254327,374764.5951035791,-0.2368090452261302
608.0,619.86,628.99,605.07,56877.0,3516353280.0,2025,6,5,15,0,2025-06-05 15:00,56877.0,0.02034567901234574,1.9183615819209132,291836.15819209133,374764.5951035791,-0.22128140703517538
620.0,610.0,622.21,606.0,41021.0,2515114496.0,2025,6,6,15,0,2025-06-06 15:00,41021.0,-0.01590681766850577,1.8719397363465253,287193.97363465256,374764.5951035791,-0.23366834170854212
608.0,613.28,615.83,598.01,40475.0,2461805824.0,2025,6,9,15,0,2025-06-09 15:00,40475.0,0.005377049180327775,1.887382297551798,288738.2297551798,374764.5951035791,-0.22954773869346695
613.28,601.89,616.68,597.5,42970.0,2608659968.0,2025,6,10,15,0,2025-06-10 15:00,42970.0,-0.018572267153665556,1.8337570621469013,283375.7062146901,374764.5951035791,-0.24385678391959764
602.0,600.2,607.9,597.48,30918.0,1862825856.0,2025,6,11,15,0,2025-06-11 15:00,30918.0,-0.002807822027280582,1.8258003766478432,282580.03766478435,374764.5951035791,-0.2459798994974869
597.58,604.8,612.69,590.02,38684.0,2337517056.0,2025,6,12,15,0,2025-06-12 15:00,38684.0,0.007664111962679021,1.847457627118653,284745.7627118653,374764.5951035791,-0.24020100502512517
595.51,604.9,607.88,592.66,40457.0,2436393728.0,2025,6,13,15,0,2025-06-13 15:00,40457.0,0.00016534391534395176,1.8479284369114968,284792.84369114967,374764.5951035791,-0.24007537688442165
598.0,597.55,616.0,596.85,45666.0,2756462848.0,2025,6,16,15,0,2025-06-16 15:00,45666.0,-0.012150768722102856,1.813323917137485,281332.3917137485,374764.5951035791,-0.24930904522613026
597.0,573.3,599.59,568.28,65673.0,3789592576.0,2025,6,17,15,0,2025-06-17 15:00,65673.0,-0.04058237804367837,1.6991525423728895,269915.25423728896,374764.5951035791,-0.2797738693467333
575.0,583.91,587.96,572.13,40893.0,2376487936.0,2025,6,18,15,0,2025-06-18 15:00,40893.0,0.018506889935461457,1.7491054613936057,274910.5461393606,374764.5951035791,-0.26644472361808996
582.0,582.08,592.9,580.05,33717.0,1975021952.0,2025,6,19,15,0,2025-06-19 15:00,33717.0,-0.0031340446301655334,1.7404896421845661,274048.9642184566,374764.5951035791,-0.2687437185929644
581.49,573.97,584.0,567.11,37192.0,2137606912.0,2025,6,20,15,0,2025-06-20 15:00,37192.0,-0.013932792743265532,1.7023069679849425,270230.69679849426,374764.5951035791,-0.27893216080401967
571.61,568.0,575.03,560.67,45497.0,2578692352.0,2025,6,23,15,0,2025-06-23 15:00,45497.0,-0.010401240482952101,1.674199623352174,267419.9623352174,374764.5951035791,-0.28643216080401973
574.2,607.25,616.58,574.0,88349.0,5313919488.0,2025,6,24,15,0,2025-06-24 15:00,88349.0,0.06910211267605626,1.8589924670433233,285899.24670433236,374764.5951035791,-0.23712311557788898
608.33,611.11,618.68,596.51,93288.0,5655341056.0,2025,6,25,15,0,2025-06-25 15:00,93288.0,0.00635652531906139,1.8771657250470901,287716.572504709,374764.5951035791,-0.2322738693467332
611.0,610.5,636.3,607.01,90138.0,5590356480.0,2025,6,26,15,0,2025-06-26 15:00,90138.0,-0.0009981836330611449,1.8742937853107438,287429.3785310744,374764.5951035791,-0.23304020100502457
608.0,585.5,608.68,582.78,81328.0,4807502848.0,2025,6,27,15,0,2025-06-27 15:00,81328.0,-0.040950040950040956,1.7565913370998207,275659.1337099821,374764.5951035791,-0.26444723618090393
585.57,601.5,612.94,585.57,72494.0,4363268096.0,2025,6,30,15,0,2025-06-30 15:00,72494.0,0.027327070879590076,1.8319209039548117,283192.09039548115,374764.5951035791,-0.24434673366834117
598.88,563.0,598.88,560.66,104237.0,5924880896.0,2025,7,1,15,0,2025-07-01 15:00,104237.0,-0.06400665004156281,1.6506591337099898,265065.913370999,374764.5951035791,-0.29271356783919544
560.22,545.1,560.22,541.91,64098.0,3509933312.0,2025,7,2,15,0,2025-07-02 15:00,64098.0,-0.03179396092362341,1.566384180790969,256638.4180790969,374764.5951035791,-0.31520100502512505
546.0,547.3,553.6,544.0,39722.0,2173734912.0,2025,7,3,15,0,2025-07-03 15:00,39722.0,0.0040359567051915235,1.57674199623353,257674.199623353,374764.5951035791,-0.31243718592964775
545.0,547.47,557.97,538.67,56859.0,3111587072.0,2025,7,4,15,0,2025-07-04 15:00,56859.0,0.00031061575004587283,1.5775423728813647,257754.23728813647,374764.5951035791,-0.3122236180904517
544.0,541.38,553.86,541.01,33310.0,1810291968.0,2025,7,7,15,0,2025-07-07 15:00,33310.0,-0.011123897199846633,1.5488700564971838,254887.00564971837,374764.5951035791,-0.31987437185929596
540.0,542.77,545.3,538.1,39527.0,2143484032.0,2025,7,8,15,0,2025-07-08 15:00,39527.0,0.002567512652850157,1.5554143126177111,255541.43126177113,374764.5951035791,-0.31812814070351697
544.0,535.0,544.78,533.5,49069.0,2643083776.0,2025,7,9,15,0,2025-07-09 15:00,49069.0,-0.01431545590213168,1.5188323917137563,251883.23917137564,374764.5951035791,-0.3278894472361803
534.01,523.5,537.87,520.67,85815.0,4522151424.0,2025,7,10,15,0,2025-07-10 15:00,85815.0,-0.021495327102803774,1.4646892655367316,246468.92655367317,374764.5951035791,-0.34233668341708484
523.0,553.98,559.96,523.0,116436.0,6359225344.0,2025,7,11,15,0,2025-07-11 15:00,116436.0,0.0582234957020058,1.6081920903954892,260819.2090395489,374764.5951035791,-0.30404522613065266
555.0,565.06,570.0,554.0,65114.0,3678055680.0,2025,7,14,15,0,2025-07-14 15:00,65114.0,0.020000722047727182,1.6603578154425698,266035.78154425696,374764.5951035791,-0.2901256281407031
564.0,553.1,564.0,546.76,59685.0,3309396736.0,2025,7,15,15,0,2025-07-15 15:00,59685.0,-0.021165893887374665,1.6040489642184643,260404.89642184644,374764.5951035791,-0.3051507537688437
548.09,580.19,593.1,548.09,97122.0,5629778432.0,2025,7,16,15,0,2025-07-16 15:00,97122.0,0.04897848490327261,1.7315913370998213,273159.13370998215,374764.5951035791,-0.27111809045226054
575.0,582.4,584.99,559.23,79737.0,4557378560.0,2025,7,17,15,0,2025-07-17 15:00,79737.0,0.0038090970199415874,1.7419962335216663,274199.6233521666,374764.5951035791,-0.26834170854271305
580.55,582.62,589.98,578.03,51156.0,2984533760.0,2025,7,18,15,0,2025-07-18 15:00,51156.0,0.0003777472527473069,1.7430320150659226,274303.2015065923,374764.5951035791,-0.2680653266331652
587.0,582.0,599.57,580.08,59576.0,3509550848.0,2025,7,21,15,0,2025-07-21 15:00,59576.0,-0.0010641584566269957,1.7401129943502918,274011.29943502916,374764.5951035791,-0.2688442211055271
581.9,593.93,601.09,580.1,65632.0,3894927616.0,2025,7,22,15,0,2025-07-22 15:00,65632.0,0.020498281786941464,1.796280602636544,279628.0602636544,374764.5951035791,-0.2538567839195975
593.2,595.56,603.0,586.53,54486.0,3236985088.0,2025,7,23,15,0,2025-07-23 15:00,54486.0,0.002744431161921357,1.803954802259896,280395.4802259896,374764.5951035791,-0.2518090452261302
591.5,600.23,604.95,591.5,49166.0,2941835008.0,2025,7,24,15,0,2025-07-24 15:00,49166.0,0.007841359392840586,1.8259416195856972,282594.1619585697,374764.5951035791,-0.2459422110552757
599.53,673.3,698.01,599.53,127392.0,8133258752.0,2025,7,25,15,0,2025-07-25 15:00,127392.0,0.1217366676107492,2.1699623352165833,316996.23352165835,374764.5951035791,-0.15414572864321532
673.0,679.0,688.7,654.02,95079.0,6379660800.0,2025,7,28,15,0,2025-07-28 15:00,95079.0,0.008465765631961997,2.1967984934086737,319679.84934086737,374764.5951035791,-0.14698492462311488
676.0,710.78,718.0,673.0,114103.0,7988279296.0,2025,7,29,15,0,2025-07-29 15:00,114103.0,0.04680412371134013,2.346421845574399,334642.1845574399,374764.5951035791,-0.10706030150753708
700.0,684.7,708.0,680.0,76531.0,5304272384.0,2025,7,30,15,0,2025-07-30 15:00,76531.0,-0.036692084751962506,2.223634651600764,322363.4651600764,374764.5951035791,-0.13982412060301444
685.0,709.5,735.0,680.01,117690.0,8333907456.0,2025,7,31,15,0,2025-07-31 15:00,117690.0,0.03622024244194533,2.340395480226,334039.5480226,374764.5951035791,-0.10866834170854195
700.0,689.1,716.0,680.0,71835.0,4998267904.0,2025,8,1,15,0,2025-08-01 15:00,71835.0,-0.028752642706131093,2.2443502824858865,324435.0282485887,374764.5951035791,-0.13429648241205958
687.58,689.06,699.95,675.17,57761.0,3987683072.0,2025,8,4,15,0,2025-08-04 15:00,57761.0,-5.804672761589025e-05,2.2441619585687484,324416.19585687487,374764.5951035791,-0.13434673366834113
686.0,695.0,699.9,682.58,48788.0,3379825664.0,2025,8,5,15,0,2025-08-05 15:00,48788.0,0.008620439439236183,2.272128060263664,327212.8060263664,374764.5951035791,-0.12688442211055212
691.86,694.34,696.39,685.0,43399.0,2997970944.0,2025,8,6,15,0,2025-08-06 15:00,43399.0,-0.0009496402877697818,2.2690207156308957,326902.07156308956,374764.5951035791,-0.1277135678391954
700.51,703.0,731.0,686.01,108244.0,7687346688.0,2025,8,7,15,0,2025-08-07 15:00,108244.0,0.012472275830284874,2.3097928436911594,330979.28436911595,374764.5951035791,-0.11683417085427074
691.0,692.8,702.93,670.0,65253.0,4496880640.0,2025,8,8,15,0,2025-08-08 15:00,65253.0,-0.014509246088193484,2.261770244821103,326177.0244821103,374764.5951035791,-0.12964824120602955
692.5,707.4,711.8,690.61,55594.0,3916076032.0,2025,8,11,15,0,2025-08-11 15:00,55594.0,0.02107390300230949,2.330508474576282,333050.8474576282,374764.5951035791,-0.11130653266331603
702.5,848.88,848.88,696.06,191621.0,15126075392.0,2025,8,12,15,0,2025-08-12 15:00,191621.0,0.19999999999999996,2.996610169491538,399661.0169491538,399661.0169491538,0.0
830.0,860.0,868.0,820.0,134683.0,11355310080.0,2025,8,13,15,0,2025-08-13 15:00,134683.0,0.013099613608519523,3.0489642184557573,404896.42184557574,404896.42184557574,0.0
865.0,949.0,985.0,865.0,150710.0,14035313664.0,2025,8,14,15,0,2025-08-14 15:00,150710.0,0.1034883720930233,3.467984934086644,446798.4934086644,446798.4934086644,0.0
923.0,923.7,935.0,904.81,110398.0,10171678720.0,2025,8,15,15,0,2025-08-15 15:00,110398.0,-0.026659641728134842,3.34887005649719,434887.005649719,446798.4934086644,-0.02665964172813491
950.28,950.0,987.99,925.46,115423.0,11085893632.0,2025,8,18,15,0,2025-08-18 15:00,115423.0,0.02847244776442559,3.472693032015081,447269.30320150807,447269.30320150807,0.0
939.0,933.98,1001.1,927.92,105469.0,10074664960.0,2025,8,19,15,0,2025-08-19 15:00,105469.0,-0.016863157894736802,3.3972693032015213,439726.93032015214,447269.30320150807,-0.016863157894736778
920.11,1013.0,1027.0,900.0,127059.0,12383503360.0,2025,8,20,15,0,2025-08-20 15:00,127059.0,0.08460566607422004,3.7693032015066077,476930.32015066076,476930.32015066076,0.0
1020.0,1036.0,1080.18,1005.57,114027.0,11930000384.0,2025,8,21,15,0,2025-08-21 15:00,114027.0,0.022704837117472954,3.877589453860658,487758.9453860658,487758.9453860658,0.0
1075.0,1243.2,1243.2,1075.0,141160.0,16488719360.0,2025,8,22,15,0,2025-08-22 15:00,141160.0,0.19999999999999996,4.8531073446327895,585310.7344632789,585310.7344632789,0.0
1321.0,1384.93,1391.0,1266.0,187639.0,24989984768.0,2025,8,25,15,0,2025-08-25 15:00,187639.0,0.11400418275418267,5.520386064030155,652038.6064030154,652038.6064030154,0.0
1310.0,1329.0,1348.0,1289.01,118132.0,15643165696.0,2025,8,26,15,0,2025-08-26 15:00,118132.0,-0.040384712584751625,5.257062146892677,625706.2146892677,652038.6064030154,-0.040384712584751604
1378.88,1372.1,1464.98,1341.02,178950.0,25003096064.0,2025,8,27,15,0,2025-08-27 15:00,178950.0,0.03243039879608722,5.4599811676083085,645998.1167608309,652038.6064030154,-0.00926400612305315
1420.0,1587.91,1595.88,1391.0,178270.0,26023907328.0,2025,8,28,15,0,2025-08-28 15:00,178270.0,0.15728445448582473,6.476035781544282,747603.5781544282,747603.5781544282,0.0
1480.0,1492.49,1534.97,1420.0,178637.0,26507284480.0,2025,8,29,15,0,2025-08-29 15:00,178637.0,-0.06009156690240636,6.02678907721283,702678.907721283,747603.5781544282,-0.06009156690240627
1460.0,1448.39,1508.6,1358.75,175381.0,25070934016.0,2025,9,1,15,0,2025-09-01 15:00,175381.0,-0.029547936669592323,5.819161958568762,681916.1958568762,747603.5781544282,-0.08786392175878978
1451.0,1480.0,1540.0,1431.0,173376.0,25731180544.0,2025,9,2,15,0,2025-09-02 15:00,173376.0,0.021824232423587553,5.967984934086654,696798.4934086654,747603.5781544282,-0.06795725198531385
1419.0,1405.0,1439.0,1371.0,141492.0,19901151232.0,2025,9,3,15,0,2025-09-03 15:00,141492.0,-0.05067567567567566,5.614877589453885,661487.7589453885,747603.5781544282,-0.11518914799957154
1375.0,1202.0,1389.0,1182.0,221653.0,28013148160.0,2025,9,4,15,0,2025-09-04 15:00,221653.0,-0.14448398576512456,4.659133709981188,565913.3709981188,747603.5781544282,-0.24303014654482927
1220.0,1281.46,1310.15,1172.0,200038.0,24705957888.0,2025,9,5,15,0,2025-09-05 15:00,200038.0,0.06610648918469231,5.033239171374787,603323.9171374787,747603.5781544282,-0.19298952711425685
1245.0,1212.78,1257.99,1183.0,140728.0,17136817152.0,2025,9,8,15,0,2025-09-08 15:00,140728.0,-0.053595118068453185,4.709887005649739,570988.7005649739,747603.5781544282,-0.2362413486910465
1180.01,1228.07,1267.0,1180.01,103581.0,12767435776.0,2025,9,9,15,0,2025-09-09 15:00,103581.0,0.01260739787925269,4.781873822975539,578187.3822975539,747603.5781544282,-0.22661233949027315
1268.0,1273.0,1325.0,1236.78,138585.0,17662160896.0,2025,9,10,15,0,2025-09-10 15:00,138585.0,0.03658586236940886,4.99340866290021,599340.866290021,747603.5781544282,-0.19831728498466522
1295.0,1387.0,1436.47,1276.0,190932.0,25996861440.0,2025,9,11,15,0,2025-09-11 15:00,190932.0,0.08955223880597019,5.53013182674202,653013.182674202,747603.5781544282,-0.1265248030429934
1387.0,1488.0,1522.22,1372.0,197411.0,28695031808.0,2025,9,12,15,0,2025-09-12 15:00,197411.0,0.07281903388608502,6.005649717514149,700564.9717514149,747603.5781544282,-0.06291918307712638
1505.0,1440.0,1529.4,1411.1,114491.0,16564077568.0,2025,9,15,15,0,2025-09-15 15:00,114491.0,-0.032258064516129004,5.779661016949177,677966.1016949177,747603.5781544282,-0.09314759652625137
1468.0,1440.1,1528.0,1428.53,136802.0,20074698752.0,2025,9,16,15,0,2025-09-16 15:00,136802.0,6.94444444444553e-05,5.7801318267420205,678013.182674202,747603.5781544282,-0.09308462066489903
1413.3,1442.0,1470.02,1372.25,98617.0,14146955264.0,2025,9,17,15,0,2025-09-17 15:00,98617.0,0.0013193528227206652,5.789077212806051,678907.7212806051,747603.5781544282,-0.09188807929920446
1508.0,1420.99,1518.0,1381.11,171994.0,25149759488.0,2025,9,18,15,0,2025-09-18 15:00,171994.0,-0.014570041608876538,5.690160075329591,669016.0075329591,747603.5781544282,-0.10511930776933183
1392.0,1349.24,1420.0,1342.0,126552.0,17405923328.0,2025,9,19,15,0,2025-09-19 15:00,126552.0,-0.05049296617147203,5.352354048964242,635235.4048964242,747603.5781544282,-0.15030448828963838
1327.99,1398.0,1429.9,1301.0,134359.0,18462164992.0,2025,9,22,15,0,2025-09-22 15:00,134359.0,0.03613886336011385,5.581920903954826,658192.0903954826,747603.5781544282,-0.11959745829423564
1400.0,1350.38,1425.0,1313.33,128180.0,17429936128.0,2025,9,23,15,0,2025-09-23 15:00,128180.0,-0.03406294706723878,5.35772128060266,635772.128060266,747603.5781544282,-0.1495865634702216
1330.0,1374.0,1400.0,1330.0,100897.0,13721389056.0,2025,9,24,15,0,2025-09-24 15:00,100897.0,0.01749137279876778,5.468926553672341,646892.655367234,747603.5781544282,-0.13471166501879805
1369.39,1386.69,1414.99,1350.0,90301.0,12516091904.0,2025,9,25,15,0,2025-09-25 15:00,90301.0,0.009235807860262124,5.528672316384206,652867.2316384206,747603.5781544282,-0.12672002821318548
1365.0,1339.0,1390.0,1334.0,75520.0,10227301376.0,2025,9,26,15,0,2025-09-26 15:00,75520.0,-0.0343912482241886,5.304143126177048,630414.3126177049,747603.5781544282,-0.15675321649211824
1320.0,1323.5,1338.98,1271.0,90298.0,11815948288.0,2025,9,29,15,0,2025-09-29 15:00,90298.0,-0.011575802837938798,5.231167608286276,623116.7608286276,747603.5781544282,-0.1665144750017315
1388.0,1325.0,1399.0,1318.23,86539.0,11699849216.0,2025,9,30,15,0,2025-09-30 15:00,86539.0,0.0011333585190782536,5.238229755178931,623822.9755178931,747603.5781544282,-0.16556983708144643
1360.5,1332.79,1405.93,1332.0,118338.0,16137619456.0,2025,10,9,15,0,2025-10-09 15:00,118338.0,0.0058792452830187525,5.274905838041454,627490.5838041455,747603.5781544282,-0.16066401748209885
1302.0,1247.08,1304.31,1240.99,108213.0,13767649280.0,2025,10,10,15,0,2025-10-10 15:00,108213.0,-0.06430870579761261,4.871374764595124,587137.4764595125,747603.5781544282,-0.21464062824719268
1210.0,1262.11,1278.0,1210.0,87752.0,11019556864.0,2025,10,13,15,0,2025-10-13 15:00,87752.0,0.012052153831350054,4.942137476459531,594213.7476459531,747603.5781544282,-0.20517535628593556
1271.99,1196.0,1271.99,1190.0,105876.0,12861254656.0,2025,10,14,15,0,2025-10-14 15:00,105876.0,-0.0523805373541133,4.630885122410566,563088.5122410567,747603.5781544282,-0.24680869822596982
1208.0,1242.0,1246.98,1190.0,70806.0,8637499392.0,2025,10,15,15,0,2025-10-15 15:00,70806.0,0.03846153846153855,4.847457627118666,584745.7627118665,747603.5781544282,-0.21783980200389175
1260.0,1274.0,1307.96,1260.0,96667.0,12409421824.0,2025,10,16,15,0,2025-10-16 15:00,96667.0,0.025764895330112614,4.998116760828647,599811.6760828646,747603.5781544282,-0.19768752637114184
1254.95,1247.68,1289.28,1218.23,84813.0,10607162368.0,2025,10,17,15,0,2025-10-17 15:00,84813.0,-0.020659340659340608,4.874199623352187,587419.9623352187,747603.5781544282,-0.21426277307907865
1273.11,1281.12,1333.96,1241.5,128071.0,16518765568.0,2025,10,20,15,0,2025-10-20 15:00,128071.0,0.026801744036932362,5.031638418079116,603163.8418079116,747603.5781544282,-0.19320364504285512
1281.12,1368.96,1378.0,1245.0,146125.0,19240519680.0,2025,10,21,15,0,2025-10-21 15:00,146125.0,0.06856500562008261,5.445197740113017,644519.7740113017,747603.5781544282,-0.13788564843095633
1341.0,1429.5,1468.0,1339.0,141335.0,19814512640.0,2025,10,22,15,0,2025-10-22 15:00,141335.0,0.04422335203366057,5.730225988700589,673022.5988700589,747603.5781544282,-0.09976006196824744
1409.0,1398.9,1417.0,1365.0,79242.0,11008098304.0,2025,10,23,15,0,2025-10-23 15:00,79242.0,-0.021406086044071237,5.586158192090419,658615.8192090419,747603.5781544282,-0.1190306755420646
1425.0,1525.0,1548.0,1404.0,159565.0,23402506240.0,2025,10,24,15,0,2025-10-24 15:00,159565.0,0.09014225462863679,6.179849340866316,717984.9340866316,747603.5781544282,-0.03961811437675915
1560.0,1530.68,1560.01,1493.0,122356.0,18757216256.0,2025,10,27,15,0,2025-10-27 15:00,122356.0,0.003724590163934449,6.206591337099838,720659.1337099838,747603.5781544282,-0.03604108545194606
1505.0,1478.58,1533.79,1457.0,104310.0,15591303168.0,2025,10,28,15,0,2025-10-28 15:00,104310.0,-0.03403715995505274,5.961299435028273,696129.9435028273,747603.5781544282,-0.0688515092165172
1460.0,1461.0,1530.88,1433.0,101228.0,14915634176.0,2025,10,29,15,0,2025-10-29 15:00,101228.0,-0.011889786146167203,5.878531073446353,687853.1073446353,747603.5781544282,-0.07992266564225908
1440.0,1422.0,1499.96,1400.01,117364.0,16889723904.0,2025,10,30,15,0,2025-10-30 15:00,117364.0,-0.026694045174537995,5.694915254237312,669491.5254237312,747603.5781544282,-0.10448325156967322
1407.96,1375.0,1414.0,1375.0,85167.0,11831070720.0,2025,10,31,15,0,2025-10-31 15:00,85167.0,-0.03305203938115331,5.473634651600777,647363.4651600777,747603.5781544282,-0.13408190640527468
1335.0,1346.6,1360.66,1335.0,63788.0,8590649344.0,2025,11,3,15,0,2025-11-03 15:00,63788.0,-0.02065454545454548,5.3399246704331675,633992.4670433168,747603.5781544282,-0.15196705102934027
1370.0,1339.6,1390.85,1326.0,71501.0,9736393728.0,2025,11,4,15,0,2025-11-04 15:00,71501.0,-0.005198277142432817,5.306967984934109,630696.7984934109,747603.5781544282,-0.15637536132400437
1295.0,1348.0,1365.0,1291.11,67698.0,9005686784.0,2025,11,5,15,0,2025-11-05 15:00,67698.0,0.006270528515974982,5.346516007532979,634651.6007532979,747603.5781544282,-0.15108538897040755
1386.0,1480.0,1480.88,1371.23,134785.0,19250016256.0,2025,11,6,15,0,2025-11-06 15:00,134785.0,0.09792284866468837,5.967984934086653,696798.4934086653,747603.5781544282,-0.06795725198531401
1455.55,1432.5,1468.88,1430.08,66444.0,9618929664.0,2025,11,7,15,0,2025-11-07 15:00,66444.0,-0.03209459459459463,5.7443502824858985,674435.0282485898,747603.5781544282,-0.09787078612767731
1430.03,1391.5,1450.0,1337.01,89348.0,12282433536.0,2025,11,10,15,0,2025-11-10 15:00,89348.0,-0.02862129144851655,5.551318267419985,655131.8267419985,747603.5781544282,-0.12369088928213805
1398.0,1330.0,1403.0,1299.11,90176.0,12109374464.0,2025,11,11,15,0,2025-11-11 15:00,90176.0,-0.04419690980955804,5.261770244821114,626177.0244821114,747603.5781544282,-0.1624210440138294
1312.0,1365.78,1375.0,1308.0,67212.0,9031583744.0,2025,11,12,15,0,2025-11-12 15:00,67212.0,0.02690225563909765,5.430225988700586,643022.5988700587,747603.5781544282,-0.13988828082196098
1352.0,1384.9,1387.0,1329.0,61507.0,8363426304.0,2025,11,13,15,0,2025-11-13 15:00,61507.0,0.013999326392244882,5.520244821092302,652024.4821092301,747603.5781544282,-0.12784729613139278
1350.0,1325.01,1365.13,1324.3,62737.0,8403397120.0,2025,11,14,15,0,2025-11-14 15:00,62737.0,-0.04324499963896322,5.238276836158213,623827.6836158213,747603.5781544282,-0.1655635394953115
1316.95,1303.1,1342.01,1283.38,67492.0,8840817664.0,2025,11,17,15,0,2025-11-17 15:00,67492.0,-0.01653572425868488,5.13512241054616,613512.2410546159,747603.5781544282,-0.17936155071761006
1305.95,1326.7,1344.44,1290.99,60034.0,7979099648.0,2025,11,18,15,0,2025-11-18 15:00,60034.0,0.018110659197298817,5.246233521657271,624623.3521657272,747603.5781544282,-0.16449924743845684
1320.0,1332.0,1350.0,1320.0,42413.0,5664290304.0,2025,11,19,15,0,2025-11-19 15:00,42413.0,0.003994874500640622,5.271186440677987,627118.6440677986,747603.5781544282,-0.1611615267867828
1361.01,1322.3,1365.58,1320.0,38874.0,5185546240.0,2025,11,20,15,0,2025-11-20 15:00,38874.0,-0.007282282282282337,5.2255178907721485,622551.7890772149,747603.5781544282,-0.16727018533796
1290.3,1249.0,1298.0,1240.01,72573.0,9176505344.0,2025,11,21,15,0,2025-11-21 15:00,72573.0,-0.055433713983211064,4.880414312617722,588041.4312617722,747603.5781544282,-0.21343149170922796
1252.88,1261.98,1275.58,1218.0,59214.0,7394380800.0,2025,11,24,15,0,2025-11-24 15:00,59214.0,0.010392313851080859,4.941525423728833,594152.5423728833,747603.5781544282,-0.20525722490569376
1268.0,1260.0,1285.35,1244.0,58771.0,7414400512.0,2025,11,25,15,0,2025-11-25 15:00,58771.0,-0.0015689630580516534,4.932203389830527,593220.3389830528,747603.5781544282,-0.2065041469604702
1245.0,1314.66,1340.16,1234.01,91472.0,11889049600.0,2025,11,26,15,0,2025-11-26 15:00,91472.0,0.04338095238095252,5.18954802259889,618954.802259889,747603.5781544282,-0.1720815411452792
1360.0,1317.36,1388.2,1313.0,89364.0,12117075968.0,2025,11,27,15,0,2025-11-27 15:00,89364.0,0.002053762950116278,5.2022598870056695,620225.9887005669,747603.5781544282,-0.17038119288876594
1310.0,1331.0,1347.0,1291.0,58546.0,7708418560.0,2025,11,28,15,0,2025-11-28 15:00,58546.0,0.010354041416165805,5.26647834274955,626647.834274955,747603.5781544282,-0.16179128540030616
1327.94,1362.44,1382.0,1292.2,73684.0,9888481280.0,2025,12,1,15,0,2025-12-01 15:00,73684.0,0.02362133734034555,5.414500941619607,641450.0941619606,747603.5781544282,-0.14199167459112938
1370.0,1328.73,1377.0,1322.44,46406.0,6242939904.0,2025,12,2,15,0,2025-12-02 15:00,46406.0,-0.024742373976101684,5.255790960451998,625579.0960451998,747603.5781544282,-0.1632208374530044
1333.0,1332.3,1360.0,1320.1,44919.0,6005556736.0,2025,12,3,15,0,2025-12-03 15:00,44919.0,0.0026867760944659924,5.272598870056517,627259.8870056517,747603.5781544282,-0.16097259920272577
1321.21,1369.0,1369.3,1292.5,70527.0,9414091776.0,2025,12,4,15,0,2025-12-04 15:00,70527.0,0.027546348420025568,5.445386064030153,644538.6064030153,747603.5781544282,-0.13786045808641556
1339.5,1355.0,1396.32,1322.0,88022.0,11982010368.0,2025,12,5,15,0,2025-12-05 15:00,88022.0,-0.010226442658875068,5.379472693032036,637947.2693032036,747603.5781544282,-0.14667707867574376
1335.0,1417.8,1441.8,1333.02,98744.0,13837959168.0,2025,12,8,15,0,2025-12-08 15:00,98744.0,0.04634686346863459,5.675141242937874,667514.1242937874,747603.5781544282,-0.10712823774647202
1375.0,1436.0,1457.57,1368.0,90594.0,12892589056.0,2025,12,9,15,0,2025-12-09 15:00,90594.0,0.012836789392015824,5.760828625235426,676082.8625235426,747603.5781544282,-0.0956666309803455
1436.0,1420.88,1451.69,1371.0,62966.0,8864635904.0,2025,12,10,15,0,2025-12-10 15:00,62966.0,-0.010529247910863404,5.689642184557461,668964.2184557461,747603.5781544282,-0.10518858121681972
1410.0,1382.02,1417.0,1376.0,62072.0,8619204608.0,2025,12,11,15,0,2025-12-11 15:00,62072.0,-0.02734924835313335,5.506685499058402,650668.5499058402,747603.5781544282,-0.12966100093834043
1382.02,1344.0,1408.0,1329.8,91731.0,12503100416.0,2025,12,12,15,0,2025-12-12 15:00,91731.0,-0.027510455709758186,5.32768361581923,632768.361581923,747603.5781544282,-0.1536044234245015
1316.01,1331.9,1377.79,1316.01,64108.0,8667825152.0,2025,12,15,15,0,2025-12-15 15:00,64108.0,-0.009002976190476075,5.270715630885143,627071.5630885144,747603.5781544282,-0.16122450264813498
1319.1,1273.92,1332.0,1262.69,73946.0,9503366144.0,2025,12,16,15,0,2025-12-16 15:00,73946.0,-0.04353179668143259,4.99774011299437,599774.011299437,747603.5781544282,-0.19773790706022387
1270.11,1315.6,1320.0,1263.5,63136.0,8165521920.0,2025,12,17,15,0,2025-12-17 15:00,63136.0,0.03271791007284586,5.19397363465162,619397.363465162,747603.5781544282,-0.17148956804856724
1300.0,1287.0,1309.77,1280.02,38865.0,5022391296.0,2025,12,18,15,0,2025-12-18 15:00,38865.0,-0.021739130434782594,5.059322033898324,605932.2033898324,747603.5781544282,-0.1895006643953375
1300.0,1268.0,1301.0,1264.0,43265.0,5527000576.0,2025,12,19,15,0,2025-12-19 15:00,43265.0,-0.014763014763014781,4.969868173258022,596986.8173258022,747603.5781544282,-0.2014660780522829
1275.01,1284.77,1297.65,1258.0,64766.0,8285582336.0,2025,12,22,15,0,2025-12-22 15:00,64766.0,0.013225552050473155,5.0488229755179095,604882.297551791,747603.5781544282,-0.19090502610349477
1278.2,1336.02,1350.0,1275.1,91435.0,12143932416.0,2025,12,23,15,0,2025-12-23 15:00,91435.0,0.039890408399947175,5.290112994350302,629011.2994350302,747603.5781544282,-0.15862989716041867
1335.0,1326.2,1345.0,1300.99,59286.0,7830827520.0,2025,12,24,15,0,2025-12-24 15:00,59286.0,-0.007350189368422577,5.2438794726930515,624387.9472693051,747603.5781544282,-0.16481412674521884
1315.0,1319.41,1333.99,1310.0,40510.0,5343991296.0,2025,12,25,15,0,2025-12-25 15:00,40510.0,-0.005119891419092082,5.211911487758965,621191.1487758965,747603.5781544282,-0.16909018773104287
1302.0,1303.89,1334.15,1290.1,47847.0,6276085760.0,2025,12,26,15,0,2025-12-26 15:00,47847.0,-0.011762833387650495,5.138841807909625,613884.1807909624,747603.5781544282,-0.1788640414129266
1309.97,1358.5,1398.0,1308.0,98352.0,13413872640.0,2025,12,29,15,0,2025-12-29 15:00,98352.0,0.04188236737761608,5.3959510357815645,639595.1035781564,747603.5781544282,-0.1444729235284118
1358.88,1415.8,1439.0,1358.88,91353.0,12869406720.0,2025,12,30,15,0,2025-12-30 15:00,91353.0,0.042178873757821034,5.665725047081,666572.5047081,747603.5781544282,-0.10838775497351893
1426.0,1355.55,1432.0,1348.16,70267.0,9747441664.0,2025,12,31,15,0,2025-12-31 15:00,70267.0,-0.04255544568441871,5.382062146892674,638206.2146892675,747603.5781544282,-0.14633071143830606
1375.0,1390.0,1403.48,1346.78,65515.0,9038942208.0,2026,1,5,15,0,2026-01-05 15:00,65515.0,0.02541403858212532,5.544256120527327,654425.6120527326,747603.5781544282,-0.12463552720242374
1380.0,1383.1,1430.0,1363.06,69600.0,9668802560.0,2026,1,6,15,0,2026-01-06 15:00,69600.0,-0.004964028776978435,5.511770244821112,651177.0244821112,747603.5781544282,-0.12898086163573533
1370.0,1394.88,1399.93,1356.88,68366.0,9416480768.0,2026,1,7,15,0,2026-01-07 15:00,68366.0,0.008517099269756523,5.5672316384181,656723.1638418101,747603.5781544282,-0.12156230516842904
1409.0,1444.0,1486.0,1401.0,149220.0,21582860288.0,2026,1,8,15,0,2026-01-08 15:00,149220.0,0.03521449873824256,5.798493408662921,679849.3408662921,747603.5781544282,-0.09062856207215803
1419.99,1491.0,1512.0,1391.0,102204.0,14899518464.0,2026,1,9,15,0,2026-01-09 15:00,102204.0,0.032548476454293596,6.019774011299456,701977.4011299456,747603.5781544282,-0.06102990723655657
1534.44,1509.99,1550.0,1463.0,94844.0,14379497472.0,2026,1,12,15,0,2026-01-12 15:00,94844.0,0.012736418511066327,6.109180790960473,710918.0790960473,747603.5781544282,-0.04907079116574657
1485.0,1408.09,1520.0,1399.99,100029.0,14468557824.0,2026,1,13,15,0,2026-01-13 15:00,100029.0,-0.06748389062179228,5.62942561205275,662942.561205275,747603.5781544282,-0.11324319388378477
1420.0,1439.12,1449.98,1388.09,89478.0,12769174528.0,2026,1,14,15,0,2026-01-14 15:00,89478.0,0.022036943661271735,5.775517890772148,677551.7890772148,747603.5781544282,-0.09370178410615257
1421.0,1415.0,1444.0,1392.45,57838.0,8160415744.0,2026,1,15,15,0,2026-01-15 15:00,57838.0,-0.016760242370337353,5.6619585687382505,666195.8568738251,747603.5781544282,-0.10889156186433763
1420.0,1424.05,1445.0,1408.03,72255.0,10308465664.0,2026,1,16,15,0,2026-01-16 15:00,72255.0,0.006395759717314542,5.704566854990605,670456.6854990605,747603.5781544282,-0.10319224641195046
1422.0,1419.66,1458.58,1408.0,69119.0,9918273536.0,2026,1,19,15,0,2026-01-19 15:00,69119.0,-0.0030827569256696163,5.683898305084768,668389.8305084768,747603.5781544282,-0.10595688672531824
1417.0,1343.04,1425.0,1331.02,87374.0,11952220160.0,2026,1,20,15,0,2026-01-20 15:00,87374.0,-0.05397066903343062,5.32316384180793,632316.384180793,747603.5781544282,-0.1542089916934841
1335.35,1353.87,1388.0,1334.92,75750.0,10345072640.0,2026,1,21,15,0,2026-01-21 15:00,75750.0,0.008063795568262977,5.374152542372902,637415.2542372901,747603.5781544282,-0.14738870590902534
1344.0,1353.0,1368.0,1333.0,59350.0,8030782464.0,2026,1,22,15,0,2026-01-22 15:00,59350.0,-0.0006426023178000007,5.370056497175162,637005.6497175163,747603.5781544282,-0.1479365959027905
1337.0,1334.99,1353.0,1320.0,63511.0,8480917504.0,2026,1,23,15,0,2026-01-23 15:00,63511.0,-0.013311160384331111,5.285263653484013,628526.3653484014,747603.5781544282,-0.1592785485323476
1325.0,1300.0,1329.92,1296.0,67870.0,8871288832.0,2026,1,26,15,0,2026-01-26 15:00,67870.0,-0.026209934156810166,5.120527306968005,612052.7306968005,747603.5781544282,-0.18131380241953268
1300.0,1300.89,1317.88,1276.55,63383.0,8235075072.0,2026,1,27,15,0,2026-01-27 15:00,63383.0,0.0006846153846153946,5.124717514124314,612471.7514124315,747603.5781544282,-0.18075331725349672
1309.88,1282.78,1310.0,1279.0,69812.0,9013148672.0,2026,1,28,15,0,2026-01-28 15:00,69812.0,-0.013921238536694247,5.039453860640321,603945.3860640321,747603.5781544282,-0.1921582457444063
1282.12,1252.01,1292.12,1250.01,71581.0,9051850752.0,2026,1,29,15,0,2026-01-29 15:00,71581.0,-0.023986965808634353,4.894585687382317,589458.5687382317,747603.5781544282,-0.21153591828252244
1252.0,1258.89,1277.87,1240.1,63495.0,8018392064.0,2026,1,30,15,0,2026-01-30 15:00,63495.0,0.005495163776647161,4.926977401129963,592697.7401129963,747603.5781544282,-0.20720317902148114
1249.0,1242.0,1273.6,1233.0,66690.0,8357731328.0,2026,2,2,15,0,2026-02-02 15:00,66690.0,-0.013416581273979489,4.847457627118663,584745.7627118663,747603.5781544282,-0.21783980200389205
1255.0,1128.0,1257.78,1063.0,226144.0,25622515712.0,2026,2,3,15,0,2026-02-03 15:00,226144.0,-0.09178743961352653,4.310734463276853,531073.4463276854,747603.5781544282,-0.28963228394556373
1100.0,1068.0,1108.6,1063.97,117351.0,12657885184.0,2026,2,4,15,0,2026-02-04 15:00,117351.0,-0.05319148936170215,4.028248587570638,502824.8587570638,747603.5781544282,-0.3274178007569699
1050.01,1058.33,1072.98,1037.04,79421.0,8357563904.0,2026,2,5,15,0,2026-02-05 15:00,79421.0,-0.009054307116104887,3.982721280602653,498272.12806026527,747603.5781544282,-0.3335075665497416
1042.55,1036.99,1062.68,1015.56,79813.0,8272185344.0,2026,2,6,15,0,2026-02-06 15:00,79813.0,-0.020163843035726048,3.882250470809809,488225.0470809809,747603.5781544282,-0.3469466153623317
1060.0,1086.8,1105.94,1056.0,96536.0,10462459904.0,2026,2,9,15,0,2026-02-09 15:00,96536.0,0.048033250079557055,4.116760828625251,511676.08286252513,747603.5781544282,-0.31557833882272945
1105.0,1100.9,1148.0,1091.58,96601.0,10796370944.0,2026,2,10,15,0,2026-02-10 15:00,96601.0,0.012973868237026176,4.183145009416212,518314.50094162126,747603.5781544282,-0.3066987423720489
1088.88,1078.9,1103.0,1073.0,55273.0,5983827968.0,2026,2,11,15,0,2026-02-11 15:00,55273.0,-0.01998364974112088,4.0795668549906,507956.68549905997,747603.5781544282,-0.3205534318695646
1079.98,1112.5,1120.0,1061.33,86857.0,9502363648.0,2026,2,12,15,0,2026-02-12 15:00,86857.0,0.0311428306608581,4.23775894538608,523775.894538608,747603.5781544282,-0.29939354245517724
1100.0,1120.68,1143.0,1093.11,70569.0,7918250496.0,2026,2,13,15,0,2026-02-13 15:00,70569.0,0.007352808988764004,4.2762711864406935,527627.1186440693,747603.5781544282,-0.2942421169965556
1136.26,1071.55,1142.0,1070.2,81877.0,8894584832.0,2026,2,24,15,0,2026-02-24 15:00,81877.0,-0.04383945461683991,4.044962335216587,504496.2335216587,747603.5781544282,-0.325182157678962
1079.99,1082.65,1109.0,1074.0,57606.0,6266293248.0,2026,2,25,15,0,2026-02-25 15:00,57606.0,0.010358825999720267,4.097222222222238,509722.2222222238,747603.5781544282,-0.3181918370688517
1095.15,1168.8,1188.88,1068.74,140838.0,16034677760.0,2026,2,26,15,0,2026-02-26 15:00,140838.0,0.07957326929293851,4.502824858757079,550282.4858757079,747603.5781544282,-0.26393813251380766
1145.02,1178.0,1212.12,1141.33,121511.0,14322224128.0,2026,2,27,15,0,2026-02-27 15:00,121511.0,0.007871321013004806,4.5461393596986985,554613.9359698698,747603.5781544282,-0.25814435326939217
1150.0,1191.9,1208.55,1143.06,88219.0,10389211136.0,2026,3,2,15,0,2026-03-02 15:00,88219.0,0.01179966044142633,4.611581920903973,561158.1920903972,747603.5781544282,-0.2493907085414163
1197.0,1133.05,1198.88,1129.99,75371.0,8732618752.0,2026,3,3,15,0,2026-03-03 15:00,75371.0,-0.0493749475627151,4.334510357815459,533451.0357815459,747603.5781544282,-0.2864520029472705
1122.0,1117.08,1158.01,1110.0,58986.0,6656512000.0,2026,3,4,15,0,2026-03-04 15:00,58986.0,-0.014094700145624639,4.2593220338983215,525932.2033898322,747603.5781544282,-0.29650924800523976
1148.68,1168.0,1196.02,1122.02,85399.0,9922297856.0,2026,3,5,15,0,2026-03-05 15:00,85399.0,0.04558312743939563,4.49905838041433,549905.838041433,747603.5781544282,-0.26444193940462635
1160.0,1154.88,1173.34,1148.06,45234.0,5238659072.0,2026,3,6,15,0,2026-03-06 15:00,45234.0,-0.011232876712328643,4.4372881355932385,543728.8135593239,747603.5781544282,-0.2727043724140537
1120.0,1125.99,1133.75,1092.99,60258.0,6690959360.0,2026,3,9,15,0,2026-03-09 15:00,60258.0,-0.02501558603491283,4.301271186440695,530127.1186440694,747603.5781544282,-0.290898098758746
1148.98,1147.1,1160.0,1135.01,50202.0,5750878720.0,2026,3,10,15,0,2026-03-10 15:00,50202.0,0.01874794625174281,4.400659133709998,540065.9133709997,747603.5781544282,-0.2776038944272663
1155.0,1099.0,1159.0,1093.35,76210.0,8594430976.0,2026,3,11,15,0,2026-03-11 15:00,76210.0,-0.04193182808822238,4.174199623352182,517419.9623352182,747603.5781544282,-0.3078952837377435
1099.0,1099.0,1121.2,1077.86,62625.0,6863561728.0,2026,3,12,15,0,2026-03-12 15:00,62625.0,0.0,4.174199623352182,517419.9623352182,747603.5781544282,-0.3078952837377435
1111.11,1096.1,1127.05,1084.97,92906.0,10301353984.0,2026,3,13,15,0,2026-03-13 15:00,92906.0,-0.002638762511374071,4.160546139359714,516054.6139359714,747603.5781544282,-0.30972158371696157
1088.06,1089.97,1093.11,1046.96,66956.0,7211654656.0,2026,3,16,15,0,2026-03-16 15:00,66956.0,-0.005592555423775125,4.131685499058396,513168.54990583967,747603.5781544282,-0.3135820040178601
1089.87,1079.99,1119.99,1071.01,55320.0,6045178368.0,2026,3,17,15,0,2026-03-17 15:00,55320.0,-0.009156215308678273,4.084698681732595,508469.86817325954,747603.5781544282,-0.3198669949808241
1083.24,1066.0,1088.0,1048.16,68393.0,7258997248.0,2026,3,18,15,0,2026-03-18 15:00,68393.0,-0.012953823646515206,4.0188323917137625,501883.2391713763,747603.5781544282,-0.328677317984017
1045.01,1037.02,1052.78,1032.18,48852.0,5089266688.0,2026,3,19,15,0,2026-03-19 15:00,48852.0,-0.02718574108818017,3.8823917137476602,488239.17137476604,747603.5781544282,-0.34692772260392624
1039.19,1025.0,1065.65,1001.01,101951.0,10508394496.0,2026,3,20,15,0,2026-03-20 15:00,101951.0,-0.011590904707720173,3.825800376647848,482580.0376647848,747603.5781544282,-0.354497421138478
1002.5,971.3,1020.5,968.0,81515.0,8094829568.0,2026,3,23,15,0,2026-03-23 15:00,81515.0,-0.05239024390243907,3.572975517890785,457297.5517890785,747603.5781544282,-0.38831545868468653
985.0,1028.5,1037.8,970.02,90596.0,9111327744.0,2026,3,24,15,0,2026-03-24 15:00,90596.0,0.058890147225368006,3.8422787193973766,484227.87193973764,747603.5781544282,-0.3522932659911461
1030.0,1039.0,1061.9,1022.95,89713.0,9359463424.0,2026,3,25,15,0,2026-03-25 15:00,89713.0,0.010209042294603732,3.891713747645964,489171.3747645964,747603.5781544282,-0.34568080054915
1040.0,1024.9,1068.68,1018.18,49947.0,5183511040.0,2026,3,26,15,0,2026-03-26 15:00,49947.0,-0.013570741097208794,3.825329566855004,482532.9566855004,747603.5781544282,-0.3545603969998304
1005.0,1024.0,1038.05,1005.0,50422.0,5154200576.0,2026,3,27,15,0,2026-03-27 15:00,50422.0,-0.0008781344521417989,3.8210922787194104,482109.22787194105,747603.5781544282,-0.3551271797520015
1004.57,1009.45,1015.0,994.94,52269.0,5249779200.0,2026,3,30,15,0,2026-03-30 15:00,52269.0,-0.014208984374999956,3.7525894538606535,475258.94538606534,747603.5781544282,-0.3642901675787675
1001.06,983.0,1019.98,983.0,50753.0,5072933376.0,2026,3,31,15,0,2026-03-31 15:00,50753.0,-0.02620238743870429,3.628060263653497,462806.0263653497,747603.5781544282,-0.3809472829064623
1008.0,1051.4,1064.0,1008.0,100009.0,10410609664.0,2026,4,1,15,0,2026-04-01 15:00,100009.0,0.06958290946083423,3.9500941619585825,495009.41619585827,747603.5781544282,-0.3378717937414593
1045.01,998.99,1053.46,996.86,70914.0,7184207872.0,2026,4,2,15,0,2026-04-02 15:00,70914.0,-0.04984782195168358,3.7033427495292024,470334.2749529202,747603.5781544282,-0.37087744267622275
1010.0,1025.7,1040.0,999.0,62244.0,6355115520.0,2026,4,3,15,0,2026-04-03 15:00,62244.0,0.026737004374418172,3.829096045197753,482909.6045197753,747603.5781544282,-0.3540565901090117
1023.0,1119.0,1146.0,1021.01,140829.0,15532637184.0,2026,4,7,15,0,2026-04-07 15:00,140829.0,0.09096226966949406,4.268361581920918,526836.1581920919,747603.5781544282,-0.29530011146727503
1159.1,1164.0,1168.98,1138.0,104832.0,12135960576.0,2026,4,8,15,0,2026-04-08 15:00,104832.0,0.04021447721179627,4.48022598870058,548022.598870058,747603.5781544282,-0.2669609738587205
1160.0,1198.0,1222.22,1151.0,97508.0,11687630848.0,2026,4,9,15,0,2026-04-09 15:00,97508.0,0.029209621993127044,4.640301318267435,564030.1318267435,747603.5781544282,-0.2455491809989237
1205.0,1210.7,1222.22,1188.9,90036.0,10839608320.0,2026,4,10,15,0,2026-04-10 15:00,90036.0,0.010601001669449106,4.700094161958583,570009.4161958584,747603.5781544282,-0.23755124660717605
1202.01,1219.62,1252.6,1201.92,78791.0,9684559872.0,2026,4,13,15,0,2026-04-13 15:00,78791.0,0.0073676385562069235,4.74209039548024,574209.039548024,747603.5781544282,-0.23193379977454723
1224.99,1241.98,1248.8,1206.09,77031.0,9413266432.0,2026,4,14,15,0,2026-04-14 15:00,77031.0,0.018333579311588855,4.84736346516009,584736.346516009,747603.5781544282,-0.21785239717616314
1242.0,1274.0,1327.21,1239.08,124298.0,16061962240.0,2026,4,15,15,0,2026-04-15 15:00,124298.0,0.02578141354933261,4.9981167608286405,599811.676082864,747603.5781544282,-0.19768752637114262
1280.0,1307.0,1315.0,1272.02,77964.0,10107382784.0,2026,4,16,15,0,2026-04-16 15:00,77964.0,0.02590266875981162,5.153483992467059,615348.3992467059,747603.5781544282,-0.17690549212486922
1299.87,1334.0,1349.47,1290.0,72105.0,9612455936.0,2026,4,17,15,0,2026-04-17 15:00,72105.0,0.02065799540933444,5.280602636534857,628060.2636534857,747603.5781544282,-0.15990200955973635
1341.0,1378.2,1378.2,1326.16,75195.0,10224177152.0,2026,4,20,15,0,2026-04-20 15:00,75195.0,0.03313343328335838,5.4887005649717695,648870.056497177,747603.5781544282,-0.13206667884200035
1361.0,1330.0,1368.12,1308.0,81790.0,10897674240.0,2026,4,21,15,0,2026-04-21 15:00,81790.0,-0.03497315338847773,5.261770244821109,626177.024482111,747603.5781544282,-0.16242104401383
1317.99,1337.0,1339.98,1308.08,68082.0,9042046976.0,2026,4,22,15,0,2026-04-22 15:00,68082.0,0.0052631578947368585,5.294726930320168,629472.6930320169,747603.5781544282,-0.1580127337191659
1335.96,1323.0,1359.92,1296.0,77187.0,10258176000.0,2026,4,23,15,0,2026-04-23 15:00,77187.0,-0.010471204188481686,5.2288135593220515,622881.3559322051,747603.5781544282,-0.1668293543084941
1319.64,1352.5,1409.58,1281.58,124071.0,16760993792.0,2026,4,24,15,0,2026-04-24 15:00,124071.0,0.02229780801209369,5.367702448210941,636770.2448210941,747603.5781544282,-0.14825147520955265
1350.05,1356.72,1386.0,1341.28,70932.0,9653256192.0,2026,4,27,15,0,2026-04-27 15:00,70932.0,0.003120147874306811,5.387570621468944,638757.0621468944,747603.5781544282,-0.14559389386048385
1353.78,1374.5,1418.88,1353.78,74535.0,10382787584.0,2026,4,28,15,0,2026-04-28 15:00,74535.0,0.013105135916032795,5.471280602636552,647128.0602636553,747603.5781544282,-0.13439678571203714
1366.0,1416.63,1420.0,1346.87,90860.0,12679633920.0,2026,4,29,15,0,2026-04-29 15:00,90860.0,0.03065114587122597,5.6696327683616,666963.27683616,747603.5781544282,-0.10786505532429484
1475.0,1699.96,1699.96,1475.0,178842.0,28465682432.0,2026,4,30,15,0,2026-04-30 15:00,178842.0,0.2000028236024931,7.003578154425632,800357.8154425633,800357.8154425633,0.0
1784.78,1825.0,1966.0,1770.99,197805.0,36853366784.0,2026,5,6,15,0,2026-05-06 15:00,197805.0,0.07355467187463227,7.592278719397385,859227.8719397385,859227.8719397385,0.0
1824.94,1868.0,1885.53,1792.8,109982.0,20370937856.0,2026,5,7,15,0,2026-05-07 15:00,109982.0,0.02356164383561654,7.794726930320174,879472.6930320173,879472.6930320173,0.0
1217.03,1182.53,1220.0,1158.01,191024.0,22579189760.0,2026,5,8,15,0,2026-05-08 15:00,191024.0,-0.3669539614561028,4.567467043314515,556746.7043314516,879472.6930320173,-0.36695396145610276
1201.0,1200.0,1205.99,1158.03,231721.0,27508754432.0,2026,5,11,15,0,2026-05-11 15:00,231721.0,0.014773409554091677,4.649717514124308,564971.7514124308,879472.6930320173,-0.35760171306209854
1199.99,1277.87,1293.33,1189.81,209580.0,26179371008.0,2026,5,12,15,0,2026-05-12 15:00,209580.0,0.06489166666666657,5.016337099811691,601633.7099811691,879472.6930320173,-0.3159154175588866
1239.0,1316.88,1316.88,1236.0,158777.0,20435335168.0,2026,5,13,15,0,2026-05-13 15:00,158777.0,0.030527361938225583,5.200000000000017,620000.0000000017,879472.6930320173,-0.29503211991434675
1320.0,1260.58,1350.0,1232.32,181138.0,23168940032.0,2026,5,14,15,0,2026-05-14 15:00,181138.0,-0.04275256667274174,4.934934086629018,593493.4086629018,879472.6930320173,-0.32517130620984996
1234.88,1209.0,1276.89,1195.88,161749.0,19897266176.0,2026,5,15,15,0,2026-05-15 15:00,161749.0,-0.04091767281727454,4.692090395480242,569209.0395480242,879472.6930320173,-0.35278372591006407
1200.0,1216.99,1260.0,1183.04,125056.0,15362332672.0,2026,5,18,15,0,2026-05-18 15:00,125056.0,0.006608767576509411,4.7297080979284525,572970.8097928453,879472.6930320173,-0.34850642398286924
1216.89,1319.2,1326.0,1175.0,186351.0,23213524992.0,2026,5,19,15,0,2026-05-19 15:00,186351.0,0.08398589963763059,5.210922787193991,621092.2787193991,879472.6930320173,-0.29379014989293345
1300.0,1362.41,1396.0,1291.99,183742.0,25016102912.0,2026,5,20,15,0,2026-05-20 15:00,183742.0,0.032754699818071664,5.414359698681751,641435.9698681751,879472.6930320173,-0.2706584582441111
1370.04,1290.9,1386.0,1285.0,153395.0,20529651712.0,2026,5,21,15,0,2026-05-21 15:00,153395.0,-0.05248787075843542,5.077683615819226,607768.3615819226,879472.6930320173,-0.3089400428265523
1300.5,1286.0,1319.99,1270.43,112239.0,14472861696.0,2026,5,22,15,0,2026-05-22 15:00,112239.0,-0.0037958013788830236,5.0546139359698845,605461.3935969884,879472.6930320173,-0.3115631691648822
1321.01,1406.5,1435.0,1321.01,173383.0,24028346368.0,2026,5,25,15,0,2026-05-25 15:00,173383.0,0.09370139968895796,5.621939736346533,662193.9736346534,879472.6930320173,-0.2470556745182012
1383.01,1410.96,1448.01,1375.0,153974.0,21675499520.0,2026,5,26,15,0,2026-05-26 15:00,153974.0,0.0031709918236757506,5.6429378531073615,664293.7853107362,879472.6930320173,-0.24466809421841543
1385.0,1340.0,1412.99,1334.0,138029.0,18926942208.0,2026,5,27,15,0,2026-05-27 15:00,138029.0,-0.05029199977320409,5.308851224105477,630885.1224105477,879472.6930320173,-0.28265524625267674
1361.0,1391.5,1404.99,1349.01,126717.0,17472983040.0,2026,5,28,15,0,2026-05-28 15:00,126717.0,0.03843283582089563,5.55131826741998,655131.826741998,879472.6930320173,-0.255085653104925
1400.0,1310.0,1414.0,1295.0,145029.0,19414820864.0,2026,5,29,15,0,2026-05-29 15:00,145029.0,-0.058569888609414256,5.167608286252371,616760.8286252371,879472.6930320173,-0.29871520342612407
1326.0,1238.0,1326.0,1238.0,134896.0,17200898048.0,2026,6,1,15,0,2026-06-01 15:00,134896.0,-0.05496183206106875,4.828625235404912,582862.5235404912,879472.6930320173,-0.33725910064239817
1246.0,1300.0,1319.58,1245.0,124338.0,16088931328.0,2026,6,2,15,0,2026-06-02 15:00,124338.0,0.050080775444264924,5.120527306968001,612052.7306968002,879472.6930320173,-0.30406852248393995
1292.3,1378.1,1428.01,1291.0,165598.0,22683725824.0,2026,6,3,15,0,2026-06-03 15:00,165598.0,0.06007692307692292,5.488229755178924,648822.9755178924,879472.6930320173,-0.2622591006423983
1365.0,1358.9,1400.0,1347.0,88415.0,12121114624.0,2026,6,4,15,0,2026-06-04 15:00,88415.0,-0.013932225527900632,5.397834274952936,639783.4274952937,879472.6930320173,-0.27253747323340455
1342.0,1299.2,1407.77,1287.34,116354.0,15620598784.0,2026,6,5,15,0,2026-06-05 15:00,116354.0,-0.04393259253808235,5.116760828625251,611676.0828625251,879472.6930320173,-0.3044967880085653
1239.3,1250.36,1298.88,1230.08,114170.0,14376345600.0,2026,6,8,15,0,2026-06-08 15:00,114170.0,-0.03759236453201986,4.886817325800391,588681.7325800391,879472.6930320173,-0.33064239828693803
1279.0,1270.01,1285.8,1239.02,106731.0,13514130432.0,2026,6,9,15,0,2026-06-09 15:00,106731.0,0.015715473943504366,4.979331450094177,597933.1450094177,879472.6930320173,-0.32012312633832984
1300.0,1231.0,1349.9,1224.17,138327.0,17771829248.0,2026,6,10,15,0,2026-06-10 15:00,138327.0,-0.030716293572491504,4.795668549905853,579566.8549905854,879472.6930320173,-0.3410064239828693
1221.96,1219.5,1255.0,1199.0,111819.0,13632001024.0,2026,6,11,15,0,2026-06-11 15:00,111819.0,-0.009341998375304583,4.741525423728829,574152.542372883,879472.6930320173,-0.34716274089935745
1258.0,1240.0,1260.0,1202.0,149765.0,18376257536.0,2026,6,12,15,0,2026-06-12 15:00,149765.0,0.01681016810168101,4.838041431261786,583804.1431261785,879472.6930320173,-0.3361884368308351
1253.0,1335.0,1345.99,1238.88,154373.0,20204544000.0,2026,6,15,15,0,2026-06-15 15:00,154373.0,0.0766129032258065,5.285310734463294,628531.0734463293,879472.6930320173,-0.2853319057815845
1335.5,1306.99,1335.91,1297.79,99671.0,13096230912.0,2026,6,16,15,0,2026-06-16 15:00,99671.0,-0.020981273408239742,5.153436911487775,615343.6911487775,879472.6930320173,-0.30032655246252676
1290.4,1320.0,1329.87,1271.1,133225.0,17255114752.0,2026,6,17,15,0,2026-06-17 15:00,133225.0,0.009954169503974875,5.21468926553674,621468.926553674,879472.6930320173,-0.2933618843683082
