open,close,high,low,vol,amount,year,month,day,hour,minute,datetime,volume
250.0,212.4,295.0,205.6,242376.0,5645861888.0,2020,7,20,15,0,2020-07-20 15:00,242376.0
208.0,274.0,285.6,202.0,175848.0,4292970752.0,2020,7,21,15,0,2020-07-21 15:00,175848.0
260.0,281.0,284.33,257.77,127018.0,3450335232.0,2020,7,22,15,0,2020-07-22 15:00,127018.0
274.92,281.5,297.77,268.0,99202.0,2791441920.0,2020,7,23,15,0,2020-07-23 15:00,99202.0
273.0,259.33,276.0,240.44,113852.0,2940728576.0,2020,7,24,15,0,2020-07-24 15:00,113852.0
252.28,234.01,257.9,227.94,83388.0,2022044416.0,2020,7,27,15,0,2020-07-27 15:00,83388.0
236.0,238.64,243.8,227.5,59775.0,1410915456.0,2020,7,28,15,0,2020-07-28 15:00,59775.0
234.53,241.5,245.78,229.66,54732.0,1312286208.0,2020,7,29,15,0,2020-07-29 15:00,54732.0
240.0,243.17,254.99,236.36,61808.0,1516837888.0,2020,7,30,15,0,2020-07-30 15:00,61808.0
238.01,249.6,255.55,237.1,56294.0,1392176384.0,2020,7,31,15,0,2020-07-31 15:00,56294.0
250.01,249.5,257.88,247.01,69721.0,1760964736.0,2020,8,3,15,0,2020-08-03 15:00,69721.0
250.97,235.0,252.88,232.99,59089.0,1424160512.0,2020,8,4,15,0,2020-08-04 15:00,59089.0
246.0,236.92,246.0,236.79,40822.0,985070016.0,2020,8,5,15,0,2020-08-05 15:00,40822.0
233.96,243.83,247.45,231.8,50131.0,1211258368.0,2020,8,6,15,0,2020-08-06 15:00,50131.0
240.98,227.44,240.98,223.37,48537.0,1119390464.0,2020,8,7,15,0,2020-08-07 15:00,48537.0
219.99,222.5,225.89,218.0,25177.0,556920384.0,2020,8,10,15,0,2020-08-10 15:00,25177.0
220.88,221.49,226.3,219.1,22435.0,499535712.0,2020,8,11,15,0,2020-08-11 15:00,22435.0
220.33,217.76,222.0,213.5,20281.0,437985760.0,2020,8,12,15,0,2020-08-12 15:00,20281.0
219.0,212.5,219.6,212.0,17440.0,375895488.0,2020,8,13,15,0,2020-08-13 15:00,17440.0
212.33,212.68,213.9,207.5,16535.0,348869120.0,2020,8,14,15,0,2020-08-14 15:00,16535.0
213.0,219.08,219.8,209.68,20562.0,443435968.0,2020,8,17,15,0,2020-08-17 15:00,20562.0
219.18,213.81,219.18,212.3,18394.0,394749728.0,2020,8,18,15,0,2020-08-18 15:00,18394.0
213.88,205.2,214.5,204.87,19689.0,411339040.0,2020,8,19,15,0,2020-08-19 15:00,19689.0
204.0,201.51,207.27,200.11,16340.0,331414016.0,2020,8,20,15,0,2020-08-20 15:00,16340.0
202.5,204.95,205.62,201.11,10811.0,219802672.0,2020,8,21,15,0,2020-08-21 15:00,10811.0
206.3,197.9,207.84,196.5,20422.0,407457568.0,2020,8,24,15,0,2020-08-24 15:00,20422.0
198.38,189.98,199.88,189.66,26476.0,513330944.0,2020,8,25,15,0,2020-08-25 15:00,26476.0
189.66,176.4,190.92,173.51,39256.0,711521280.0,2020,8,26,15,0,2020-08-26 15:00,39256.0
177.2,182.56,188.87,170.51,32637.0,586419648.0,2020,8,27,15,0,2020-08-27 15:00,32637.0
177.73,174.28,177.88,168.02,35135.0,604292864.0,2020,8,28,15,0,2020-08-28 15:00,35135.0
173.0,170.0,177.2,170.0,22032.0,382994304.0,2020,8,31,15,0,2020-08-31 15:00,22032.0
170.21,171.18,173.8,169.03,15941.0,273420608.0,2020,9,1,15,0,2020-09-01 15:00,15941.0
170.99,167.76,172.35,167.12,14696.0,248042528.0,2020,9,2,15,0,2020-09-02 15:00,14696.0
167.9,170.09,172.56,164.28,25847.0,437472224.0,2020,9,3,15,0,2020-09-03 15:00,25847.0
166.78,174.53,182.3,166.78,34315.0,606661824.0,2020,9,4,15,0,2020-09-04 15:00,34315.0
170.4,163.52,172.8,163.52,28282.0,473534240.0,2020,9,7,15,0,2020-09-07 15:00,28282.0
163.51,160.86,163.51,160.01,14651.0,236398576.0,2020,9,8,15,0,2020-09-08 15:00,14651.0
159.0,160.68,165.9,155.0,22428.0,359860672.0,2020,9,9,15,0,2020-09-09 15:00,22428.0
162.0,157.58,165.77,157.33,14548.0,235198496.0,2020,9,10,15,0,2020-09-10 15:00,14548.0
158.07,161.96,162.89,155.55,13741.0,219382544.0,2020,9,11,15,0,2020-09-11 15:00,13741.0
164.0,164.72,167.5,163.0,15502.0,256600960.0,2020,9,14,15,0,2020-09-14 15:00,15502.0
163.5,169.34,170.87,161.26,21914.0,366601504.0,2020,9,15,15,0,2020-09-15 15:00,21914.0
167.0,166.77,170.55,165.39,14205.0,237916832.0,2020,9,16,15,0,2020-09-16 15:00,14205.0
166.76,174.22,178.0,163.78,30093.0,518489568.0,2020,9,17,15,0,2020-09-17 15:00,30093.0
173.0,174.26,176.5,172.01,16299.0,283449984.0,2020,9,18,15,0,2020-09-18 15:00,16299.0
173.99,170.77,176.88,169.5,14331.0,246903264.0,2020,9,21,15,0,2020-09-21 15:00,14331.0
169.98,167.65,170.71,166.68,10238.0,172589088.0,2020,9,22,15,0,2020-09-22 15:00,10238.0
168.03,170.75,172.9,167.04,13194.0,224991488.0,2020,9,23,15,0,2020-09-23 15:00,13194.0
169.0,164.51,170.67,164.01,11288.0,188412128.0,2020,9,24,15,0,2020-09-24 15:00,11288.0
165.0,162.45,165.77,161.52,8240.0,134494752.0,2020,9,25,15,0,2020-09-25 15:00,8240.0
162.45,156.88,163.42,156.5,10276.0,163307680.0,2020,9,28,15,0,2020-09-28 15:00,10276.0
157.9,161.36,162.58,157.02,8755.0,140840144.0,2020,9,29,15,0,2020-09-29 15:00,8755.0
162.11,160.19,163.5,159.8,6035.0,97405880.0,2020,9,30,15,0,2020-09-30 15:00,6035.0
164.0,163.73,164.98,163.07,6987.0,114628816.0,2020,10,9,15,0,2020-10-09 15:00,6987.0
164.94,174.3,175.65,164.03,20653.0,354017696.0,2020,10,12,15,0,2020-10-12 15:00,20653.0
174.3,171.9,174.3,170.66,12733.0,218964464.0,2020,10,13,15,0,2020-10-13 15:00,12733.0
171.0,168.35,172.74,168.28,9564.0,161956272.0,2020,10,14,15,0,2020-10-14 15:00,9564.0
167.98,169.17,175.0,167.69,14965.0,257138992.0,2020,10,15,15,0,2020-10-15 15:00,14965.0
170.49,171.4,173.98,170.0,12265.0,210804064.0,2020,10,16,15,0,2020-10-16 15:00,12265.0
172.2,182.71,186.37,172.2,35739.0,647545216.0,2020,10,19,15,0,2020-10-19 15:00,35739.0
181.45,182.96,185.88,178.53,20336.0,368933504.0,2020,10,20,15,0,2020-10-20 15:00,20336.0
182.69,186.4,187.01,178.3,25549.0,469257184.0,2020,10,21,15,0,2020-10-21 15:00,25549.0
186.0,179.18,189.98,179.08,22442.0,414769856.0,2020,10,22,15,0,2020-10-22 15:00,22442.0
179.51,172.01,180.2,172.01,21282.0,373336864.0,2020,10,23,15,0,2020-10-23 15:00,21282.0
170.02,169.8,172.9,166.56,12594.0,214092032.0,2020,10,26,15,0,2020-10-26 15:00,12594.0
169.88,187.43,190.39,168.88,29218.0,525108704.0,2020,10,27,15,0,2020-10-27 15:00,29218.0
187.0,183.89,190.04,182.72,20885.0,388663712.0,2020,10,28,15,0,2020-10-28 15:00,20885.0
181.02,183.12,186.82,181.0,17467.0,321515616.0,2020,10,29,15,0,2020-10-29 15:00,17467.0
183.43,187.08,193.88,183.43,30452.0,576442880.0,2020,10,30,15,0,2020-10-30 15:00,30452.0
187.01,184.11,193.38,181.08,20267.0,377113856.0,2020,11,2,15,0,2020-11-02 15:00,20267.0
185.95,184.92,190.66,183.03,20357.0,380681728.0,2020,11,3,15,0,2020-11-03 15:00,20357.0
186.0,178.93,187.93,178.0,20865.0,379571008.0,2020,11,4,15,0,2020-11-04 15:00,20865.0
182.0,183.38,184.63,179.13,14508.0,264304848.0,2020,11,5,15,0,2020-11-05 15:00,14508.0
183.3,188.7,192.15,182.66,23664.0,445176000.0,2020,11,6,15,0,2020-11-06 15:00,23664.0
190.02,197.18,202.99,190.0,37004.0,727637120.0,2020,11,9,15,0,2020-11-09 15:00,37004.0
193.22,188.35,193.22,187.5,24907.0,473495392.0,2020,11,10,15,0,2020-11-10 15:00,24907.0
186.0,179.0,188.29,179.0,18596.0,340231136.0,2020,11,11,15,0,2020-11-11 15:00,18596.0
181.0,181.08,183.68,179.51,10089.0,182876832.0,2020,11,12,15,0,2020-11-12 15:00,10089.0
180.0,179.2,181.79,175.8,10575.0,189170816.0,2020,11,13,15,0,2020-11-13 15:00,10575.0
179.58,173.32,182.18,172.51,15178.0,266345072.0,2020,11,16,15,0,2020-11-16 15:00,15178.0
174.0,171.0,175.0,167.11,13862.0,235107824.0,2020,11,17,15,0,2020-11-17 15:00,13862.0
170.77,170.32,172.99,168.08,8903.0,151845824.0,2020,11,18,15,0,2020-11-18 15:00,8903.0
169.0,171.17,172.5,166.71,7527.0,128333448.0,2020,11,19,15,0,2020-11-19 15:00,7527.0
171.5,169.77,173.3,169.47,6598.0,112634072.0,2020,11,20,15,0,2020-11-20 15:00,6598.0
168.65,168.88,170.67,166.78,7563.0,127418448.0,2020,11,23,15,0,2020-11-23 15:00,7563.0
168.88,169.62,172.84,168.66,8907.0,152141472.0,2020,11,24,15,0,2020-11-24 15:00,8907.0
169.62,166.91,170.31,166.81,7338.0,123318432.0,2020,11,25,15,0,2020-11-25 15:00,7338.0
166.92,163.0,168.37,162.82,9455.0,155403088.0,2020,11,26,15,0,2020-11-26 15:00,9455.0
162.0,163.99,164.78,161.24,6676.0,108867920.0,2020,11,27,15,0,2020-11-27 15:00,6676.0
165.0,166.28,168.66,164.1,9071.0,151069920.0,2020,11,30,15,0,2020-11-30 15:00,9071.0
165.03,166.43,167.78,165.03,6502.0,108237624.0,2020,12,1,15,0,2020-12-01 15:00,6502.0
166.76,170.0,171.69,166.76,11446.0,194472000.0,2020,12,2,15,0,2020-12-02 15:00,11446.0
168.9,167.92,169.99,167.01,8249.0,138625280.0,2020,12,3,15,0,2020-12-03 15:00,8249.0
167.99,166.42,169.85,166.01,6733.0,112593680.0,2020,12,4,15,0,2020-12-04 15:00,6733.0
168.36,166.66,170.89,166.55,6808.0,114713880.0,2020,12,7,15,0,2020-12-07 15:00,6808.0
166.1,161.0,168.5,160.0,14693.0,240452048.0,2020,12,8,15,0,2020-12-08 15:00,14693.0
161.0,159.0,162.45,158.33,8341.0,133898304.0,2020,12,9,15,0,2020-12-09 15:00,8341.0
159.12,158.6,161.83,158.19,6805.0,108771408.0,2020,12,10,15,0,2020-12-10 15:00,6805.0
162.0,163.22,165.0,160.3,11217.0,182297616.0,2020,12,11,15,0,2020-12-11 15:00,11217.0
162.0,160.43,163.0,159.0,6873.0,110229344.0,2020,12,14,15,0,2020-12-14 15:00,6873.0
160.5,159.25,160.96,158.84,5062.0,80839624.0,2020,12,15,15,0,2020-12-15 15:00,5062.0
159.25,157.63,159.6,157.01,6474.0,102270520.0,2020,12,16,15,0,2020-12-16 15:00,6474.0
156.13,158.15,158.51,154.1,9600.0,149935504.0,2020,12,17,15,0,2020-12-17 15:00,9600.0
159.68,159.66,162.5,158.69,7365.0,118042168.0,2020,12,18,15,0,2020-12-18 15:00,7365.0
160.5,162.06,163.6,157.66,7971.0,129172224.0,2020,12,21,15,0,2020-12-21 15:00,7971.0
162.0,157.98,163.5,157.58,7143.0,114812480.0,2020,12,22,15,0,2020-12-22 15:00,7143.0
156.56,158.0,159.94,155.17,8206.0,128919024.0,2020,12,23,15,0,2020-12-23 15:00,8206.0
158.0,155.02,159.77,154.55,7530.0,117707952.0,2020,12,24,15,0,2020-12-24 15:00,7530.0
154.99,149.5,155.9,149.48,11791.0,178179488.0,2020,12,25,15,0,2020-12-25 15:00,11791.0
149.29,137.01,149.5,137.0,18505.0,259053264.0,2020,12,28,15,0,2020-12-28 15:00,18505.0
136.96,137.78,140.51,136.08,9415.0,130509344.0,2020,12,29,15,0,2020-12-29 15:00,9415.0
139.49,141.39,144.0,138.0,8466.0,119320440.0,2020,12,30,15,0,2020-12-30 15:00,8466.0
141.3,146.78,147.2,140.8,9879.0,143369600.0,2020,12,31,15,0,2020-12-31 15:00,9879.0
146.78,147.58,149.0,145.0,8975.0,131911440.0,2021,1,4,15,0,2021-01-04 15:00,8975.0
146.88,152.95,154.49,146.44,14799.0,224699808.0,2021,1,5,15,0,2021-01-05 15:00,14799.0
151.01,150.1,156.0,149.11,10384.0,157656608.0,2021,1,6,15,0,2021-01-06 15:00,10384.0
149.78,143.25,149.98,141.51,10810.0,156404576.0,2021,1,7,15,0,2021-01-07 15:00,10810.0
143.9,146.48,147.46,142.0,6876.0,100091952.0,2021,1,8,15,0,2021-01-08 15:00,6876.0
145.51,152.12,155.99,145.4,13277.0,203070112.0,2021,1,11,15,0,2021-01-11 15:00,13277.0
150.59,152.33,154.43,149.5,8258.0,125728800.0,2021,1,12,15,0,2021-01-12 15:00,8258.0
151.93,149.61,153.55,147.1,11165.0,166817184.0,2021,1,13,15,0,2021-01-13 15:00,11165.0
147.6,159.73,163.96,147.6,28150.0,446309216.0,2021,1,14,15,0,2021-01-14 15:00,28150.0
159.0,155.1,162.5,153.96,17419.0,273870656.0,2021,1,15,15,0,2021-01-15 15:00,17419.0
154.0,154.89,158.5,151.0,11489.0,178673008.0,2021,1,18,15,0,2021-01-18 15:00,11489.0
153.35,150.18,158.96,150.06,14257.0,219647280.0,2021,1,19,15,0,2021-01-19 15:00,14257.0
148.3,144.4,149.08,143.43,21516.0,313031808.0,2021,1,20,15,0,2021-01-20 15:00,21516.0
151.0,170.0,172.0,151.0,51861.0,855545600.0,2021,1,21,15,0,2021-01-21 15:00,51861.0
166.1,162.36,169.0,161.8,27149.0,446876704.0,2021,1,22,15,0,2021-01-22 15:00,27149.0
161.2,172.78,174.75,158.48,35698.0,606605312.0,2021,1,25,15,0,2021-01-25 15:00,35698.0
172.4,171.01,180.79,170.4,27876.0,489800096.0,2021,1,26,15,0,2021-01-26 15:00,27876.0
171.72,165.62,175.09,163.71,19001.0,317162880.0,2021,1,27,15,0,2021-01-27 15:00,19001.0
161.1,166.0,172.24,161.1,14777.0,247506704.0,2021,1,28,15,0,2021-01-28 15:00,14777.0
166.59,153.6,167.99,152.0,22357.0,352210464.0,2021,1,29,15,0,2021-01-29 15:00,22357.0
150.5,150.99,156.54,149.35,12075.0,182100416.0,2021,2,1,15,0,2021-02-01 15:00,12075.0
151.99,147.69,152.5,147.09,10891.0,161694576.0,2021,2,2,15,0,2021-02-02 15:00,10891.0
147.44,144.13,149.97,144.1,10165.0,148304544.0,2021,2,3,15,0,2021-02-03 15:00,10165.0
143.94,141.06,145.75,138.28,12687.0,178938784.0,2021,2,4,15,0,2021-02-04 15:00,12687.0
141.34,137.89,143.6,137.81,7471.0,104680848.0,2021,2,5,15,0,2021-02-05 15:00,7471.0
138.0,138.91,139.88,136.12,7839.0,108578728.0,2021,2,8,15,0,2021-02-08 15:00,7839.0
138.91,145.3,148.0,138.91,10939.0,158616752.0,2021,2,9,15,0,2021-02-09 15:00,10939.0
147.5,145.84,147.5,143.6,9540.0,139304784.0,2021,2,10,15,0,2021-02-10 15:00,9540.0
146.0,150.02,152.85,146.0,11837.0,177640976.0,2021,2,18,15,0,2021-02-18 15:00,11837.0
149.49,151.27,151.55,147.02,7091.0,105722584.0,2021,2,19,15,0,2021-02-19 15:00,7091.0
151.25,148.07,154.9,148.0,9428.0,142634816.0,2021,2,22,15,0,2021-02-22 15:00,9428.0
147.46,145.75,148.71,145.02,6409.0,93924096.0,2021,2,23,15,0,2021-02-23 15:00,6409.0
145.77,145.68,149.93,145.21,7937.0,116847376.0,2021,2,24,15,0,2021-02-24 15:00,7937.0
146.0,140.88,147.46,140.31,9471.0,134893712.0,2021,2,25,15,0,2021-02-25 15:00,9471.0
138.93,144.02,145.0,137.19,10321.0,144974096.0,2021,2,26,15,0,2021-02-26 15:00,10321.0
144.8,153.77,154.89,144.02,18326.0,275750592.0,2021,3,1,15,0,2021-03-01 15:00,18326.0
154.31,154.34,156.36,151.69,11013.0,169657056.0,2021,3,2,15,0,2021-03-02 15:00,11013.0
152.8,155.7,157.89,150.21,10234.0,158457984.0,2021,3,3,15,0,2021-03-03 15:00,10234.0
154.49,153.98,157.98,152.85,7532.0,116510448.0,2021,3,4,15,0,2021-03-04 15:00,7532.0
152.14,152.91,154.22,147.8,9349.0,141515600.0,2021,3,5,15,0,2021-03-05 15:00,9349.0
154.0,156.71,158.68,151.3,16893.0,264234976.0,2021,3,8,15,0,2021-03-08 15:00,16893.0
154.87,158.1,163.96,149.0,17838.0,283495488.0,2021,3,9,15,0,2021-03-09 15:00,17838.0
162.9,158.25,163.9,157.62,12536.0,201082432.0,2021,3,10,15,0,2021-03-10 15:00,12536.0
157.5,162.3,163.79,155.12,12452.0,200697504.0,2021,3,11,15,0,2021-03-11 15:00,12452.0
161.5,153.0,167.77,153.0,20553.0,332095520.0,2021,3,12,15,0,2021-03-12 15:00,20553.0
150.28,146.58,152.9,146.0,13633.0,201715408.0,2021,3,15,15,0,2021-03-15 15:00,13633.0
148.9,147.2,149.5,145.72,5164.0,75975408.0,2021,3,16,15,0,2021-03-16 15:00,5164.0
146.0,145.2,149.4,144.45,6937.0,101802312.0,2021,3,17,15,0,2021-03-17 15:00,6937.0
144.6,144.22,146.38,144.1,4843.0,70222472.0,2021,3,18,15,0,2021-03-18 15:00,4843.0
144.79,146.97,146.97,141.36,5559.0,80852840.0,2021,3,19,15,0,2021-03-19 15:00,5559.0
146.7,147.25,148.18,145.2,3880.0,56955748.0,2021,3,22,15,0,2021-03-22 15:00,3880.0
147.22,144.2,149.69,143.01,5418.0,79032080.0,2021,3,23,15,0,2021-03-23 15:00,5418.0
143.1,141.4,144.7,141.26,4048.0,57680480.0,2021,3,24,15,0,2021-03-24 15:00,4048.0
141.05,141.2,142.88,140.31,2991.0,42350752.0,2021,3,25,15,0,2021-03-25 15:00,2991.0
142.01,142.84,143.25,141.34,3404.0,48481112.0,2021,3,26,15,0,2021-03-26 15:00,3404.0
143.0,140.5,143.96,140.3,4364.0,61974872.0,2021,3,29,15,0,2021-03-29 15:00,4364.0
139.5,140.19,141.58,139.5,2779.0,39013688.0,2021,3,30,15,0,2021-03-30 15:00,2779.0
140.08,140.89,141.39,139.28,2537.0,35685444.0,2021,3,31,15,0,2021-03-31 15:00,2537.0
141.55,143.19,145.18,141.42,4725.0,67767608.0,2021,4,1,15,0,2021-04-01 15:00,4725.0
144.69,146.01,148.0,143.55,6447.0,94381920.0,2021,4,2,15,0,2021-04-02 15:00,6447.0
147.0,144.0,147.3,143.67,3961.0,57237160.0,2021,4,6,15,0,2021-04-06 15:00,3961.0
144.24,143.3,144.24,142.01,3063.0,43828984.0,2021,4,7,15,0,2021-04-07 15:00,3063.0
143.27,141.7,144.8,141.68,3830.0,54841984.0,2021,4,8,15,0,2021-04-08 15:00,3830.0
141.41,142.0,142.0,139.86,5162.0,72607568.0,2021,4,9,15,0,2021-04-09 15:00,5162.0
141.99,139.18,142.75,139.02,3964.0,55555952.0,2021,4,12,15,0,2021-04-12 15:00,3964.0
138.38,138.59,139.83,138.11,3239.0,44964180.0,2021,4,13,15,0,2021-04-13 15:00,3239.0
138.59,139.11,140.56,138.31,3212.0,44719184.0,2021,4,14,15,0,2021-04-14 15:00,3212.0
138.96,131.3,138.96,127.0,11694.0,153899744.0,2021,4,15,15,0,2021-04-15 15:00,11694.0
131.0,131.28,131.98,127.8,8124.0,105384464.0,2021,4,16,15,0,2021-04-16 15:00,8124.0
131.39,132.46,133.25,129.67,7605.0,100223672.0,2021,4,19,15,0,2021-04-19 15:00,7605.0
132.5,128.63,132.54,128.56,9763.0,126968784.0,2021,4,20,15,0,2021-04-20 15:00,9763.0
128.0,130.0,131.53,127.8,5439.0,70574280.0,2021,4,21,15,0,2021-04-21 15:00,5439.0
129.99,130.6,131.48,129.55,5179.0,67732864.0,2021,4,22,15,0,2021-04-22 15:00,5179.0
130.0,129.96,131.87,129.38,4830.0,63119968.0,2021,4,23,15,0,2021-04-23 15:00,4830.0
130.0,129.9,132.18,128.91,5820.0,76056920.0,2021,4,26,15,0,2021-04-26 15:00,5820.0
128.81,119.4,128.81,119.21,18034.0,221393712.0,2021,4,27,15,0,2021-04-27 15:00,18034.0
120.51,118.2,120.6,116.58,12279.0,144426128.0,2021,4,28,15,0,2021-04-28 15:00,12279.0
117.5,116.25,120.47,116.02,8296.0,97531824.0,2021,4,29,15,0,2021-04-29 15:00,8296.0
116.75,111.69,116.75,111.11,13945.0,157212288.0,2021,4,30,15,0,2021-04-30 15:00,13945.0
112.39,110.74,112.39,109.5,8668.0,95710488.0,2021,5,6,15,0,2021-05-06 15:00,8668.0
110.83,106.71,111.48,106.66,8068.0,87517304.0,2021,5,7,15,0,2021-05-07 15:00,8068.0
106.8,105.3,108.3,104.65,7258.0,77020384.0,2021,5,10,15,0,2021-05-10 15:00,7258.0
105.81,111.02,113.0,105.48,10834.0,119885632.0,2021,5,11,15,0,2021-05-11 15:00,10834.0
110.77,109.81,111.81,107.84,5424.0,59294772.0,2021,5,12,15,0,2021-05-12 15:00,5424.0
109.66,114.75,120.42,109.0,17452.0,203368448.0,2021,5,13,15,0,2021-05-13 15:00,17452.0
113.0,114.05,114.5,112.3,8305.0,94150568.0,2021,5,14,15,0,2021-05-14 15:00,8305.0
113.56,112.26,115.9,112.22,7256.0,82320304.0,2021,5,17,15,0,2021-05-17 15:00,7256.0
114.5,114.17,116.19,113.0,6895.0,79073376.0,2021,5,18,15,0,2021-05-18 15:00,6895.0
113.17,112.66,114.5,112.0,4390.0,49627432.0,2021,5,19,15,0,2021-05-19 15:00,4390.0
113.0,113.37,116.39,112.69,5297.0,60636568.0,2021,5,20,15,0,2021-05-20 15:00,5297.0
113.36,112.84,114.46,112.43,4269.0,48341060.0,2021,5,21,15,0,2021-05-21 15:00,4269.0
112.08,112.49,113.02,110.05,5793.0,64585332.0,2021,5,24,15,0,2021-05-24 15:00,5793.0
112.0,114.07,114.68,112.0,6893.0,78344160.0,2021,5,25,15,0,2021-05-25 15:00,6893.0
114.43,114.22,116.0,114.05,6246.0,71865064.0,2021,5,26,15,0,2021-05-26 15:00,6246.0
114.0,118.29,119.39,113.41,13064.0,153616064.0,2021,5,27,15,0,2021-05-27 15:00,13064.0
117.7,115.35,117.7,115.04,8654.0,100618880.0,2021,5,28,15,0,2021-05-28 15:00,8654.0
115.88,118.65,118.86,115.8,8777.0,103292960.0,2021,5,31,15,0,2021-05-31 15:00,8777.0
119.58,124.6,127.71,119.58,22004.0,275314464.0,2021,6,1,15,0,2021-06-01 15:00,22004.0
122.8,123.25,125.46,121.81,10849.0,133673160.0,2021,6,2,15,0,2021-06-02 15:00,10849.0
124.25,122.1,124.59,121.0,7597.0,93199832.0,2021,6,3,15,0,2021-06-03 15:00,7597.0
121.79,119.77,123.66,119.21,9614.0,116290240.0,2021,6,4,15,0,2021-06-04 15:00,9614.0
121.0,121.14,125.76,120.5,10549.0,129363984.0,2021,6,7,15,0,2021-06-07 15:00,10549.0
120.7,117.36,120.95,116.7,10551.0,125057104.0,2021,6,8,15,0,2021-06-08 15:00,10551.0
118.0,117.25,119.72,117.03,7296.0,86072960.0,2021,6,9,15,0,2021-06-09 15:00,7296.0
118.01,121.26,122.0,116.78,11972.0,143098896.0,2021,6,10,15,0,2021-06-10 15:00,11972.0
121.81,117.11,121.88,116.93,11072.0,130870576.0,2021,6,11,15,0,2021-06-11 15:00,11072.0
117.0,119.25,121.38,115.99,11627.0,138567408.0,2021,6,15,15,0,2021-06-15 15:00,11627.0
119.2,118.7,123.38,117.88,11084.0,133610016.0,2021,6,16,15,0,2021-06-16 15:00,11084.0
118.71,125.5,127.99,117.7,23019.0,283860960.0,2021,6,17,15,0,2021-06-17 15:00,23019.0
124.32,123.83,126.5,123.11,13163.0,163712560.0,2021,6,18,15,0,2021-06-18 15:00,13163.0
124.0,126.8,128.55,123.0,13589.0,171698400.0,2021,6,21,15,0,2021-06-21 15:00,13589.0
127.01,124.11,128.5,123.8,11870.0,148764912.0,2021,6,22,15,0,2021-06-22 15:00,11870.0
125.26,131.0,133.87,125.0,25905.0,340237504.0,2021,6,23,15,0,2021-06-23 15:00,25905.0
129.36,135.75,138.88,129.2,25901.0,349346208.0,2021,6,24,15,0,2021-06-24 15:00,25901.0
135.77,134.8,137.18,131.81,16825.0,225925712.0,2021,6,25,15,0,2021-06-25 15:00,16825.0
133.5,134.12,136.78,132.36,13881.0,186610224.0,2021,6,28,15,0,2021-06-28 15:00,13881.0
135.03,135.3,139.3,132.53,17869.0,244405952.0,2021,6,29,15,0,2021-06-29 15:00,17869.0
135.7,138.2,139.95,133.8,19137.0,263715248.0,2021,6,30,15,0,2021-06-30 15:00,19137.0
137.15,133.6,138.2,133.11,17038.0,231268416.0,2021,7,1,15,0,2021-07-01 15:00,17038.0
132.82,127.42,134.39,127.2,14337.0,185357744.0,2021,7,2,15,0,2021-07-02 15:00,14337.0
128.08,134.2,134.78,128.08,16949.0,224800592.0,2021,7,5,15,0,2021-07-05 15:00,16949.0
134.2,128.48,135.88,126.66,17495.0,227716416.0,2021,7,6,15,0,2021-07-06 15:00,17495.0
127.43,131.3,131.49,127.18,9247.0,120028336.0,2021,7,7,15,0,2021-07-07 15:00,9247.0
132.18,132.45,134.2,129.7,12594.0,166583968.0,2021,7,8,15,0,2021-07-08 15:00,12594.0
133.94,134.39,138.5,133.39,20588.0,281001408.0,2021,7,9,15,0,2021-07-09 15:00,20588.0
134.01,131.81,134.01,129.0,15735.0,206660336.0,2021,7,12,15,0,2021-07-12 15:00,15735.0
131.8,126.61,132.68,126.51,16456.0,211046176.0,2021,7,13,15,0,2021-07-13 15:00,16456.0
126.65,121.2,127.1,121.19,14435.0,177511104.0,2021,7,14,15,0,2021-07-14 15:00,14435.0
121.0,119.0,121.56,117.82,9370.0,111578280.0,2021,7,15,15,0,2021-07-15 15:00,9370.0
121.66,120.62,123.99,120.25,9663.0,118088688.0,2021,7,16,15,0,2021-07-16 15:00,9663.0
122.59,116.8,122.61,116.56,10021.0,118561056.0,2021,7,19,15,0,2021-07-19 15:00,10021.0
112.0,108.32,113.0,106.6,40890.0,448049216.0,2021,7,20,15,0,2021-07-20 15:00,40890.0
108.91,107.46,109.08,107.28,33505.0,362095776.0,2021,7,21,15,0,2021-07-21 15:00,33505.0
108.17,110.92,111.2,105.38,47764.0,518932800.0,2021,7,22,15,0,2021-07-22 15:00,47764.0
106.6,102.27,107.01,101.12,50170.0,519392384.0,2021,7,23,15,0,2021-07-23 15:00,50170.0
100.99,102.41,103.64,97.0,37971.0,381138368.0,2021,7,26,15,0,2021-07-26 15:00,37971.0
102.0,108.8,119.6,101.02,98684.0,1091023616.0,2021,7,27,15,0,2021-07-27 15:00,98684.0
106.65,100.63,107.98,99.9,48436.0,498055040.0,2021,7,28,15,0,2021-07-28 15:00,48436.0
102.88,102.47,105.88,100.18,44103.0,455158368.0,2021,7,29,15,0,2021-07-29 15:00,44103.0
98.0,100.14,104.02,97.5,40064.0,403162976.0,2021,7,30,15,0,2021-07-30 15:00,40064.0
99.87,106.31,106.66,98.15,43810.0,454737280.0,2021,8,2,15,0,2021-08-02 15:00,43810.0
106.12,103.3,107.86,102.42,30316.0,316578688.0,2021,8,3,15,0,2021-08-03 15:00,30316.0
102.99,104.3,106.21,102.97,24911.0,261299408.0,2021,8,4,15,0,2021-08-04 15:00,24911.0
103.0,112.38,118.97,100.79,78932.0,872776448.0,2021,8,5,15,0,2021-08-05 15:00,78932.0
112.8,108.89,116.55,107.72,45131.0,497752416.0,2021,8,6,15,0,2021-08-06 15:00,45131.0
105.86,105.34,106.88,104.0,30564.0,321967648.0,2021,8,9,15,0,2021-08-09 15:00,30564.0
105.33,104.44,106.68,102.9,29458.0,307603456.0,2021,8,10,15,0,2021-08-10 15:00,29458.0
104.0,103.65,104.9,102.56,19898.0,205951408.0,2021,8,11,15,0,2021-08-11 15:00,19898.0
102.2,103.65,106.31,101.91,28336.0,295726496.0,2021,8,12,15,0,2021-08-12 15:00,28336.0
103.0,99.71,103.0,99.5,34106.0,343214784.0,2021,8,13,15,0,2021-08-13 15:00,34106.0
99.35,99.75,101.78,98.3,17343.0,173306560.0,2021,8,16,15,0,2021-08-16 15:00,17343.0
99.75,98.8,102.32,98.8,21919.0,219552448.0,2021,8,17,15,0,2021-08-17 15:00,21919.0
98.39,98.16,99.53,97.81,15468.0,152267424.0,2021,8,18,15,0,2021-08-18 15:00,15468.0
97.98,98.61,100.5,97.85,14508.0,143568096.0,2021,8,19,15,0,2021-08-19 15:00,14508.0
99.47,99.9,101.18,98.5,21193.0,211536832.0,2021,8,20,15,0,2021-08-20 15:00,21193.0
100.05,100.48,100.88,98.33,20746.0,207301008.0,2021,8,23,15,0,2021-08-23 15:00,20746.0
100.9,98.7,100.9,98.58,23921.0,237314640.0,2021,8,24,15,0,2021-08-24 15:00,23921.0
99.5,98.25,99.53,97.6,15261.0,150285792.0,2021,8,25,15,0,2021-08-25 15:00,15261.0
98.2,91.6,98.88,91.6,41502.0,392202976.0,2021,8,26,15,0,2021-08-26 15:00,41502.0
91.41,91.41,92.5,90.8,14317.0,131028576.0,2021,8,27,15,0,2021-08-27 15:00,14317.0
91.28,92.86,94.78,91.02,17221.0,160415120.0,2021,8,30,15,0,2021-08-30 15:00,17221.0
92.06,88.66,92.75,87.29,23687.0,210334576.0,2021,8,31,15,0,2021-08-31 15:00,23687.0
88.66,89.6,89.82,86.89,16226.0,143529616.0,2021,9,1,15,0,2021-09-01 15:00,16226.0
89.26,88.18,89.85,87.63,12621.0,111536072.0,2021,9,2,15,0,2021-09-02 15:00,12621.0
88.4,91.41,94.35,88.19,20776.0,189801840.0,2021,9,3,15,0,2021-09-03 15:00,20776.0
90.89,91.6,93.22,90.01,17111.0,157089392.0,2021,9,6,15,0,2021-09-06 15:00,17111.0
91.32,90.64,92.3,90.04,14536.0,131912024.0,2021,9,7,15,0,2021-09-07 15:00,14536.0
90.65,92.61,92.96,90.48,17232.0,158473088.0,2021,9,8,15,0,2021-09-08 15:00,17232.0
92.55,90.3,92.55,90.18,14064.0,127866800.0,2021,9,9,15,0,2021-09-09 15:00,14064.0
90.3,91.74,92.69,89.51,20270.0,185152144.0,2021,9,10,15,0,2021-09-10 15:00,20270.0
91.5,89.62,91.5,89.35,15098.0,135913168.0,2021,9,13,15,0,2021-09-13 15:00,15098.0
89.6,88.5,90.36,88.36,13118.0,117231600.0,2021,9,14,15,0,2021-09-14 15:00,13118.0
88.31,86.16,89.03,85.81,18888.0,163894400.0,2021,9,15,15,0,2021-09-15 15:00,18888.0
86.2,85.06,86.88,85.02,12858.0,110162936.0,2021,9,16,15,0,2021-09-16 15:00,12858.0
85.8,85.88,86.14,84.63,12023.0,102704144.0,2021,9,17,15,0,2021-09-17 15:00,12023.0
84.77,82.83,84.92,82.35,17575.0,146705776.0,2021,9,22,15,0,2021-09-22 15:00,17575.0
82.68,83.4,84.45,82.36,11369.0,95224456.0,2021,9,23,15,0,2021-09-23 15:00,11369.0
83.45,81.99,84.3,81.87,12249.0,101552248.0,2021,9,24,15,0,2021-09-24 15:00,12249.0
82.64,79.71,83.5,79.3,17794.0,143727696.0,2021,9,27,15,0,2021-09-27 15:00,17794.0
79.91,80.13,81.75,78.82,11793.0,94785504.0,2021,9,28,15,0,2021-09-28 15:00,11793.0
79.52,78.15,80.0,77.88,14957.0,117934272.0,2021,9,29,15,0,2021-09-29 15:00,14957.0
78.79,79.62,80.6,78.19,11384.0,90722720.0,2021,9,30,15,0,2021-09-30 15:00,11384.0
79.5,81.47,82.77,79.5,11767.0,95694024.0,2021,10,8,15,0,2021-10-08 15:00,11767.0
81.99,82.0,82.37,81.21,8898.0,72830848.0,2021,10,11,15,0,2021-10-11 15:00,8898.0
81.1,79.71,81.81,78.79,12740.0,101726008.0,2021,10,12,15,0,2021-10-12 15:00,12740.0
79.9,80.35,82.13,79.5,15580.0,125525304.0,2021,10,13,15,0,2021-10-13 15:00,15580.0
79.65,79.13,80.2,79.03,11460.0,90896320.0,2021,10,14,15,0,2021-10-14 15:00,11460.0
79.14,79.75,80.7,78.54,13407.0,106842752.0,2021,10,15,15,0,2021-10-15 15:00,13407.0
79.75,77.25,79.75,76.5,20127.0,155715184.0,2021,10,18,15,0,2021-10-18 15:00,20127.0
77.18,76.95,77.68,76.31,13195.0,101624688.0,2021,10,19,15,0,2021-10-19 15:00,13195.0
77.4,77.43,78.75,77.11,16347.0,127425720.0,2021,10,20,15,0,2021-10-20 15:00,16347.0
77.3,75.61,77.47,75.51,18295.0,139540416.0,2021,10,21,15,0,2021-10-21 15:00,18295.0
76.46,75.78,76.93,75.61,16237.0,123859896.0,2021,10,22,15,0,2021-10-22 15:00,16237.0
75.45,76.1,76.23,73.88,17640.0,132053200.0,2021,10,25,15,0,2021-10-25 15:00,17640.0
76.0,79.02,81.18,75.72,39894.0,317375712.0,2021,10,26,15,0,2021-10-26 15:00,39894.0
78.2,74.97,79.59,74.35,26541.0,201839328.0,2021,10,27,15,0,2021-10-27 15:00,26541.0
74.79,74.33,76.33,73.9,13747.0,103186040.0,2021,10,28,15,0,2021-10-28 15:00,13747.0
74.42,76.61,77.89,74.34,19383.0,148050384.0,2021,10,29,15,0,2021-10-29 15:00,19383.0
76.0,79.88,80.2,74.87,25363.0,198817920.0,2021,11,1,15,0,2021-11-01 15:00,25363.0
79.86,78.75,81.0,78.15,19440.0,154713776.0,2021,11,2,15,0,2021-11-02 15:00,19440.0
78.61,78.81,80.48,78.21,14065.0,111343664.0,2021,11,3,15,0,2021-11-03 15:00,14065.0
83.0,84.38,86.88,81.7,52337.0,444335840.0,2021,11,4,15,0,2021-11-04 15:00,52337.0
85.89,85.1,90.9,84.59,78345.0,685203520.0,2021,11,5,15,0,2021-11-05 15:00,78345.0
83.98,81.89,84.67,81.63,33030.0,272172512.0,2021,11,8,15,0,2021-11-08 15:00,33030.0
81.5,85.0,86.5,81.35,31017.0,262039248.0,2021,11,9,15,0,2021-11-09 15:00,31017.0
84.51,83.95,86.0,82.97,22514.0,189658976.0,2021,11,10,15,0,2021-11-10 15:00,22514.0
83.98,84.22,85.65,82.77,27458.0,231121312.0,2021,11,11,15,0,2021-11-11 15:00,27458.0
85.5,85.67,88.7,84.5,35007.0,301867168.0,2021,11,12,15,0,2021-11-12 15:00,35007.0
85.68,86.4,88.13,85.56,25037.0,217359712.0,2021,11,15,15,0,2021-11-15 15:00,25037.0
86.1,82.96,86.7,82.85,23345.0,196503648.0,2021,11,16,15,0,2021-11-16 15:00,23345.0
82.7,83.02,84.09,82.62,14378.0,119733616.0,2021,11,17,15,0,2021-11-17 15:00,14378.0
83.98,83.2,85.77,82.8,22492.0,188424640.0,2021,11,18,15,0,2021-11-18 15:00,22492.0
83.35,83.75,84.74,82.5,17857.0,148973312.0,2021,11,19,15,0,2021-11-19 15:00,17857.0
83.61,86.67,86.83,83.02,29334.0,250700800.0,2021,11,22,15,0,2021-11-22 15:00,29334.0
85.99,85.98,87.27,85.5,20776.0,179110720.0,2021,11,23,15,0,2021-11-23 15:00,20776.0
85.7,95.54,95.81,85.41,97472.0,896049920.0,2021,11,24,15,0,2021-11-24 15:00,97472.0
95.0,100.94,103.58,94.1,113968.0,1142696704.0,2021,11,25,15,0,2021-11-25 15:00,113968.0
99.49,97.58,102.0,97.55,53938.0,533663456.0,2021,11,26,15,0,2021-11-26 15:00,53938.0
96.61,95.6,96.8,93.66,42782.0,407775968.0,2021,11,29,15,0,2021-11-29 15:00,42782.0
96.65,96.6,100.5,96.6,56734.0,556422656.0,2021,11,30,15,0,2021-11-30 15:00,56734.0
98.33,94.8,99.1,94.49,43774.0,420481376.0,2021,12,1,15,0,2021-12-01 15:00,43774.0
94.46,90.99,95.58,90.8,38013.0,351487712.0,2021,12,2,15,0,2021-12-02 15:00,38013.0
90.97,94.03,95.97,90.61,37664.0,350494528.0,2021,12,3,15,0,2021-12-03 15:00,37664.0
93.65,91.2,93.95,91.02,22357.0,206035168.0,2021,12,6,15,0,2021-12-06 15:00,22357.0
91.2,91.78,92.4,89.4,25166.0,227778320.0,2021,12,7,15,0,2021-12-07 15:00,25166.0
92.26,97.0,97.1,92.26,41101.0,390187968.0,2021,12,8,15,0,2021-12-08 15:00,41101.0
96.34,97.01,98.25,95.49,35631.0,345953408.0,2021,12,9,15,0,2021-12-09 15:00,35631.0
97.0,102.0,102.68,96.5,77570.0,780317440.0,2021,12,10,15,0,2021-12-10 15:00,77570.0
102.0,105.87,106.7,101.01,68019.0,712656960.0,2021,12,13,15,0,2021-12-13 15:00,68019.0
105.87,98.9,105.97,98.82,55958.0,565598400.0,2021,12,14,15,0,2021-12-14 15:00,55958.0
99.5,96.5,100.0,96.28,33332.0,325383008.0,2021,12,15,15,0,2021-12-15 15:00,33332.0
97.88,97.0,98.46,96.11,25598.0,248993888.0,2021,12,16,15,0,2021-12-16 15:00,25598.0
96.6,93.76,96.8,93.56,29060.0,274431072.0,2021,12,17,15,0,2021-12-17 15:00,29060.0
93.0,89.68,94.7,89.35,37294.0,339268768.0,2021,12,20,15,0,2021-12-20 15:00,37294.0
90.1,91.0,91.43,89.7,18551.0,168302688.0,2021,12,21,15,0,2021-12-21 15:00,18551.0
91.1,90.71,91.35,90.01,18033.0,163895744.0,2021,12,22,15,0,2021-12-22 15:00,18033.0
90.02,88.89,90.69,88.5,20587.0,183435728.0,2021,12,23,15,0,2021-12-23 15:00,20587.0
89.2,91.06,91.7,88.3,23410.0,210847072.0,2021,12,24,15,0,2021-12-24 15:00,23410.0
90.77,91.39,92.22,89.45,15951.0,144945824.0,2021,12,27,15,0,2021-12-27 15:00,15951.0
91.49,92.1,92.65,89.99,15453.0,141919152.0,2021,12,28,15,0,2021-12-28 15:00,15453.0
91.1,89.97,91.68,89.82,11593.0,104560288.0,2021,12,29,15,0,2021-12-29 15:00,11593.0
89.88,92.0,92.5,89.58,21282.0,193792288.0,2021,12,30,15,0,2021-12-30 15:00,21282.0
91.57,95.1,96.6,91.57,28565.0,270323776.0,2021,12,31,15,0,2021-12-31 15:00,28565.0
102.0,98.58,105.5,98.15,69344.0,704829824.0,2022,1,4,15,0,2022-01-04 15:00,69344.0
97.0,97.3,99.44,95.13,29375.0,285071072.0,2022,1,5,15,0,2022-01-05 15:00,29375.0
96.95,94.3,96.95,93.6,21750.0,206732816.0,2022,1,6,15,0,2022-01-06 15:00,21750.0
95.57,91.06,97.38,90.9,30394.0,284794272.0,2022,1,7,15,0,2022-01-07 15:00,30394.0
90.98,91.24,92.15,89.01,15493.0,140573232.0,2022,1,10,15,0,2022-01-10 15:00,15493.0
90.06,91.4,92.45,90.06,12512.0,114452944.0,2022,1,11,15,0,2022-01-11 15:00,12512.0
91.43,92.18,92.5,90.82,10171.0,93253520.0,2022,1,12,15,0,2022-01-12 15:00,10171.0
92.78,93.1,95.66,91.99,20880.0,196688768.0,2022,1,13,15,0,2022-01-13 15:00,20880.0
92.0,90.55,94.46,89.86,22646.0,207970640.0,2022,1,14,15,0,2022-01-14 15:00,22646.0
90.55,90.83,91.75,89.89,20547.0,186454080.0,2022,1,17,15,0,2022-01-17 15:00,20547.0
90.37,92.34,94.88,90.08,20674.0,192153520.0,2022,1,18,15,0,2022-01-18 15:00,20674.0
92.04,90.44,92.5,89.13,20486.0,184573664.0,2022,1,19,15,0,2022-01-19 15:00,20486.0
90.46,90.35,91.96,89.79,14677.0,133334744.0,2022,1,20,15,0,2022-01-20 15:00,14677.0
90.0,87.26,90.0,86.28,20372.0,178721312.0,2022,1,21,15,0,2022-01-21 15:00,20372.0
86.41,83.88,86.47,83.52,22389.0,189225168.0,2022,1,24,15,0,2022-01-24 15:00,22389.0
83.88,82.81,84.6,81.73,18887.0,156316464.0,2022,1,25,15,0,2022-01-25 15:00,18887.0
82.82,83.51,84.07,82.25,8917.0,74238168.0,2022,1,26,15,0,2022-01-26 15:00,8917.0
84.0,81.02,84.0,81.02,16277.0,133511952.0,2022,1,27,15,0,2022-01-27 15:00,16277.0
81.99,78.78,82.3,78.68,14869.0,119672624.0,2022,1,28,15,0,2022-01-28 15:00,14869.0
80.0,77.84,80.3,77.3,15096.0,118544288.0,2022,2,7,15,0,2022-02-07 15:00,15096.0
77.19,78.53,79.5,77.19,14060.0,110547664.0,2022,2,8,15,0,2022-02-08 15:00,14060.0
78.48,79.05,80.35,78.48,12176.0,96439976.0,2022,2,9,15,0,2022-02-09 15:00,12176.0
78.53,78.92,79.48,78.53,10032.0,79214368.0,2022,2,10,15,0,2022-02-10 15:00,10032.0
78.03,77.66,78.91,77.3,7952.0,62028780.0,2022,2,11,15,0,2022-02-11 15:00,7952.0
76.61,76.76,77.6,75.32,10025.0,76574504.0,2022,2,14,15,0,2022-02-14 15:00,10025.0
77.45,78.25,79.34,77.4,12166.0,95665968.0,2022,2,15,15,0,2022-02-15 15:00,12166.0
79.92,79.9,80.88,78.25,12455.0,99088216.0,2022,2,16,15,0,2022-02-16 15:00,12455.0
80.0,79.4,80.7,78.91,12530.0,99888144.0,2022,2,17,15,0,2022-02-17 15:00,12530.0
79.05,81.36,83.3,79.05,17729.0,144181184.0,2022,2,18,15,0,2022-02-18 15:00,17729.0
82.92,84.05,85.8,82.1,28478.0,239331440.0,2022,2,21,15,0,2022-02-21 15:00,28478.0
83.23,83.79,85.07,81.8,17991.0,150011024.0,2022,2,22,15,0,2022-02-22 15:00,17991.0
80.43,81.45,81.76,78.89,31095.0,250383328.0,2022,2,23,15,0,2022-02-23 15:00,31095.0
80.95,78.0,81.39,77.35,23653.0,187211664.0,2022,2,24,15,0,2022-02-24 15:00,23653.0
79.0,80.49,83.38,78.5,21718.0,176296432.0,2022,2,25,15,0,2022-02-25 15:00,21718.0
80.28,79.54,81.3,79.3,11451.0,91399672.0,2022,2,28,15,0,2022-02-28 15:00,11451.0
79.41,78.61,80.9,77.78,11863.0,93624448.0,2022,3,1,15,0,2022-03-01 15:00,11863.0
78.61,78.61,78.7,77.36,10913.0,85233016.0,2022,3,2,15,0,2022-03-02 15:00,10913.0
78.85,79.79,79.79,77.68,13796.0,108777264.0,2022,3,3,15,0,2022-03-03 15:00,13796.0
78.71,85.96,87.5,78.68,55942.0,476040800.0,2022,3,4,15,0,2022-03-04 15:00,55942.0
85.96,85.17,87.5,83.86,32391.0,278051936.0,2022,3,7,15,0,2022-03-07 15:00,32391.0
84.86,86.47,88.49,83.0,36451.0,313487520.0,2022,3,8,15,0,2022-03-08 15:00,36451.0
85.5,83.75,87.5,81.0,28912.0,241844800.0,2022,3,9,15,0,2022-03-09 15:00,28912.0
84.4,82.63,86.0,82.44,20262.0,169913744.0,2022,3,10,15,0,2022-03-10 15:00,20262.0
81.3,84.16,84.22,79.52,19017.0,156602272.0,2022,3,11,15,0,2022-03-11 15:00,19017.0
83.11,80.89,84.0,80.8,12385.0,101547976.0,2022,3,14,15,0,2022-03-14 15:00,12385.0
78.5,66.02,78.5,64.98,70702.0,498204992.0,2022,3,15,15,0,2022-03-15 15:00,70702.0
66.12,65.01,67.49,62.17,39696.0,255598592.0,2022,3,16,15,0,2022-03-16 15:00,39696.0
66.25,65.97,69.48,65.5,33391.0,224403632.0,2022,3,17,15,0,2022-03-17 15:00,33391.0
65.52,66.25,67.0,64.7,19098.0,125433032.0,2022,3,18,15,0,2022-03-18 15:00,19098.0
66.4,65.0,66.58,64.65,24664.0,161233680.0,2022,3,21,15,0,2022-03-21 15:00,24664.0
65.2,64.84,65.85,64.24,17039.0,110835872.0,2022,3,22,15,0,2022-03-22 15:00,17039.0
65.33,65.03,65.57,64.43,12603.0,82076552.0,2022,3,23,15,0,2022-03-23 15:00,12603.0
64.82,63.35,65.1,63.35,14334.0,91499504.0,2022,3,24,15,0,2022-03-24 15:00,14334.0
63.33,63.68,67.07,63.33,21622.0,140629200.0,2022,3,25,15,0,2022-03-25 15:00,21622.0
62.9,63.9,64.82,62.28,15119.0,96417128.0,2022,3,28,15,0,2022-03-28 15:00,15119.0
64.0,63.16,64.33,62.39,14050.0,88606432.0,2022,3,29,15,0,2022-03-29 15:00,14050.0
63.3,63.3,63.97,62.7,11904.0,75429120.0,2022,3,30,15,0,2022-03-30 15:00,11904.0
63.2,63.7,64.83,63.02,19414.0,123939120.0,2022,3,31,15,0,2022-03-31 15:00,19414.0
63.2,62.63,63.48,62.51,16734.0,105147864.0,2022,4,1,15,0,2022-04-01 15:00,16734.0
62.7,62.75,63.5,62.21,12820.0,80592040.0,2022,4,6,15,0,2022-04-06 15:00,12820.0
62.75,60.52,63.26,60.52,18046.0,111024992.0,2022,4,7,15,0,2022-04-07 15:00,18046.0
60.8,59.76,60.83,58.02,19449.0,115334096.0,2022,4,8,15,0,2022-04-08 15:00,19449.0
60.78,58.51,60.79,58.0,18019.0,106364808.0,2022,4,11,15,0,2022-04-11 15:00,18019.0
58.3,59.06,59.36,57.4,14889.0,86948304.0,2022,4,12,15,0,2022-04-12 15:00,14889.0
59.0,59.04,61.1,58.12,14777.0,88015952.0,2022,4,13,15,0,2022-04-13 15:00,14777.0
59.24,58.85,59.85,57.8,15021.0,88097784.0,2022,4,14,15,0,2022-04-14 15:00,15021.0
58.08,56.26,58.42,56.01,22197.0,126561224.0,2022,4,15,15,0,2022-04-15 15:00,22197.0
56.0,60.09,60.66,55.73,30077.0,177821616.0,2022,4,18,15,0,2022-04-18 15:00,30077.0
59.52,60.16,60.5,59.0,16412.0,97777288.0,2022,4,19,15,0,2022-04-19 15:00,16412.0
59.88,59.24,62.22,59.23,16283.0,98897168.0,2022,4,20,15,0,2022-04-20 15:00,16283.0
57.28,57.0,59.0,56.84,17588.0,101421528.0,2022,4,21,15,0,2022-04-21 15:00,17588.0
56.59,55.55,57.94,55.52,13820.0,77917360.0,2022,4,22,15,0,2022-04-22 15:00,13820.0
55.2,50.0,55.2,50.0,26103.0,135984720.0,2022,4,25,15,0,2022-04-25 15:00,26103.0
50.5,47.3,51.11,47.03,19901.0,97930896.0,2022,4,26,15,0,2022-04-26 15:00,19901.0
46.98,49.88,50.1,46.59,22862.0,110140624.0,2022,4,27,15,0,2022-04-27 15:00,22862.0
50.66,48.59,51.0,48.42,15866.0,78376592.0,2022,4,28,15,0,2022-04-28 15:00,15866.0
49.5,51.86,52.2,48.83,18942.0,96317512.0,2022,4,29,15,0,2022-04-29 15:00,18942.0
51.38,52.9,54.0,51.34,22621.0,118695328.0,2022,5,5,15,0,2022-05-05 15:00,22621.0
51.51,52.02,53.98,51.1,15844.0,83374160.0,2022,5,6,15,0,2022-05-06 15:00,15844.0
51.8,53.01,53.51,51.58,10617.0,56256152.0,2022,5,9,15,0,2022-05-09 15:00,10617.0
52.12,53.48,54.35,52.05,14884.0,79652800.0,2022,5,10,15,0,2022-05-10 15:00,14884.0
54.0,52.92,55.2,52.8,21983.0,119322136.0,2022,5,11,15,0,2022-05-11 15:00,21983.0
52.35,53.9,54.96,52.27,18016.0,97132600.0,2022,5,12,15,0,2022-05-12 15:00,18016.0
54.5,52.89,54.5,52.86,13131.0,70020504.0,2022,5,13,15,0,2022-05-13 15:00,13131.0
53.96,53.97,56.49,53.41,19683.0,107725568.0,2022,5,16,15,0,2022-05-16 15:00,19683.0
53.11,54.28,54.76,53.1,13872.0,75069816.0,2022,5,17,15,0,2022-05-17 15:00,13872.0
54.54,53.9,55.48,53.41,13875.0,75429936.0,2022,5,18,15,0,2022-05-18 15:00,13875.0
53.02,55.06,55.18,52.75,18294.0,99571904.0,2022,5,19,15,0,2022-05-19 15:00,18294.0
54.73,55.3,55.99,54.44,15244.0,83994952.0,2022,5,20,15,0,2022-05-20 15:00,15244.0
55.55,56.99,57.02,55.22,22374.0,126410560.0,2022,5,23,15,0,2022-05-23 15:00,22374.0
56.53,53.04,56.98,52.98,24946.0,136976224.0,2022,5,24,15,0,2022-05-24 15:00,24946.0
53.05,53.72,54.98,52.86,14959.0,80271760.0,2022,5,25,15,0,2022-05-25 15:00,14959.0
53.19,53.67,54.3,51.71,19288.0,102160576.0,2022,5,26,15,0,2022-05-26 15:00,19288.0
54.03,53.0,54.48,52.68,14361.0,76578296.0,2022,5,27,15,0,2022-05-27 15:00,14361.0
53.49,55.09,55.47,53.08,23353.0,127590496.0,2022,5,30,15,0,2022-05-30 15:00,23353.0
55.32,56.6,57.83,54.2,26399.0,148341392.0,2022,5,31,15,0,2022-05-31 15:00,26399.0
56.55,58.04,58.39,55.8,28274.0,162647888.0,2022,6,1,15,0,2022-06-01 15:00,28274.0
57.89,61.86,63.99,57.08,53911.0,327409056.0,2022,6,2,15,0,2022-06-02 15:00,53911.0
62.98,68.7,71.92,61.86,82129.0,544498624.0,2022,6,6,15,0,2022-06-06 15:00,82129.0
68.3,69.28,71.07,67.21,47824.0,330294976.0,2022,6,7,15,0,2022-06-07 15:00,47824.0
69.28,67.75,69.5,65.95,38889.0,262437424.0,2022,6,8,15,0,2022-06-08 15:00,38889.0
67.06,64.1,67.86,63.69,36660.0,238944640.0,2022,6,9,15,0,2022-06-09 15:00,36660.0
64.0,64.51,64.74,63.02,54132.0,345540160.0,2022,6,10,15,0,2022-06-10 15:00,54132.0
63.9,64.0,65.58,63.02,42554.0,274067456.0,2022,6,13,15,0,2022-06-13 15:00,42554.0
63.15,63.31,63.88,60.79,29962.0,186127808.0,2022,6,14,15,0,2022-06-14 15:00,29962.0
63.61,62.52,65.24,62.52,33759.0,215703616.0,2022,6,15,15,0,2022-06-15 15:00,33759.0
63.48,64.1,64.93,62.9,22182.0,142093312.0,2022,6,16,15,0,2022-06-16 15:00,22182.0
63.35,63.3,64.5,61.8,22194.0,139837120.0,2022,6,17,15,0,2022-06-17 15:00,22194.0
63.45,62.6,64.27,62.28,19351.0,121774240.0,2022,6,20,15,0,2022-06-20 15:00,19351.0
62.66,62.36,63.85,61.96,22190.0,139375120.0,2022,6,21,15,0,2022-06-21 15:00,22190.0
62.99,61.06,63.04,61.01,21757.0,134524000.0,2022,6,22,15,0,2022-06-22 15:00,21757.0
61.2,64.3,64.55,61.07,31885.0,201433584.0,2022,6,23,15,0,2022-06-23 15:00,31885.0
64.29,66.3,67.51,63.84,35657.0,235108704.0,2022,6,24,15,0,2022-06-24 15:00,35657.0
67.09,66.44,68.59,66.4,29208.0,196657424.0,2022,6,27,15,0,2022-06-27 15:00,29208.0
66.34,67.0,67.43,65.25,22959.0,151890736.0,2022,6,28,15,0,2022-06-28 15:00,22959.0
67.0,65.86,68.1,65.82,27666.0,185193936.0,2022,6,29,15,0,2022-06-29 15:00,27666.0
65.44,64.7,66.9,64.4,28592.0,186584064.0,2022,6,30,15,0,2022-06-30 15:00,28592.0
64.0,62.68,64.69,61.94,34314.0,216123296.0,2022,7,1,15,0,2022-07-01 15:00,34314.0
62.02,63.1,63.39,61.36,19899.0,124389920.0,2022,7,4,15,0,2022-07-04 15:00,19899.0
63.3,62.47,64.85,62.1,19426.0,122662928.0,2022,7,5,15,0,2022-07-05 15:00,19426.0
62.66,63.2,64.87,62.03,26667.0,169755312.0,2022,7,6,15,0,2022-07-06 15:00,26667.0
63.3,61.66,63.77,61.65,19276.0,119776440.0,2022,7,7,15,0,2022-07-07 15:00,19276.0
61.6,63.66,65.2,61.57,24156.0,153854736.0,2022,7,8,15,0,2022-07-08 15:00,24156.0
63.08,61.5,63.23,61.24,18476.0,114205440.0,2022,7,11,15,0,2022-07-11 15:00,18476.0
61.7,60.2,61.84,60.11,16286.0,99017208.0,2022,7,12,15,0,2022-07-12 15:00,16286.0
61.34,60.35,61.59,60.1,12285.0,74643456.0,2022,7,13,15,0,2022-07-13 15:00,12285.0
59.99,60.27,61.34,59.85,12051.0,72846480.0,2022,7,14,15,0,2022-07-14 15:00,12051.0
60.49,60.1,61.93,60.03,13786.0,83893104.0,2022,7,15,15,0,2022-07-15 15:00,13786.0
60.5,61.21,61.55,59.6,12078.0,73363088.0,2022,7,18,15,0,2022-07-18 15:00,12078.0
61.0,63.99,64.3,60.3,23256.0,145923760.0,2022,7,19,15,0,2022-07-19 15:00,23256.0
64.3,62.99,64.39,62.88,14954.0,95037200.0,2022,7,20,15,0,2022-07-20 15:00,14954.0
63.09,63.4,65.4,63.09,21155.0,136359392.0,2022,7,21,15,0,2022-07-21 15:00,21155.0
63.92,62.28,64.24,61.65,14551.0,91040136.0,2022,7,22,15,0,2022-07-22 15:00,14551.0
62.2,62.0,63.55,61.7,12339.0,76977840.0,2022,7,25,15,0,2022-07-25 15:00,12339.0
62.39,61.1,62.49,60.91,11750.0,72015824.0,2022,7,26,15,0,2022-07-26 15:00,11750.0
61.19,61.69,63.6,60.73,13080.0,80790464.0,2022,7,27,15,0,2022-07-27 15:00,13080.0
61.55,62.82,63.88,61.5,20197.0,127104408.0,2022,7,28,15,0,2022-07-28 15:00,20197.0
63.51,61.0,63.56,61.0,14894.0,92115264.0,2022,7,29,15,0,2022-07-29 15:00,14894.0
60.88,61.27,62.6,58.68,21444.0,130842160.0,2022,8,1,15,0,2022-08-01 15:00,21444.0
60.5,59.28,60.9,58.0,25470.0,151513728.0,2022,8,2,15,0,2022-08-02 15:00,25470.0
59.86,61.48,63.79,59.5,36548.0,226200864.0,2022,8,3,15,0,2022-08-03 15:00,36548.0
61.48,63.53,64.74,61.48,30734.0,194221056.0,2022,8,4,15,0,2022-08-04 15:00,30734.0
63.24,70.06,70.89,63.24,81901.0,560428224.0,2022,8,5,15,0,2022-08-05 15:00,81901.0
71.37,67.17,72.0,66.23,64342.0,436503552.0,2022,8,8,15,0,2022-08-08 15:00,64342.0
66.94,70.88,72.0,66.0,60800.0,419598048.0,2022,8,9,15,0,2022-08-09 15:00,60800.0
69.06,69.59,72.88,69.04,54348.0,383296800.0,2022,8,10,15,0,2022-08-10 15:00,54348.0
69.83,69.79,70.88,69.03,37041.0,259319600.0,2022,8,11,15,0,2022-08-11 15:00,37041.0
69.7,67.65,70.18,67.5,39315.0,268717184.0,2022,8,12,15,0,2022-08-12 15:00,39315.0
66.3,64.92,67.29,64.75,36131.0,236555296.0,2022,8,15,15,0,2022-08-15 15:00,36131.0
65.25,63.93,66.1,63.66,26822.0,173528336.0,2022,8,16,15,0,2022-08-16 15:00,26822.0
63.99,63.5,64.37,62.91,21998.0,139642448.0,2022,8,17,15,0,2022-08-17 15:00,21998.0
63.37,63.64,63.99,62.06,26841.0,169243056.0,2022,8,18,15,0,2022-08-18 15:00,26841.0
63.29,61.18,65.09,61.1,31842.0,199603680.0,2022,8,19,15,0,2022-08-19 15:00,31842.0
60.63,61.11,61.87,60.1,13704.0,83754768.0,2022,8,22,15,0,2022-08-22 15:00,13704.0
60.85,60.6,61.58,60.15,14317.0,86710280.0,2022,8,23,15,0,2022-08-23 15:00,14317.0
60.7,58.13,60.7,58.04,23752.0,139821536.0,2022,8,24,15,0,2022-08-24 15:00,23752.0
58.13,57.44,58.99,56.81,16384.0,94238840.0,2022,8,25,15,0,2022-08-25 15:00,16384.0
57.73,57.5,58.45,57.16,11741.0,67942056.0,2022,8,26,15,0,2022-08-26 15:00,11741.0
57.3,58.7,58.87,57.1,12664.0,73556272.0,2022,8,29,15,0,2022-08-29 15:00,12664.0
58.8,58.27,59.2,57.76,8676.0,50636088.0,2022,8,30,15,0,2022-08-30 15:00,8676.0
58.0,59.09,59.66,57.55,17281.0,101508032.0,2022,8,31,15,0,2022-08-31 15:00,17281.0
67.0,67.32,70.91,66.5,120235.0,829259776.0,2022,9,1,15,0,2022-09-01 15:00,120235.0
67.47,80.78,80.78,67.47,165612.0,1291388800.0,2022,9,2,15,0,2022-09-02 15:00,165612.0
82.79,77.35,83.85,75.8,168456.0,1346785152.0,2022,9,5,15,0,2022-09-05 15:00,168456.0
76.0,74.2,77.13,73.06,94136.0,702660800.0,2022,9,6,15,0,2022-09-06 15:00,94136.0
74.85,79.68,81.23,74.85,117183.0,927598592.0,2022,9,7,15,0,2022-09-07 15:00,117183.0
79.68,74.86,79.88,74.6,77004.0,588034112.0,2022,9,8,15,0,2022-09-08 15:00,77004.0
74.28,72.0,74.78,71.6,55692.0,403597184.0,2022,9,9,15,0,2022-09-09 15:00,55692.0
69.29,67.97,70.7,67.56,58441.0,402313120.0,2022,9,13,15,0,2022-09-13 15:00,58441.0
67.68,70.5,70.96,67.3,64513.0,447402304.0,2022,9,14,15,0,2022-09-14 15:00,64513.0
70.45,67.35,70.45,66.86,44340.0,302576576.0,2022,9,15,15,0,2022-09-15 15:00,44340.0
67.0,69.24,72.88,66.99,56372.0,394419840.0,2022,9,16,15,0,2022-09-16 15:00,56372.0
69.14,68.78,72.34,68.4,51394.0,362815680.0,2022,9,19,15,0,2022-09-19 15:00,51394.0
69.02,67.56,70.67,67.0,43944.0,301307808.0,2022,9,20,15,0,2022-09-20 15:00,43944.0
67.01,66.0,67.5,64.8,37526.0,248772496.0,2022,9,21,15,0,2022-09-21 15:00,37526.0
65.51,66.35,67.49,65.51,24260.0,161708800.0,2022,9,22,15,0,2022-09-22 15:00,24260.0
66.38,63.06,67.1,62.88,40223.0,258289184.0,2022,9,23,15,0,2022-09-23 15:00,40223.0
62.01,63.31,64.33,61.82,27207.0,172753216.0,2022,9,26,15,0,2022-09-26 15:00,27207.0
63.07,66.51,66.92,63.07,32020.0,210907504.0,2022,9,27,15,0,2022-09-27 15:00,32020.0
65.68,64.56,68.2,64.23,36144.0,238275296.0,2022,9,28,15,0,2022-09-28 15:00,36144.0
65.18,63.97,66.25,63.73,27693.0,178900480.0,2022,9,29,15,0,2022-09-29 15:00,27693.0
64.04,62.68,64.5,62.66,21223.0,135133600.0,2022,9,30,15,0,2022-09-30 15:00,21223.0
58.47,57.5,60.1,56.52,43378.0,250357488.0,2022,10,10,15,0,2022-10-10 15:00,43378.0
57.98,56.26,58.18,55.88,24195.0,137580128.0,2022,10,11,15,0,2022-10-11 15:00,24195.0
56.68,59.39,59.75,55.5,33022.0,189891664.0,2022,10,12,15,0,2022-10-12 15:00,33022.0
58.5,59.31,60.63,58.5,20138.0,120166008.0,2022,10,13,15,0,2022-10-13 15:00,20138.0
60.0,60.77,61.45,59.68,20657.0,125301664.0,2022,10,14,15,0,2022-10-14 15:00,20657.0
60.28,61.8,62.59,59.5,20755.0,127901680.0,2022,10,17,15,0,2022-10-17 15:00,20755.0
62.3,60.51,62.43,60.33,20103.0,122541280.0,2022,10,18,15,0,2022-10-18 15:00,20103.0
60.68,59.11,61.01,59.11,18456.0,110246888.0,2022,10,19,15,0,2022-10-19 15:00,18456.0
58.55,63.93,64.49,58.51,49271.0,307751712.0,2022,10,20,15,0,2022-10-20 15:00,49271.0
63.5,65.33,66.0,62.12,34866.0,223711600.0,2022,10,21,15,0,2022-10-21 15:00,34866.0
66.2,64.68,68.18,64.0,29020.0,191219440.0,2022,10,24,15,0,2022-10-24 15:00,29020.0
64.3,64.35,65.6,62.95,24320.0,156110448.0,2022,10,25,15,0,2022-10-25 15:00,24320.0
65.0,65.8,66.45,63.0,29016.0,189222304.0,2022,10,26,15,0,2022-10-26 15:00,29016.0
65.44,67.42,68.68,65.44,41326.0,277278432.0,2022,10,27,15,0,2022-10-27 15:00,41326.0
66.6,64.82,68.48,64.23,35069.0,232850480.0,2022,10,28,15,0,2022-10-28 15:00,35069.0
64.4,65.76,67.5,64.05,30644.0,203355184.0,2022,10,31,15,0,2022-10-31 15:00,30644.0
65.77,65.34,65.77,62.64,46690.0,300327552.0,2022,11,1,15,0,2022-11-01 15:00,46690.0
65.34,65.88,67.32,65.05,27940.0,184386896.0,2022,11,2,15,0,2022-11-02 15:00,27940.0
64.08,67.15,67.73,64.06,28232.0,188471952.0,2022,11,3,15,0,2022-11-03 15:00,28232.0
66.77,67.69,68.4,66.18,26032.0,175353648.0,2022,11,4,15,0,2022-11-04 15:00,26032.0
67.64,66.21,68.74,66.18,24754.0,165958640.0,2022,11,7,15,0,2022-11-07 15:00,24754.0
66.18,65.48,66.39,64.71,17614.0,114969184.0,2022,11,8,15,0,2022-11-08 15:00,17614.0
65.91,65.35,66.36,64.48,14536.0,95162928.0,2022,11,9,15,0,2022-11-09 15:00,14536.0
64.8,64.09,67.3,64.04,26718.0,175096944.0,2022,11,10,15,0,2022-11-10 15:00,26718.0
66.0,64.68,67.1,64.55,30276.0,199451104.0,2022,11,11,15,0,2022-11-11 15:00,30276.0
64.65,66.48,67.3,63.81,23261.0,153552688.0,2022,11,14,15,0,2022-11-14 15:00,23261.0
66.5,69.14,70.0,66.45,36689.0,253105888.0,2022,11,15,15,0,2022-11-15 15:00,36689.0
68.88,68.5,69.9,68.2,23907.0,164930592.0,2022,11,16,15,0,2022-11-16 15:00,23907.0
68.0,69.45,69.64,67.13,26158.0,179185984.0,2022,11,17,15,0,2022-11-17 15:00,26158.0
69.99,67.77,70.5,67.77,23472.0,161607888.0,2022,11,18,15,0,2022-11-18 15:00,23472.0
69.01,67.7,70.38,66.66,31072.0,213231488.0,2022,11,21,15,0,2022-11-21 15:00,31072.0
67.42,65.88,68.6,65.79,23732.0,158875840.0,2022,11,22,15,0,2022-11-22 15:00,23732.0
65.9,64.54,66.24,64.2,22074.0,143160880.0,2022,11,23,15,0,2022-11-23 15:00,22074.0
64.95,63.65,65.77,63.55,15971.0,102698560.0,2022,11,24,15,0,2022-11-24 15:00,15971.0
63.48,63.45,64.53,63.12,13228.0,84313112.0,2022,11,25,15,0,2022-11-25 15:00,13228.0
62.06,62.25,63.45,61.68,15479.0,96477288.0,2022,11,28,15,0,2022-11-28 15:00,15479.0
62.57,64.19,64.66,62.57,17467.0,111497120.0,2022,11,29,15,0,2022-11-29 15:00,17467.0
64.17,63.42,64.74,63.21,28951.0,185105632.0,2022,11,30,15,0,2022-11-30 15:00,28951.0
64.6,64.92,65.75,64.01,19846.0,129028848.0,2022,12,1,15,0,2022-12-01 15:00,19846.0
65.43,66.0,66.17,64.61,17225.0,113257216.0,2022,12,2,15,0,2022-12-02 15:00,17225.0
66.6,66.49,67.49,65.62,17820.0,118047344.0,2022,12,5,15,0,2022-12-05 15:00,17820.0
66.5,67.59,68.21,66.0,23226.0,157059216.0,2022,12,6,15,0,2022-12-06 15:00,23226.0
67.34,67.06,67.78,66.88,13690.0,91998760.0,2022,12,7,15,0,2022-12-07 15:00,13690.0
66.9,65.22,67.06,65.03,18570.0,121898032.0,2022,12,8,15,0,2022-12-08 15:00,18570.0
65.07,65.71,66.66,64.88,23705.0,156102560.0,2022,12,9,15,0,2022-12-09 15:00,23705.0
65.88,67.11,67.9,65.5,23843.0,159734880.0,2022,12,12,15,0,2022-12-12 15:00,23843.0
67.16,66.87,67.4,66.36,14251.0,95272664.0,2022,12,13,15,0,2022-12-13 15:00,14251.0
69.99,66.81,70.05,66.81,24875.0,169611008.0,2022,12,14,15,0,2022-12-14 15:00,24875.0
67.0,67.48,68.4,65.71,18621.0,126142344.0,2022,12,15,15,0,2022-12-15 15:00,18621.0
64.95,63.98,65.4,61.49,47846.0,305005856.0,2022,12,16,15,0,2022-12-16 15:00,47846.0
63.06,60.3,63.46,60.1,37314.0,229085920.0,2022,12,19,15,0,2022-12-19 15:00,37314.0
60.35,59.9,61.35,59.43,18877.0,113827688.0,2022,12,20,15,0,2022-12-20 15:00,18877.0
59.89,58.53,60.34,58.23,17728.0,104847568.0,2022,12,21,15,0,2022-12-21 15:00,17728.0
58.94,57.19,59.4,56.88,17380.0,100559712.0,2022,12,22,15,0,2022-12-22 15:00,17380.0
56.79,56.47,57.5,55.9,17906.0,101300312.0,2022,12,23,15,0,2022-12-23 15:00,17906.0
56.48,57.14,57.75,56.48,18086.0,103667456.0,2022,12,26,15,0,2022-12-26 15:00,18086.0
57.0,57.17,57.49,56.31,16728.0,95088536.0,2022,12,27,15,0,2022-12-27 15:00,16728.0
57.0,55.88,57.17,55.68,13212.0,74184648.0,2022,12,28,15,0,2022-12-28 15:00,13212.0
55.9,55.6,56.47,55.6,13194.0,73836856.0,2022,12,29,15,0,2022-12-29 15:00,13194.0
56.37,54.56,56.37,54.5,20872.0,115094936.0,2022,12,30,15,0,2022-12-30 15:00,20872.0
54.51,56.78,57.34,54.15,20491.0,114950544.0,2023,1,3,15,0,2023-01-03 15:00,20491.0
57.23,56.94,58.08,56.33,15567.0,88769208.0,2023,1,4,15,0,2023-01-04 15:00,15567.0
56.88,56.8,57.22,55.8,16150.0,91448608.0,2023,1,5,15,0,2023-01-05 15:00,16150.0
56.98,56.65,57.54,56.02,17081.0,97090920.0,2023,1,6,15,0,2023-01-06 15:00,17081.0
56.83,56.89,57.6,56.6,14166.0,80789056.0,2023,1,9,15,0,2023-01-09 15:00,14166.0
56.89,57.14,58.16,56.89,19147.0,109909936.0,2023,1,10,15,0,2023-01-10 15:00,19147.0
57.17,56.37,58.0,56.25,16726.0,95478632.0,2023,1,11,15,0,2023-01-11 15:00,16726.0
56.19,55.73,56.68,55.3,18233.0,101906328.0,2023,1,12,15,0,2023-01-12 15:00,18233.0
56.26,56.09,56.26,55.51,11980.0,67067292.0,2023,1,13,15,0,2023-01-13 15:00,11980.0
55.99,57.79,58.5,55.83,27547.0,158869664.0,2023,1,16,15,0,2023-01-16 15:00,27547.0
57.99,58.05,59.42,57.52,20689.0,121012992.0,2023,1,17,15,0,2023-01-17 15:00,20689.0
58.55,58.5,59.17,58.04,16386.0,96114528.0,2023,1,18,15,0,2023-01-18 15:00,16386.0
58.1,61.0,61.0,58.07,28934.0,173912816.0,2023,1,19,15,0,2023-01-19 15:00,28934.0
61.02,61.03,61.63,60.51,18461.0,112711728.0,2023,1,20,15,0,2023-01-20 15:00,18461.0
65.5,64.31,65.98,63.56,50901.0,329053152.0,2023,1,30,15,0,2023-01-30 15:00,50901.0
64.0,62.1,64.78,61.88,28410.0,178354192.0,2023,1,31,15,0,2023-01-31 15:00,28410.0
62.0,64.74,65.98,62.0,44080.0,283995040.0,2023,2,1,15,0,2023-02-01 15:00,44080.0
66.0,69.9,74.69,65.71,92851.0,661459264.0,2023,2,2,15,0,2023-02-02 15:00,92851.0
69.88,71.11,72.78,69.84,81695.0,582621696.0,2023,2,3,15,0,2023-02-03 15:00,81695.0
73.1,72.84,74.96,71.05,105267.0,771667392.0,2023,2,6,15,0,2023-02-06 15:00,105267.0
71.31,75.7,80.88,71.31,151267.0,1150227072.0,2023,2,7,15,0,2023-02-07 15:00,151267.0
78.0,74.8,82.3,74.8,139144.0,1091894144.0,2023,2,8,15,0,2023-02-08 15:00,139144.0
73.21,79.07,80.0,72.55,148113.0,1135510656.0,2023,2,9,15,0,2023-02-09 15:00,148113.0
78.4,79.11,83.63,77.7,138060.0,1115193984.0,2023,2,10,15,0,2023-02-10 15:00,138060.0
79.0,87.5,91.5,78.0,159399.0,1364494336.0,2023,2,13,15,0,2023-02-13 15:00,159399.0
87.5,85.48,89.58,83.69,111158.0,953211392.0,2023,2,14,15,0,2023-02-14 15:00,111158.0
85.8,89.1,90.87,83.0,153615.0,1335392768.0,2023,2,15,15,0,2023-02-15 15:00,153615.0
86.8,80.5,88.29,80.08,144126.0,1212872832.0,2023,2,16,15,0,2023-02-16 15:00,144126.0
80.81,80.0,82.42,78.23,91713.0,736979968.0,2023,2,17,15,0,2023-02-17 15:00,91713.0
80.8,82.45,83.4,78.59,74552.0,604991104.0,2023,2,20,15,0,2023-02-20 15:00,74552.0
82.6,85.3,87.95,82.0,89152.0,765921024.0,2023,2,21,15,0,2023-02-21 15:00,89152.0
83.08,84.4,86.33,82.77,57623.0,485270560.0,2023,2,22,15,0,2023-02-22 15:00,57623.0
84.9,83.22,86.25,82.05,66727.0,559685888.0,2023,2,23,15,0,2023-02-23 15:00,66727.0
86.5,87.93,89.28,85.3,106247.0,930572928.0,2023,2,24,15,0,2023-02-24 15:00,106247.0
86.71,85.17,88.99,84.3,75003.0,645085696.0,2023,2,27,15,0,2023-02-27 15:00,75003.0
85.25,83.97,87.44,81.91,73005.0,613239552.0,2023,2,28,15,0,2023-02-28 15:00,73005.0
83.59,90.6,92.55,83.1,129394.0,1146262528.0,2023,3,1,15,0,2023-03-01 15:00,129394.0
89.5,91.5,92.68,89.02,89249.0,813795648.0,2023,3,2,15,0,2023-03-02 15:00,89249.0
95.99,93.71,99.5,92.26,100637.0,957779008.0,2023,3,3,15,0,2023-03-03 15:00,100637.0
92.12,91.23,94.45,90.2,65694.0,605177856.0,2023,3,6,15,0,2023-03-06 15:00,65694.0
91.0,87.88,91.88,86.94,69797.0,622561664.0,2023,3,7,15,0,2023-03-07 15:00,69797.0
89.87,90.01,91.68,87.88,62690.0,563063488.0,2023,3,8,15,0,2023-03-08 15:00,62690.0
90.1,90.6,93.58,89.6,46825.0,427590528.0,2023,3,9,15,0,2023-03-09 15:00,46825.0
90.46,91.98,95.8,89.6,82598.0,767040064.0,2023,3,10,15,0,2023-03-10 15:00,82598.0
90.38,95.78,96.69,90.15,71422.0,676551616.0,2023,3,13,15,0,2023-03-13 15:00,71422.0
95.85,102.89,105.0,95.3,127768.0,1285581696.0,2023,3,14,15,0,2023-03-14 15:00,127768.0
102.0,103.98,106.19,101.95,93685.0,972971136.0,2023,3,15,15,0,2023-03-15 15:00,93685.0
104.98,102.44,106.08,99.59,107594.0,1113186560.0,2023,3,16,15,0,2023-03-16 15:00,107594.0
102.65,122.93,122.93,102.0,222534.0,2596614400.0,2023,3,17,15,0,2023-03-17 15:00,222534.0
124.0,135.0,137.69,122.15,199944.0,2617703424.0,2023,3,20,15,0,2023-03-20 15:00,199944.0
133.25,136.8,137.5,130.48,123418.0,1659830784.0,2023,3,21,15,0,2023-03-21 15:00,123418.0
134.96,160.15,164.16,133.0,203749.0,3053655808.0,2023,3,22,15,0,2023-03-22 15:00,203749.0
162.62,167.0,178.88,159.85,202709.0,3379541504.0,2023,3,23,15,0,2023-03-23 15:00,202709.0
167.01,183.0,185.18,163.01,198893.0,3414847744.0,2023,3,24,15,0,2023-03-24 15:00,198893.0
178.0,186.39,188.88,172.0,190971.0,3444353280.0,2023,3,27,15,0,2023-03-27 15:00,190971.0
179.94,172.0,180.5,170.3,156094.0,2740150272.0,2023,3,28,15,0,2023-03-28 15:00,156094.0
174.46,172.0,184.65,168.8,216748.0,3804719616.0,2023,3,29,15,0,2023-03-29 15:00,216748.0
172.64,176.1,181.6,170.0,206710.0,3616571904.0,2023,3,30,15,0,2023-03-30 15:00,206710.0
170.81,185.95,191.76,165.23,202982.0,3597394176.0,2023,3,31,15,0,2023-03-31 15:00,202982.0
188.88,211.0,217.0,184.0,211965.0,4155954176.0,2023,4,3,15,0,2023-04-03 15:00,211965.0
206.0,215.51,226.53,202.3,164941.0,3522533376.0,2023,4,4,15,0,2023-04-04 15:00,164941.0
212.0,208.0,230.98,203.03,156628.0,3419824128.0,2023,4,6,15,0,2023-04-06 15:00,156628.0
209.45,225.5,225.62,207.0,127969.0,2781244416.0,2023,4,7,15,0,2023-04-07 15:00,127969.0
225.5,207.59,225.51,200.01,185013.0,3901645824.0,2023,4,10,15,0,2023-04-10 15:00,185013.0
205.67,201.5,213.6,187.51,184134.0,3699557376.0,2023,4,11,15,0,2023-04-11 15:00,184134.0
193.0,206.0,213.68,192.0,152078.0,3095007488.0,2023,4,12,15,0,2023-04-12 15:00,152078.0
201.02,188.0,207.55,185.9,171340.0,3324682752.0,2023,4,13,15,0,2023-04-13 15:00,171340.0
190.01,195.0,197.71,183.89,138347.0,2669359616.0,2023,4,14,15,0,2023-04-14 15:00,138347.0
191.39,196.8,199.19,187.0,124863.0,2421080064.0,2023,4,17,15,0,2023-04-17 15:00,124863.0
194.0,195.78,201.33,185.55,126960.0,2463428608.0,2023,4,18,15,0,2023-04-18 15:00,126960.0
204.5,221.8,223.28,204.5,215733.0,4651853312.0,2023,4,19,15,0,2023-04-19 15:00,215733.0
230.06,266.16,266.16,230.06,199642.0,4944562176.0,2023,4,20,15,0,2023-04-20 15:00,199642.0
271.4,248.0,271.47,243.0,189460.0,4796532736.0,2023,4,21,15,0,2023-04-21 15:00,189460.0
246.0,243.0,248.0,228.88,163471.0,3903562496.0,2023,4,24,15,0,2023-04-24 15:00,163471.0
242.0,248.0,264.88,237.16,174116.0,4366926848.0,2023,4,25,15,0,2023-04-25 15:00,174116.0
250.0,238.0,255.8,225.8,144464.0,3455224832.0,2023,4,26,15,0,2023-04-26 15:00,144464.0
235.01,230.75,246.0,217.78,138135.0,3175623168.0,2023,4,27,15,0,2023-04-27 15:00,138135.0
228.1,249.5,252.5,225.8,146085.0,3537412608.0,2023,4,28,15,0,2023-04-28 15:00,146085.0
244.5,232.8,245.48,224.04,117485.0,2751240448.0,2023,5,4,15,0,2023-05-04 15:00,117485.0
228.88,207.98,240.5,200.73,196300.0,4256183552.0,2023,5,5,15,0,2023-05-05 15:00,196300.0
203.0,208.39,215.01,199.0,108366.0,2259884032.0,2023,5,8,15,0,2023-05-08 15:00,108366.0
208.16,211.4,218.3,204.11,112522.0,2408664576.0,2023,5,9,15,0,2023-05-09 15:00,112522.0
206.03,199.08,212.93,191.41,138080.0,2759834624.0,2023,5,10,15,0,2023-05-10 15:00,138080.0
201.62,196.02,205.6,196.0,82152.0,1636411136.0,2023,5,11,15,0,2023-05-11 15:00,82152.0
195.97,196.0,204.5,192.11,75027.0,1489746432.0,2023,5,12,15,0,2023-05-12 15:00,75027.0
200.0,188.45,201.58,177.0,177145.0,3293823488.0,2023,5,15,15,0,2023-05-15 15:00,177145.0
191.08,184.51,193.0,183.33,102618.0,1929752064.0,2023,5,16,15,0,2023-05-16 15:00,102618.0
184.0,187.54,192.66,183.82,80121.0,1509135872.0,2023,5,17,15,0,2023-05-17 15:00,80121.0
192.22,196.81,204.5,188.0,163933.0,3230820608.0,2023,5,18,15,0,2023-05-18 15:00,163933.0
205.9,195.3,213.8,193.92,138467.0,2838526208.0,2023,5,19,15,0,2023-05-19 15:00,138467.0
189.14,188.65,201.89,186.0,94895.0,1826715904.0,2023,5,22,15,0,2023-05-22 15:00,94895.0
187.84,184.11,190.98,183.36,82686.0,1541882752.0,2023,5,23,15,0,2023-05-23 15:00,82686.0
183.92,182.0,188.55,175.05,104854.0,1900145792.0,2023,5,24,15,0,2023-05-24 15:00,104854.0
195.0,194.5,203.0,184.17,160828.0,3099925760.0,2023,5,25,15,0,2023-05-25 15:00,160828.0
194.0,224.0,233.4,193.03,193492.0,4155578880.0,2023,5,26,15,0,2023-05-26 15:00,193492.0
225.99,219.6,232.58,218.4,150876.0,3388178688.0,2023,5,29,15,0,2023-05-29 15:00,150876.0
218.08,234.8,239.8,214.11,121654.0,2757265152.0,2023,5,30,15,0,2023-05-30 15:00,121654.0
233.45,254.19,254.19,227.0,145701.0,3460211712.0,2023,5,31,15,0,2023-05-31 15:00,145701.0
248.0,237.01,259.24,237.0,121859.0,3007753216.0,2023,6,1,15,0,2023-06-01 15:00,121859.0
241.0,228.7,244.58,224.84,118295.0,2732752128.0,2023,6,2,15,0,2023-06-02 15:00,118295.0
227.7,230.32,235.24,225.0,89765.0,2066278400.0,2023,6,5,15,0,2023-06-05 15:00,89765.0
227.0,223.25,232.18,219.0,91595.0,2059426432.0,2023,6,6,15,0,2023-06-06 15:00,91595.0
221.09,221.2,226.53,217.12,71106.0,1572973440.0,2023,6,7,15,0,2023-06-07 15:00,71106.0
218.0,221.01,223.65,213.01,71395.0,1562324224.0,2023,6,8,15,0,2023-06-08 15:00,71395.0
221.01,226.78,228.65,209.0,142428.0,3102521856.0,2023,6,9,15,0,2023-06-09 15:00,142428.0
224.56,220.21,234.56,219.0,113730.0,2574783744.0,2023,6,12,15,0,2023-06-12 15:00,113730.0
219.48,232.9,235.99,213.1,127299.0,2884886528.0,2023,6,13,15,0,2023-06-13 15:00,127299.0
229.6,224.8,231.88,218.86,122667.0,2747666944.0,2023,6,14,15,0,2023-06-14 15:00,122667.0
227.5,211.0,230.89,211.0,120101.0,2626054912.0,2023,6,15,15,0,2023-06-15 15:00,120101.0
206.9,222.85,222.88,202.63,136474.0,2923130368.0,2023,6,16,15,0,2023-06-16 15:00,136474.0
227.0,239.1,242.68,224.01,169707.0,3991358464.0,2023,6,19,15,0,2023-06-19 15:00,169707.0
244.0,267.0,269.5,231.1,204306.0,5061736448.0,2023,6,20,15,0,2023-06-20 15:00,204306.0
256.69,230.98,257.0,230.0,152779.0,3726921472.0,2023,6,21,15,0,2023-06-21 15:00,152779.0
221.0,202.5,224.54,200.24,151023.0,3169393920.0,2023,6,26,15,0,2023-06-26 15:00,151023.0
198.0,196.69,202.65,195.0,79540.0,1575126144.0,2023,6,27,15,0,2023-06-27 15:00,79540.0
209.99,202.95,215.0,198.5,162204.0,3352777728.0,2023,6,28,15,0,2023-06-28 15:00,162204.0
202.0,193.0,204.77,183.3,144866.0,2784893184.0,2023,6,29,15,0,2023-06-29 15:00,144866.0
189.94,188.0,193.0,183.02,109527.0,2049782272.0,2023,6,30,15,0,2023-06-30 15:00,109527.0
187.02,192.54,199.0,181.0,114307.0,2160024832.0,2023,7,3,15,0,2023-07-03 15:00,114307.0
190.0,202.41,205.2,187.28,118368.0,2349023744.0,2023,7,4,15,0,2023-07-04 15:00,118368.0
199.49,200.8,206.74,196.51,74936.0,1511239808.0,2023,7,5,15,0,2023-07-05 15:00,74936.0
198.22,206.82,217.8,198.22,109094.0,2293471488.0,2023,7,6,15,0,2023-07-06 15:00,109094.0
206.82,195.43,209.6,187.87,93416.0,1833783040.0,2023,7,7,15,0,2023-07-07 15:00,93416.0
195.43,196.96,205.0,194.11,67465.0,1343084160.0,2023,7,10,15,0,2023-07-10 15:00,67465.0
197.62,210.3,218.0,195.35,115003.0,2411368704.0,2023,7,11,15,0,2023-07-11 15:00,115003.0
212.01,196.29,214.5,195.59,93959.0,1917407616.0,2023,7,12,15,0,2023-07-12 15:00,93959.0
199.9,200.1,204.48,192.18,96861.0,1924027776.0,2023,7,13,15,0,2023-07-13 15:00,96861.0
205.1,206.01,213.6,201.91,98343.0,2040119936.0,2023,7,14,15,0,2023-07-14 15:00,98343.0
199.0,200.2,210.55,193.86,80898.0,1623913216.0,2023,7,17,15,0,2023-07-17 15:00,80898.0
196.95,185.0,198.93,183.01,126504.0,2388990208.0,2023,7,18,15,0,2023-07-18 15:00,126504.0
185.0,182.37,189.99,182.3,66188.0,1230412416.0,2023,7,19,15,0,2023-07-19 15:00,66188.0
184.0,176.0,184.0,175.33,86671.0,1552013568.0,2023,7,20,15,0,2023-07-20 15:00,86671.0
172.76,170.9,176.13,167.26,98576.0,1686290432.0,2023,7,21,15,0,2023-07-21 15:00,98576.0
167.5,167.16,175.0,166.51,87741.0,1490250112.0,2023,7,24,15,0,2023-07-24 15:00,87741.0
169.0,167.0,172.25,164.0,90631.0,1520900480.0,2023,7,25,15,0,2023-07-25 15:00,90631.0
171.42,169.42,175.75,167.0,104380.0,1787902848.0,2023,7,26,15,0,2023-07-26 15:00,104380.0
167.0,165.14,168.51,163.41,64579.0,1069843584.0,2023,7,27,15,0,2023-07-27 15:00,64579.0
162.0,160.8,163.35,157.5,93064.0,1493469440.0,2023,7,28,15,0,2023-07-28 15:00,93064.0
159.54,164.01,166.99,156.41,77526.0,1270279552.0,2023,7,31,15,0,2023-07-31 15:00,77526.0
164.02,164.77,166.49,159.0,67097.0,1094123520.0,2023,8,1,15,0,2023-08-01 15:00,67097.0
164.0,166.9,169.58,163.01,69177.0,1151269888.0,2023,8,2,15,0,2023-08-02 15:00,69177.0
163.5,168.21,171.26,161.6,67918.0,1141072256.0,2023,8,3,15,0,2023-08-03 15:00,67918.0
168.22,172.86,173.57,166.9,76789.0,1313793536.0,2023,8,4,15,0,2023-08-04 15:00,76789.0
173.47,169.75,177.62,168.97,67721.0,1168427392.0,2023,8,7,15,0,2023-08-07 15:00,67721.0
169.54,169.15,172.33,168.4,40972.0,697075584.0,2023,8,8,15,0,2023-08-08 15:00,40972.0
167.39,165.12,169.8,165.12,47906.0,797950272.0,2023,8,9,15,0,2023-08-09 15:00,47906.0
164.44,164.0,166.39,163.02,34501.0,567667712.0,2023,8,10,15,0,2023-08-10 15:00,34501.0
164.8,158.0,166.0,158.0,46343.0,749031040.0,2023,8,11,15,0,2023-08-11 15:00,46343.0
156.86,159.4,159.59,154.9,54589.0,858071552.0,2023,8,14,15,0,2023-08-14 15:00,54589.0
161.52,158.57,164.74,158.25,41583.0,669112832.0,2023,8,15,15,0,2023-08-15 15:00,41583.0
157.01,152.8,158.5,152.3,49949.0,771610240.0,2023,8,16,15,0,2023-08-16 15:00,49949.0
151.95,156.94,161.3,151.55,66839.0,1055626944.0,2023,8,17,15,0,2023-08-17 15:00,66839.0
159.75,151.4,162.0,151.4,49650.0,768025216.0,2023,8,18,15,0,2023-08-18 15:00,49650.0
149.22,151.4,156.36,149.22,39794.0,609719104.0,2023,8,21,15,0,2023-08-21 15:00,39794.0
155.8,157.61,158.5,151.17,54283.0,840207872.0,2023,8,22,15,0,2023-08-22 15:00,54283.0
155.82,150.14,156.0,149.01,48611.0,732871360.0,2023,8,23,15,0,2023-08-23 15:00,48611.0
153.88,150.3,156.49,150.0,53143.0,813653952.0,2023,8,24,15,0,2023-08-24 15:00,53143.0
145.77,140.52,146.3,139.23,76153.0,1080616320.0,2023,8,25,15,0,2023-08-25 15:00,76153.0
154.0,145.1,154.0,142.91,69128.0,1011498816.0,2023,8,28,15,0,2023-08-28 15:00,69128.0
145.31,145.96,149.2,142.0,79729.0,1160084096.0,2023,8,29,15,0,2023-08-29 15:00,79729.0
148.0,159.86,162.0,147.99,138046.0,2156188160.0,2023,8,30,15,0,2023-08-30 15:00,138046.0
154.0,158.8,163.19,152.7,116574.0,1832641408.0,2023,8,31,15,0,2023-08-31 15:00,116574.0
159.5,148.83,160.5,145.0,104652.0,1581215488.0,2023,9,1,15,0,2023-09-01 15:00,104652.0
148.73,148.88,148.88,143.0,72064.0,1052481984.0,2023,9,4,15,0,2023-09-04 15:00,72064.0
150.9,144.5,153.0,143.43,87145.0,1291178240.0,2023,9,5,15,0,2023-09-05 15:00,87145.0
142.84,152.95,153.74,141.0,114442.0,1697748096.0,2023,9,6,15,0,2023-09-06 15:00,114442.0
148.98,138.88,148.98,138.51,116776.0,1669119872.0,2023,9,7,15,0,2023-09-07 15:00,116776.0
137.39,140.48,142.38,137.39,79199.0,1114374528.0,2023,9,8,15,0,2023-09-08 15:00,79199.0
140.25,141.09,144.99,137.81,82869.0,1169730176.0,2023,9,11,15,0,2023-09-11 15:00,82869.0
140.8,142.2,144.55,139.58,65506.0,931325440.0,2023,9,12,15,0,2023-09-12 15:00,65506.0
141.8,136.38,141.8,134.1,72490.0,991747904.0,2023,9,13,15,0,2023-09-13 15:00,72490.0
135.79,133.58,136.9,133.33,43091.0,580164544.0,2023,9,14,15,0,2023-09-14 15:00,43091.0
134.3,133.97,134.4,130.0,70883.0,936754496.0,2023,9,15,15,0,2023-09-15 15:00,70883.0
131.48,129.2,133.75,128.32,63448.0,828088000.0,2023,9,18,15,0,2023-09-18 15:00,63448.0
129.0,126.79,129.78,126.3,52930.0,674976704.0,2023,9,19,15,0,2023-09-19 15:00,52930.0
126.78,123.3,128.36,123.0,63860.0,798629952.0,2023,9,20,15,0,2023-09-20 15:00,63860.0
122.27,123.8,127.5,122.0,64719.0,810500480.0,2023,9,21,15,0,2023-09-21 15:00,64719.0
124.67,130.49,132.5,123.01,99387.0,1283800320.0,2023,9,22,15,0,2023-09-22 15:00,99387.0
129.69,126.13,131.69,125.73,66401.0,851611520.0,2023,9,25,15,0,2023-09-25 15:00,66401.0
127.84,130.42,134.45,126.21,94125.0,1235699456.0,2023,9,26,15,0,2023-09-26 15:00,94125.0
128.13,126.8,130.58,126.34,74434.0,952625536.0,2023,9,27,15,0,2023-09-27 15:00,74434.0
127.05,123.95,130.41,123.19,70010.0,880353728.0,2023,9,28,15,0,2023-09-28 15:00,70010.0
123.26,126.03,132.27,121.95,79263.0,1007613056.0,2023,10,9,15,0,2023-10-09 15:00,79263.0
126.0,123.62,127.8,122.92,53651.0,670751104.0,2023,10,10,15,0,2023-10-10 15:00,53651.0
123.99,127.0,131.5,123.28,92370.0,1178113280.0,2023,10,11,15,0,2023-10-11 15:00,92370.0
126.74,123.9,129.5,122.59,61692.0,769872512.0,2023,10,12,15,0,2023-10-12 15:00,61692.0
122.04,121.04,124.43,119.0,82642.0,1001244608.0,2023,10,13,15,0,2023-10-13 15:00,82642.0
120.0,117.05,120.77,115.9,78689.0,927443712.0,2023,10,16,15,0,2023-10-16 15:00,78689.0
118.0,115.47,118.68,114.75,59246.0,686742144.0,2023,10,17,15,0,2023-10-17 15:00,59246.0
125.98,120.2,131.0,119.23,171374.0,2137531520.0,2023,10,18,15,0,2023-10-18 15:00,171374.0
119.0,144.24,144.24,119.0,209581.0,2888313344.0,2023,10,19,15,0,2023-10-19 15:00,209581.0
144.0,135.55,147.0,131.58,243677.0,3343333632.0,2023,10,20,15,0,2023-10-20 15:00,243677.0
134.07,108.44,136.52,108.44,243066.0,2877265152.0,2023,10,23,15,0,2023-10-23 15:00,243066.0
107.1,108.66,113.0,104.44,169787.0,1844404096.0,2023,10,24,15,0,2023-10-24 15:00,169787.0
111.02,112.68,121.0,111.02,170675.0,1977777280.0,2023,10,25,15,0,2023-10-25 15:00,170675.0
112.12,111.26,118.0,108.33,127282.0,1428067584.0,2023,10,26,15,0,2023-10-26 15:00,127282.0
110.07,109.16,112.96,107.91,102966.0,1131982080.0,2023,10,27,15,0,2023-10-27 15:00,102966.0
109.22,109.68,110.69,106.88,102072.0,1111752064.0,2023,10,30,15,0,2023-10-30 15:00,102072.0
109.41,107.23,109.76,106.1,72738.0,780631936.0,2023,10,31,15,0,2023-10-31 15:00,72738.0
106.88,108.0,112.87,105.5,128417.0,1398508672.0,2023,11,1,15,0,2023-11-01 15:00,128417.0
110.0,104.75,110.76,104.62,82548.0,882502400.0,2023,11,2,15,0,2023-11-02 15:00,82548.0
104.79,109.03,109.98,104.62,106156.0,1146162176.0,2023,11,3,15,0,2023-11-03 15:00,106156.0
110.9,116.77,117.76,110.84,150221.0,1733261824.0,2023,11,6,15,0,2023-11-06 15:00,150221.0
116.39,122.82,126.49,115.5,147472.0,1799866496.0,2023,11,7,15,0,2023-11-07 15:00,147472.0
127.25,134.99,143.65,125.5,211197.0,2820234240.0,2023,11,8,15,0,2023-11-08 15:00,211197.0
132.04,132.52,144.44,132.04,163858.0,2250511616.0,2023,11,9,15,0,2023-11-09 15:00,163858.0
129.79,136.99,139.21,129.0,160863.0,2172587520.0,2023,11,10,15,0,2023-11-10 15:00,160863.0
139.01,135.19,139.63,132.6,132062.0,1783504896.0,2023,11,13,15,0,2023-11-13 15:00,132062.0
134.48,153.02,155.4,132.3,209151.0,3002181888.0,2023,11,14,15,0,2023-11-14 15:00,209151.0
150.0,151.5,163.5,147.62,231228.0,3556855296.0,2023,11,15,15,0,2023-11-15 15:00,231228.0
150.01,151.95,157.6,148.01,153810.0,2349840384.0,2023,11,16,15,0,2023-11-16 15:00,153810.0
152.6,153.7,154.33,145.09,143012.0,2145862144.0,2023,11,17,15,0,2023-11-17 15:00,143012.0
153.7,165.43,169.8,152.0,189709.0,3038259712.0,2023,11,20,15,0,2023-11-20 15:00,189709.0
163.21,155.0,167.5,155.0,129255.0,2069587456.0,2023,11,21,15,0,2023-11-21 15:00,129255.0
156.01,152.78,157.89,148.6,125801.0,1921661440.0,2023,11,22,15,0,2023-11-22 15:00,125801.0
151.93,152.03,153.23,145.38,86217.0,1291457664.0,2023,11,23,15,0,2023-11-23 15:00,86217.0
151.01,142.08,151.05,140.7,122031.0,1764740864.0,2023,11,24,15,0,2023-11-24 15:00,122031.0
139.51,144.01,146.55,139.0,103941.0,1489674368.0,2023,11,27,15,0,2023-11-27 15:00,103941.0
144.0,144.1,146.99,142.41,76526.0,1105728640.0,2023,11,28,15,0,2023-11-28 15:00,76526.0
143.03,142.8,146.97,142.4,70903.0,1024742592.0,2023,11,29,15,0,2023-11-29 15:00,70903.0
141.66,149.81,149.97,141.2,114339.0,1679681792.0,2023,11,30,15,0,2023-11-30 15:00,114339.0
149.0,155.0,156.32,147.0,123367.0,1882313472.0,2023,12,1,15,0,2023-12-01 15:00,123367.0
160.99,157.82,166.0,157.7,134826.0,2192673024.0,2023,12,4,15,0,2023-12-04 15:00,134826.0
157.82,153.0,163.5,152.93,105065.0,1655895552.0,2023,12,5,15,0,2023-12-05 15:00,105065.0
152.0,157.51,160.5,148.94,119643.0,1835139840.0,2023,12,6,15,0,2023-12-06 15:00,119643.0
155.86,157.69,161.66,153.83,117868.0,1864571648.0,2023,12,7,15,0,2023-12-07 15:00,117868.0
159.98,169.42,172.58,159.35,192010.0,3183505408.0,2023,12,8,15,0,2023-12-08 15:00,192010.0
165.01,169.99,172.33,163.88,109867.0,1849240576.0,2023,12,11,15,0,2023-12-11 15:00,109867.0
168.0,154.0,168.22,153.18,160191.0,2555590400.0,2023,12,12,15,0,2023-12-12 15:00,160191.0
153.16,148.28,156.5,147.58,110993.0,1674220032.0,2023,12,13,15,0,2023-12-13 15:00,110993.0
149.4,148.85,154.4,148.0,93933.0,1417600000.0,2023,12,14,15,0,2023-12-14 15:00,93933.0
149.5,144.8,150.5,142.7,71478.0,1040001920.0,2023,12,15,15,0,2023-12-15 15:00,71478.0
143.5,145.45,147.85,142.05,58769.0,854951168.0,2023,12,18,15,0,2023-12-18 15:00,58769.0
143.66,148.78,151.44,143.15,66609.0,982017728.0,2023,12,19,15,0,2023-12-19 15:00,66609.0
149.5,142.89,150.88,142.68,53984.0,785704000.0,2023,12,20,15,0,2023-12-20 15:00,53984.0
142.0,146.2,149.86,139.86,69980.0,1011548416.0,2023,12,21,15,0,2023-12-21 15:00,69980.0
146.2,147.0,151.2,144.01,73948.0,1090205824.0,2023,12,22,15,0,2023-12-22 15:00,73948.0
144.95,136.2,147.25,121.0,111384.0,1493921792.0,2023,12,25,15,0,2023-12-25 15:00,111384.0
134.2,132.5,136.94,130.15,72438.0,962743168.0,2023,12,26,15,0,2023-12-26 15:00,72438.0
134.44,131.51,134.96,131.49,47795.0,635522176.0,2023,12,27,15,0,2023-12-27 15:00,47795.0
133.0,132.11,135.67,130.95,65802.0,875027456.0,2023,12,28,15,0,2023-12-28 15:00,65802.0
132.11,134.96,136.5,131.0,70684.0,948223488.0,2023,12,29,15,0,2023-12-29 15:00,70684.0
136.0,134.9,138.5,130.5,64398.0,869851072.0,2024,1,2,15,0,2024-01-02 15:00,64398.0
134.0,127.96,134.6,126.92,82251.0,1064202688.0,2024,1,3,15,0,2024-01-03 15:00,82251.0
127.46,127.6,128.8,123.75,57127.0,721731264.0,2024,1,4,15,0,2024-01-04 15:00,57127.0
127.89,125.1,128.72,123.8,44137.0,554913408.0,2024,1,5,15,0,2024-01-05 15:00,44137.0
124.5,122.09,125.1,119.78,57196.0,696710720.0,2024,1,8,15,0,2024-01-08 15:00,57196.0
123.08,119.02,124.0,117.55,73944.0,883799936.0,2024,1,9,15,0,2024-01-09 15:00,73944.0
117.87,118.45,121.72,115.08,63114.0,745686080.0,2024,1,10,15,0,2024-01-10 15:00,63114.0
118.4,120.39,121.99,118.0,54507.0,656163776.0,2024,1,11,15,0,2024-01-11 15:00,54507.0
120.0,117.15,122.8,117.0,49922.0,594204992.0,2024,1,12,15,0,2024-01-12 15:00,49922.0
118.0,120.8,124.9,117.1,86061.0,1046114880.0,2024,1,15,15,0,2024-01-15 15:00,86061.0
119.5,122.76,124.59,119.5,85385.0,1042660800.0,2024,1,16,15,0,2024-01-16 15:00,85385.0
123.58,123.92,127.8,123.18,98153.0,1228977536.0,2024,1,17,15,0,2024-01-17 15:00,98153.0
121.0,131.5,131.5,118.51,106137.0,1333899008.0,2024,1,18,15,0,2024-01-18 15:00,106137.0
131.9,131.68,133.54,128.3,77436.0,1014911872.0,2024,1,19,15,0,2024-01-19 15:00,77436.0
135.63,129.0,136.29,126.57,90472.0,1193443200.0,2024,1,22,15,0,2024-01-22 15:00,90472.0
127.0,134.72,136.5,124.15,93271.0,1225326336.0,2024,1,23,15,0,2024-01-23 15:00,93271.0
133.3,131.6,134.67,126.33,82017.0,1071366144.0,2024,1,24,15,0,2024-01-24 15:00,82017.0
132.05,132.81,134.48,127.4,72342.0,946868544.0,2024,1,25,15,0,2024-01-25 15:00,72342.0
131.0,126.49,132.5,126.49,62572.0,810154368.0,2024,1,26,15,0,2024-01-26 15:00,62572.0
126.33,127.2,134.98,126.33,87421.0,1137235968.0,2024,1,29,15,0,2024-01-29 15:00,87421.0
125.0,116.9,125.0,116.51,75189.0,899504576.0,2024,1,30,15,0,2024-01-30 15:00,75189.0
116.0,110.0,117.5,109.88,70748.0,800654976.0,2024,1,31,15,0,2024-01-31 15:00,70748.0
109.99,116.49,122.18,108.85,90950.0,1053767936.0,2024,2,1,15,0,2024-02-01 15:00,90950.0
117.48,108.49,117.98,104.1,91139.0,1007055232.0,2024,2,2,15,0,2024-02-02 15:00,91139.0
108.82,103.03,109.88,95.85,110853.0,1153043840.0,2024,2,5,15,0,2024-02-05 15:00,110853.0
103.09,111.2,111.48,101.0,101018.0,1084607232.0,2024,2,6,15,0,2024-02-06 15:00,101018.0
111.53,110.88,114.68,109.18,81008.0,908218048.0,2024,2,7,15,0,2024-02-07 15:00,81008.0
113.0,115.4,117.8,111.21,77761.0,891878400.0,2024,2,8,15,0,2024-02-08 15:00,77761.0
124.2,134.03,135.6,121.3,116177.0,1476583424.0,2024,2,19,15,0,2024-02-19 15:00,116177.0
130.98,129.3,132.4,126.66,96345.0,1252236032.0,2024,2,20,15,0,2024-02-20 15:00,96345.0
125.5,127.3,130.88,124.69,82120.0,1045794496.0,2024,2,21,15,0,2024-02-21 15:00,82120.0
133.9,139.88,147.88,133.85,123752.0,1731367936.0,2024,2,22,15,0,2024-02-22 15:00,123752.0
146.0,141.83,147.53,140.0,91003.0,1303370496.0,2024,2,23,15,0,2024-02-23 15:00,91003.0
139.4,151.26,153.66,138.97,106168.0,1587048576.0,2024,2,26,15,0,2024-02-26 15:00,106168.0
148.49,168.14,172.13,146.12,131924.0,2088950400.0,2024,2,27,15,0,2024-02-27 15:00,131924.0
166.1,158.1,181.88,157.0,143263.0,2397109504.0,2024,2,28,15,0,2024-02-28 15:00,143263.0
158.18,168.66,170.77,158.15,123470.0,2046549120.0,2024,2,29,15,0,2024-02-29 15:00,123470.0
168.93,170.0,172.95,165.0,104387.0,1772559616.0,2024,3,1,15,0,2024-03-01 15:00,104387.0
175.0,177.4,179.9,169.5,106439.0,1866875648.0,2024,3,4,15,0,2024-03-04 15:00,106439.0
174.0,175.0,189.5,171.21,147754.0,2691588352.0,2024,3,5,15,0,2024-03-05 15:00,147754.0
173.9,170.25,174.84,167.76,99035.0,1695278592.0,2024,3,6,15,0,2024-03-06 15:00,99035.0
173.04,164.76,175.28,163.5,108656.0,1835545216.0,2024,3,7,15,0,2024-03-07 15:00,108656.0
167.94,171.18,171.23,165.0,97467.0,1640144640.0,2024,3,8,15,0,2024-03-08 15:00,97467.0
170.32,179.71,182.0,169.0,120910.0,2144002816.0,2024,3,11,15,0,2024-03-11 15:00,120910.0
177.02,169.82,179.2,167.64,122762.0,2116639744.0,2024,3,12,15,0,2024-03-12 15:00,122762.0
175.0,171.5,178.6,171.0,102891.0,1802128640.0,2024,3,13,15,0,2024-03-13 15:00,102891.0
166.66,172.5,174.99,166.51,94201.0,1610565248.0,2024,3,14,15,0,2024-03-14 15:00,94201.0
171.23,171.45,174.0,165.49,85655.0,1454092160.0,2024,3,15,15,0,2024-03-15 15:00,85655.0
173.58,195.03,197.66,172.03,170813.0,3182789632.0,2024,3,18,15,0,2024-03-18 15:00,170813.0
191.0,186.41,192.5,185.3,114945.0,2165963776.0,2024,3,19,15,0,2024-03-19 15:00,114945.0
186.0,185.26,191.0,182.98,83878.0,1561173632.0,2024,3,20,15,0,2024-03-20 15:00,83878.0
188.01,180.21,189.66,177.63,92828.0,1688572288.0,2024,3,21,15,0,2024-03-21 15:00,92828.0
179.3,181.31,183.22,175.99,89910.0,1618043648.0,2024,3,22,15,0,2024-03-22 15:00,89910.0
181.48,182.88,193.0,178.68,117599.0,2190853376.0,2024,3,25,15,0,2024-03-25 15:00,117599.0
181.04,172.6,186.68,170.49,97449.0,1731132544.0,2024,3,26,15,0,2024-03-26 15:00,97449.0
170.0,169.17,174.6,167.3,73345.0,1254064768.0,2024,3,27,15,0,2024-03-27 15:00,73345.0
169.17,178.66,182.88,166.38,103249.0,1817653376.0,2024,3,28,15,0,2024-03-28 15:00,103249.0
176.7,173.46,179.1,167.49,84133.0,1451858816.0,2024,3,29,15,0,2024-03-29 15:00,84133.0
177.03,174.58,178.44,169.87,72329.0,1261660544.0,2024,4,1,15,0,2024-04-01 15:00,72329.0
173.5,170.88,177.5,168.44,58831.0,1014626944.0,2024,4,2,15,0,2024-04-02 15:00,58831.0
168.2,162.1,170.6,158.5,96281.0,1567150464.0,2024,4,3,15,0,2024-04-03 15:00,96281.0
161.82,158.97,163.88,157.96,49610.0,797187328.0,2024,4,8,15,0,2024-04-08 15:00,49610.0
157.58,157.56,159.49,151.06,58437.0,904355264.0,2024,4,9,15,0,2024-04-09 15:00,58437.0
157.0,150.09,157.49,148.5,61618.0,934369536.0,2024,4,10,15,0,2024-04-10 15:00,61618.0
153.5,156.18,157.85,151.5,78710.0,1219643776.0,2024,4,11,15,0,2024-04-11 15:00,78710.0
158.98,160.2,163.28,157.5,74682.0,1201187968.0,2024,4,12,15,0,2024-04-12 15:00,74682.0
160.0,153.61,160.5,149.66,74783.0,1153187840.0,2024,4,15,15,0,2024-04-15 15:00,74783.0
151.31,144.9,152.3,144.38,76421.0,1127568640.0,2024,4,16,15,0,2024-04-16 15:00,76421.0
147.5,150.1,151.57,145.54,86210.0,1284064640.0,2024,4,17,15,0,2024-04-17 15:00,86210.0
150.0,150.1,154.5,144.43,79866.0,1197859072.0,2024,4,18,15,0,2024-04-18 15:00,79866.0
149.0,141.41,150.2,141.41,70154.0,1011215424.0,2024,4,19,15,0,2024-04-19 15:00,70154.0
132.94,138.25,141.0,130.02,65598.0,899832320.0,2024,4,22,15,0,2024-04-22 15:00,65598.0
139.15,139.24,141.0,136.5,43212.0,598643776.0,2024,4,23,15,0,2024-04-23 15:00,43212.0
140.0,153.19,154.49,138.5,97570.0,1442371584.0,2024,4,24,15,0,2024-04-24 15:00,97570.0
150.75,150.0,153.75,149.38,45272.0,683804032.0,2024,4,25,15,0,2024-04-25 15:00,45272.0
155.0,161.99,163.35,153.2,95826.0,1526362112.0,2024,4,26,15,0,2024-04-26 15:00,95826.0
163.0,171.01,177.52,163.0,112122.0,1918747776.0,2024,4,29,15,0,2024-04-29 15:00,112122.0
169.0,171.39,173.5,165.47,77287.0,1308560000.0,2024,4,30,15,0,2024-04-30 15:00,77287.0
176.0,164.72,176.65,164.01,85353.0,1434750464.0,2024,5,6,15,0,2024-05-06 15:00,85353.0
166.66,160.4,169.95,158.7,80909.0,1324252416.0,2024,5,7,15,0,2024-05-07 15:00,80909.0
159.0,160.2,163.95,156.5,54943.0,882076032.0,2024,5,8,15,0,2024-05-08 15:00,54943.0
162.02,178.11,180.21,161.0,137565.0,2360269824.0,2024,5,9,15,0,2024-05-09 15:00,137565.0
173.99,170.36,175.17,167.16,86287.0,1472557184.0,2024,5,10,15,0,2024-05-10 15:00,86287.0
167.25,166.25,172.0,164.78,53544.0,895044672.0,2024,5,13,15,0,2024-05-13 15:00,53544.0
169.0,169.96,176.25,163.62,84306.0,1437561344.0,2024,5,14,15,0,2024-05-14 15:00,84306.0
167.03,174.05,176.94,164.87,86411.0,1484767104.0,2024,5,15,15,0,2024-05-15 15:00,86411.0
179.2,181.66,187.77,176.03,100215.0,1823625216.0,2024,5,16,15,0,2024-05-16 15:00,100215.0
177.0,190.83,195.88,176.03,98884.0,1876941184.0,2024,5,17,15,0,2024-05-17 15:00,98884.0
188.9,195.93,205.58,185.5,113331.0,2228655360.0,2024,5,20,15,0,2024-05-20 15:00,113331.0
194.32,187.0,201.32,186.32,93106.0,1776779648.0,2024,5,21,15,0,2024-05-21 15:00,93106.0
187.0,188.99,190.5,182.19,64307.0,1201753600.0,2024,5,22,15,0,2024-05-22 15:00,64307.0
190.1,183.7,193.0,181.52,65605.0,1212718848.0,2024,5,23,15,0,2024-05-23 15:00,65605.0
185.0,171.9,186.5,169.8,111361.0,1971492352.0,2024,5,24,15,0,2024-05-24 15:00,111361.0
170.0,175.99,177.6,165.98,98148.0,1687678080.0,2024,5,27,15,0,2024-05-27 15:00,98148.0
174.51,172.25,183.0,172.0,80917.0,1428303232.0,2024,5,28,15,0,2024-05-28 15:00,80917.0
174.3,172.0,178.64,170.11,57706.0,1005904384.0,2024,5,29,15,0,2024-05-29 15:00,57706.0
170.33,172.53,175.0,168.64,52393.0,903688768.0,2024,5,30,15,0,2024-05-30 15:00,52393.0
173.0,174.79,180.9,170.94,71074.0,1254837760.0,2024,5,31,15,0,2024-05-31 15:00,71074.0
172.55,180.99,182.57,172.5,74978.0,1342741888.0,2024,6,3,15,0,2024-06-03 15:00,74978.0
178.85,179.57,182.55,176.08,47565.0,849754240.0,2024,6,4,15,0,2024-06-04 15:00,47565.0
179.01,180.1,186.0,178.5,57908.0,1054113408.0,2024,6,5,15,0,2024-06-05 15:00,57908.0
185.0,173.37,185.88,172.5,86660.0,1558513920.0,2024,6,6,15,0,2024-06-06 15:00,86660.0
174.93,181.0,182.06,171.6,82879.0,1461753600.0,2024,6,7,15,0,2024-06-07 15:00,82879.0
183.0,190.41,190.5,181.01,99547.0,1848778880.0,2024,6,11,15,0,2024-06-11 15:00,99547.0
190.42,189.8,192.29,188.02,53384.0,1014931392.0,2024,6,12,15,0,2024-06-12 15:00,53384.0
193.0,195.53,202.99,191.69,94777.0,1877335936.0,2024,6,13,15,0,2024-06-13 15:00,94777.0
194.0,200.01,200.5,191.25,82143.0,1617779456.0,2024,6,14,15,0,2024-06-14 15:00,82143.0
198.0,210.99,213.8,196.96,106218.0,2211612928.0,2024,6,17,15,0,2024-06-17 15:00,106218.0
210.96,209.1,218.0,205.2,85658.0,1803085184.0,2024,6,18,15,0,2024-06-18 15:00,85658.0
208.61,217.31,222.0,208.61,97450.0,2099253888.0,2024,6,19,15,0,2024-06-19 15:00,97450.0
217.35,214.74,222.2,212.55,79963.0,1733521792.0,2024,6,20,15,0,2024-06-20 15:00,79963.0
210.88,215.29,217.5,205.7,65981.0,1396022784.0,2024,6,21,15,0,2024-06-21 15:00,65981.0
214.8,206.31,216.66,204.02,82881.0,1737535872.0,2024,6,24,15,0,2024-06-24 15:00,82881.0
205.03,197.2,205.3,196.0,90498.0,1799750272.0,2024,6,25,15,0,2024-06-25 15:00,90498.0
200.85,202.97,204.73,194.01,80040.0,1601299456.0,2024,6,26,15,0,2024-06-26 15:00,80040.0
198.5,198.61,205.01,197.67,52476.0,1051639616.0,2024,6,27,15,0,2024-06-27 15:00,52476.0
198.0,198.67,204.25,196.1,73577.0,1471104128.0,2024,6,28,15,0,2024-06-28 15:00,73577.0
199.5,204.84,205.5,197.0,63093.0,1271717376.0,2024,7,1,15,0,2024-07-01 15:00,63093.0
204.0,197.0,204.7,195.57,66554.0,1325374720.0,2024,7,2,15,0,2024-07-02 15:00,66554.0
196.17,195.5,198.0,187.55,69735.0,1343316352.0,2024,7,3,15,0,2024-07-03 15:00,69735.0
196.85,193.46,198.78,193.0,39364.0,768920960.0,2024,7,4,15,0,2024-07-04 15:00,39364.0
192.52,192.8,197.0,187.5,53112.0,1019879424.0,2024,7,5,15,0,2024-07-05 15:00,53112.0
191.5,192.5,195.88,189.05,42329.0,819395520.0,2024,7,8,15,0,2024-07-08 15:00,42329.0
191.5,207.34,208.7,191.2,80163.0,1622167808.0,2024,7,9,15,0,2024-07-09 15:00,80163.0
206.0,211.14,211.88,206.0,57776.0,1211964416.0,2024,7,10,15,0,2024-07-10 15:00,57776.0
213.5,201.65,215.0,198.9,81692.0,1674155392.0,2024,7,11,15,0,2024-07-11 15:00,81692.0
197.0,199.4,201.6,194.11,41878.0,829793280.0,2024,7,12,15,0,2024-07-12 15:00,41878.0
199.4,208.2,211.0,198.76,64815.0,1340770944.0,2024,7,15,15,0,2024-07-15 15:00,64815.0
208.0,249.84,249.84,208.0,193074.0,4510843392.0,2024,7,16,15,0,2024-07-16 15:00,193074.0
248.0,247.94,257.55,247.06,121511.0,3062974208.0,2024,7,17,15,0,2024-07-17 15:00,121511.0
244.0,254.0,257.47,228.51,152522.0,3712619264.0,2024,7,18,15,0,2024-07-18 15:00,152522.0
248.89,268.4,278.59,246.01,154850.0,4094585600.0,2024,7,19,15,0,2024-07-19 15:00,154850.0
268.0,265.22,272.88,260.5,103570.0,2759444224.0,2024,7,22,15,0,2024-07-22 15:00,103570.0
263.0,248.46,266.23,247.18,121888.0,3099222528.0,2024,7,23,15,0,2024-07-23 15:00,121888.0
249.0,261.25,271.0,249.0,131135.0,3428381184.0,2024,7,24,15,0,2024-07-24 15:00,131135.0
260.59,255.8,265.0,251.77,86363.0,2219649536.0,2024,7,25,15,0,2024-07-25 15:00,86363.0
256.3,250.73,257.0,247.11,81412.0,2048184192.0,2024,7,26,15,0,2024-07-26 15:00,81412.0
251.02,246.52,253.4,236.69,79193.0,1943887616.0,2024,7,29,15,0,2024-07-29 15:00,79193.0
246.53,244.4,252.74,243.0,70363.0,1739502208.0,2024,7,30,15,0,2024-07-30 15:00,70363.0
240.05,264.06,268.48,240.05,108589.0,2804759552.0,2024,7,31,15,0,2024-07-31 15:00,108589.0
268.0,258.0,271.99,256.75,89383.0,2360243200.0,2024,8,1,15,0,2024-08-01 15:00,89383.0
250.88,245.1,260.49,242.88,98285.0,2446560768.0,2024,8,2,15,0,2024-08-02 15:00,98285.0
236.98,229.69,246.5,227.63,119363.0,2807448320.0,2024,8,5,15,0,2024-08-05 15:00,119363.0
238.03,233.46,240.0,228.3,68355.0,1592301696.0,2024,8,6,15,0,2024-08-06 15:00,68355.0
232.98,229.5,236.99,223.8,69089.0,1596991488.0,2024,8,7,15,0,2024-08-07 15:00,69089.0
225.3,229.54,235.25,221.45,67953.0,1557819392.0,2024,8,8,15,0,2024-08-08 15:00,67953.0
235.02,246.96,250.0,231.68,111547.0,2706175488.0,2024,8,9,15,0,2024-08-09 15:00,111547.0
243.92,241.05,248.0,238.11,56340.0,1368129536.0,2024,8,12,15,0,2024-08-12 15:00,56340.0
241.98,240.7,246.15,233.67,54296.0,1300711296.0,2024,8,13,15,0,2024-08-13 15:00,54296.0
242.0,241.68,252.4,241.0,66341.0,1630482688.0,2024,8,14,15,0,2024-08-14 15:00,66341.0
239.1,241.32,246.89,239.0,47682.0,1158491520.0,2024,8,15,15,0,2024-08-15 15:00,47682.0
244.18,244.6,251.0,241.0,62725.0,1548297728.0,2024,8,16,15,0,2024-08-16 15:00,62725.0
245.4,255.0,258.0,245.4,65806.0,1667890048.0,2024,8,19,15,0,2024-08-19 15:00,65806.0
256.11,247.98,257.58,246.58,53224.0,1339860992.0,2024,8,20,15,0,2024-08-20 15:00,53224.0
246.88,263.84,269.69,245.0,82926.0,2146072064.0,2024,8,21,15,0,2024-08-21 15:00,82926.0
263.0,260.69,267.95,258.76,52000.0,1367354368.0,2024,8,22,15,0,2024-08-22 15:00,52000.0
258.11,253.02,260.66,247.8,64072.0,1619350656.0,2024,8,23,15,0,2024-08-23 15:00,64072.0
252.0,247.22,254.22,243.4,49504.0,1228548608.0,2024,8,26,15,0,2024-08-26 15:00,49504.0
245.1,244.1,246.0,239.88,37044.0,901860800.0,2024,8,27,15,0,2024-08-27 15:00,37044.0
244.0,240.2,248.39,236.2,46409.0,1114605952.0,2024,8,28,15,0,2024-08-28 15:00,46409.0
232.0,240.29,242.88,232.0,45386.0,1080614784.0,2024,8,29,15,0,2024-08-29 15:00,45386.0
240.0,256.69,262.76,235.29,84683.0,2137905920.0,2024,8,30,15,0,2024-08-30 15:00,84683.0
265.68,252.14,267.93,252.09,80100.0,2079665280.0,2024,9,2,15,0,2024-09-02 15:00,80100.0
252.0,240.7,256.22,240.1,74196.0,1817951488.0,2024,9,3,15,0,2024-09-03 15:00,74196.0
235.0,239.14,241.2,232.68,56391.0,1333444736.0,2024,9,4,15,0,2024-09-04 15:00,56391.0
239.16,206.9,242.08,205.26,146302.0,3212494336.0,2024,9,5,15,0,2024-09-05 15:00,146302.0
211.0,215.18,219.66,210.0,106176.0,2287211776.0,2024,9,6,15,0,2024-09-06 15:00,106176.0
214.99,210.71,216.78,203.88,84616.0,1777137408.0,2024,9,9,15,0,2024-09-09 15:00,84616.0
210.71,213.68,218.12,206.97,66279.0,1411502976.0,2024,9,10,15,0,2024-09-10 15:00,66279.0
213.0,215.66,217.29,211.0,43096.0,923740032.0,2024,9,11,15,0,2024-09-11 15:00,43096.0
219.98,214.49,220.99,214.0,41143.0,891201856.0,2024,9,12,15,0,2024-09-12 15:00,41143.0
216.55,220.5,225.3,213.76,67555.0,1493104000.0,2024,9,13,15,0,2024-09-13 15:00,67555.0
218.0,210.01,221.55,206.88,61560.0,1311600256.0,2024,9,18,15,0,2024-09-18 15:00,61560.0
210.8,209.5,212.0,205.05,50239.0,1049604928.0,2024,9,19,15,0,2024-09-19 15:00,50239.0
209.5,208.87,214.88,207.0,40616.0,853971200.0,2024,9,20,15,0,2024-09-20 15:00,40616.0
211.52,212.61,220.5,210.0,61298.0,1322572928.0,2024,9,23,15,0,2024-09-23 15:00,61298.0
213.33,221.8,227.39,210.5,82120.0,1796282496.0,2024,9,24,15,0,2024-09-24 15:00,82120.0
226.24,222.01,233.58,221.79,78413.0,1783599488.0,2024,9,25,15,0,2024-09-25 15:00,78413.0
221.88,224.0,224.0,215.5,76306.0,1675712896.0,2024,9,26,15,0,2024-09-26 15:00,76306.0
223.0,240.97,245.0,217.42,78793.0,1796877696.0,2024,9,27,15,0,2024-09-27 15:00,78793.0
256.0,289.16,289.16,243.98,166304.0,4490414080.0,2024,9,30,15,0,2024-09-30 15:00,166304.0
346.99,346.99,346.99,325.0,131335.0,4531494912.0,2024,10,8,15,0,2024-10-08 15:00,131335.0
349.0,371.5,415.0,302.32,296763.0,10898439168.0,2024,10,9,15,0,2024-10-09 15:00,296763.0
372.0,347.2,380.0,310.0,176812.0,6261551104.0,2024,10,10,15,0,2024-10-10 15:00,176812.0
336.5,333.0,362.0,332.0,131082.0,4540002816.0,2024,10,11,15,0,2024-10-11 15:00,131082.0
336.11,374.1,374.88,336.11,136936.0,4834791424.0,2024,10,14,15,0,2024-10-14 15:00,136936.0
368.0,355.55,378.5,355.55,111422.0,4055340288.0,2024,10,15,15,0,2024-10-15 15:00,111422.0
342.0,342.19,354.51,338.0,72914.0,2515727872.0,2024,10,16,15,0,2024-10-16 15:00,72914.0
356.2,358.09,374.9,353.47,102695.0,3732763648.0,2024,10,17,15,0,2024-10-17 15:00,102695.0
360.0,429.71,429.71,357.02,148970.0,5904655872.0,2024,10,18,15,0,2024-10-18 15:00,148970.0
454.0,444.0,503.33,419.51,228873.0,10394615808.0,2024,10,21,15,0,2024-10-21 15:00,228873.0
430.01,421.0,444.04,415.69,153579.0,6604328960.0,2024,10,22,15,0,2024-10-22 15:00,153579.0
414.0,419.0,429.84,405.67,126428.0,5277811712.0,2024,10,23,15,0,2024-10-23 15:00,126428.0
406.0,425.2,433.0,406.0,103688.0,4361931776.0,2024,10,24,15,0,2024-10-24 15:00,103688.0
428.0,421.89,444.5,412.7,102146.0,4344517120.0,2024,10,25,15,0,2024-10-25 15:00,102146.0
425.01,434.7,437.6,417.62,90450.0,3876068352.0,2024,10,28,15,0,2024-10-28 15:00,90450.0
431.0,434.01,475.39,430.79,113629.0,5078813184.0,2024,10,29,15,0,2024-10-29 15:00,113629.0
425.0,445.25,452.93,421.0,102107.0,4463581696.0,2024,10,30,15,0,2024-10-30 15:00,102107.0
476.0,453.6,482.56,451.0,130425.0,6100934144.0,2024,10,31,15,0,2024-10-31 15:00,130425.0
446.0,411.01,461.8,410.99,135253.0,5841907712.0,2024,11,1,15,0,2024-11-01 15:00,135253.0
408.88,410.94,416.9,402.79,83833.0,3429092352.0,2024,11,4,15,0,2024-11-04 15:00,83833.0
406.94,437.86,449.0,406.11,117851.0,5121353728.0,2024,11,5,15,0,2024-11-05 15:00,117851.0
441.0,456.0,470.39,439.22,113296.0,5178228224.0,2024,11,6,15,0,2024-11-06 15:00,113296.0
451.44,476.0,488.0,445.01,113919.0,5288087552.0,2024,11,7,15,0,2024-11-07 15:00,113919.0
488.01,431.0,493.03,420.0,214538.0,9713510400.0,2024,11,8,15,0,2024-11-08 15:00,214538.0
420.01,430.51,448.0,415.5,153608.0,6635052544.0,2024,11,11,15,0,2024-11-11 15:00,153608.0
425.0,422.99,444.12,411.01,113930.0,4862060544.0,2024,11,12,15,0,2024-11-12 15:00,113930.0
423.35,474.0,490.88,415.0,165600.0,7414351360.0,2024,11,13,15,0,2024-11-13 15:00,165600.0
469.26,469.0,494.88,465.01,104447.0,5005409280.0,2024,11,14,15,0,2024-11-14 15:00,104447.0
474.9,453.68,483.0,450.0,93978.0,4391638016.0,2024,11,15,15,0,2024-11-15 15:00,93978.0
450.0,448.66,476.36,440.58,82476.0,3753337088.0,2024,11,18,15,0,2024-11-18 15:00,82476.0
450.0,461.0,465.0,425.0,97371.0,4325527040.0,2024,11,19,15,0,2024-11-19 15:00,97371.0
456.0,475.0,479.65,449.01,93300.0,4328962048.0,2024,11,20,15,0,2024-11-20 15:00,93300.0
474.99,514.32,525.0,470.64,120663.0,6058022912.0,2024,11,21,15,0,2024-11-21 15:00,120663.0
510.0,492.0,521.54,490.01,87027.0,4373599232.0,2024,11,22,15,0,2024-11-22 15:00,87027.0
499.87,489.0,503.58,469.0,90342.0,4337897984.0,2024,11,25,15,0,2024-11-25 15:00,90342.0
484.0,485.9,494.9,476.8,45453.0,2209649152.0,2024,11,26,15,0,2024-11-26 15:00,45453.0
482.0,534.55,535.0,480.0,99320.0,5088377856.0,2024,11,27,15,0,2024-11-27 15:00,99320.0
530.0,546.03,588.7,527.01,109374.0,6079438336.0,2024,11,28,15,0,2024-11-28 15:00,109374.0
542.0,561.0,590.0,540.38,92890.0,5219224064.0,2024,11,29,15,0,2024-11-29 15:00,92890.0
561.0,562.0,584.53,535.69,89897.0,5030553088.0,2024,12,2,15,0,2024-12-02 15:00,89897.0
556.0,569.99,589.96,553.33,79159.0,4545547264.0,2024,12,3,15,0,2024-12-03 15:00,79159.0
584.78,552.6,591.0,540.0,89017.0,4996846592.0,2024,12,4,15,0,2024-12-04 15:00,89017.0
550.0,570.12,572.86,545.5,56747.0,3172809984.0,2024,12,5,15,0,2024-12-05 15:00,56747.0
570.1,553.6,576.0,548.0,62322.0,3482705664.0,2024,12,6,15,0,2024-12-06 15:00,62322.0
549.0,539.0,556.9,515.14,85026.0,4537703936.0,2024,12,9,15,0,2024-12-09 15:00,85026.0
558.0,538.43,564.9,526.66,91157.0,4950728192.0,2024,12,10,15,0,2024-12-10 15:00,91157.0
530.94,544.8,552.79,521.28,65464.0,3517091328.0,2024,12,11,15,0,2024-12-11 15:00,65464.0
550.0,576.99,576.99,544.2,85553.0,4823535616.0,2024,12,12,15,0,2024-12-12 15:00,85553.0
572.44,568.0,599.99,558.2,113672.0,6576691200.0,2024,12,13,15,0,2024-12-13 15:00,113672.0
574.0,575.25,594.0,560.0,74639.0,4316876800.0,2024,12,16,15,0,2024-12-16 15:00,74639.0
566.78,570.0,590.0,560.0,57588.0,3311232768.0,2024,12,17,15,0,2024-12-17 15:00,57588.0
567.89,617.55,618.18,560.28,87745.0,5179522048.0,2024,12,18,15,0,2024-12-18 15:00,87745.0
606.0,636.02,654.99,596.2,86171.0,5379397120.0,2024,12,19,15,0,2024-12-19 15:00,86171.0
634.97,675.95,676.77,631.0,93109.0,6121082368.0,2024,12,20,15,0,2024-12-20 15:00,93109.0
675.95,648.75,700.0,635.0,103804.0,6888866304.0,2024,12,23,15,0,2024-12-23 15:00,103804.0
655.5,659.3,662.0,620.06,73829.0,4784588800.0,2024,12,24,15,0,2024-12-24 15:00,73829.0
651.0,662.1,666.6,634.03,61318.0,3995053312.0,2024,12,25,15,0,2024-12-25 15:00,61318.0
659.0,651.24,661.0,640.98,64816.0,4219457536.0,2024,12,26,15,0,2024-12-26 15:00,64816.0
649.75,652.1,668.2,648.0,63010.0,4151232768.0,2024,12,27,15,0,2024-12-27 15:00,63010.0
655.01,683.5,695.88,649.0,77958.0,5269180416.0,2024,12,30,15,0,2024-12-30 15:00,77958.0
684.0,658.0,688.0,658.0,70210.0,4694180352.0,2024,12,31,15,0,2024-12-31 15:00,70210.0
653.01,645.62,665.0,630.0,79753.0,5128937984.0,2025,1,2,15,0,2025-01-02 15:00,79753.0
639.89,621.0,644.99,616.16,66152.0,4164652800.0,2025,1,3,15,0,2025-01-03 15:00,66152.0
625.74,649.48,650.0,613.8,71421.0,4525444608.0,2025,1,6,15,0,2025-01-06 15:00,71421.0
640.49,718.0,718.0,637.0,87304.0,5905819136.0,2025,1,7,15,0,2025-01-07 15:00,87304.0
701.0,726.0,735.0,698.6,81694.0,5825786880.0,2025,1,8,15,0,2025-01-08 15:00,81694.0
725.0,712.29,731.97,706.15,53823.0,3868372992.0,2025,1,9,15,0,2025-01-09 15:00,53823.0
720.0,729.97,777.77,720.0,94380.0,7034599936.0,2025,1,10,15,0,2025-01-10 15:00,94380.0
707.0,719.0,721.05,667.42,93076.0,6466985472.0,2025,1,13,15,0,2025-01-13 15:00,93076.0
716.0,694.01,717.0,679.19,88292.0,6136445440.0,2025,1,14,15,0,2025-01-14 15:00,88292.0
671.0,695.96,718.0,662.1,93774.0,6463773184.0,2025,1,15,15,0,2025-01-15 15:00,93774.0
688.0,594.0,695.0,580.0,194292.0,12218741760.0,2025,1,16,15,0,2025-01-16 15:00,194292.0
577.0,592.0,605.87,570.0,123963.0,7282221056.0,2025,1,17,15,0,2025-01-17 15:00,123963.0
591.0,618.22,632.83,582.2,117012.0,7132068352.0,2025,1,20,15,0,2025-01-20 15:00,117012.0
618.23,625.0,633.99,609.0,85152.0,5291827200.0,2025,1,21,15,0,2025-01-21 15:00,85152.0
612.01,641.12,649.97,612.01,83751.0,5353629696.0,2025,1,22,15,0,2025-01-22 15:00,83751.0
650.0,621.0,657.06,620.25,67035.0,4271994112.0,2025,1,23,15,0,2025-01-23 15:00,67035.0
627.58,612.98,638.0,607.3,68935.0,4282386944.0,2025,1,24,15,0,2025-01-24 15:00,68935.0
582.01,572.0,595.94,551.68,118693.0,6809918464.0,2025,1,27,15,0,2025-01-27 15:00,118693.0
593.0,576.0,605.0,560.03,124508.0,7347174912.0,2025,2,5,15,0,2025-02-05 15:00,124508.0
576.0,563.99,588.95,560.0,104178.0,5951746048.0,2025,2,6,15,0,2025-02-06 15:00,104178.0
562.0,598.89,610.0,562.0,126454.0,7504342528.0,2025,2,7,15,0,2025-02-07 15:00,126454.0
609.99,651.96,655.89,601.99,117636.0,7416175616.0,2025,2,10,15,0,2025-02-10 15:00,117636.0
652.0,667.83,696.5,641.01,91482.0,6086292992.0,2025,2,11,15,0,2025-02-11 15:00,91482.0
665.5,656.0,675.98,647.81,71007.0,4674492928.0,2025,2,12,15,0,2025-02-12 15:00,71007.0
660.0,638.0,672.23,631.99,70129.0,4600340480.0,2025,2,13,15,0,2025-02-13 15:00,70129.0
636.01,625.95,655.0,606.0,99378.0,6194892800.0,2025,2,14,15,0,2025-02-14 15:00,99378.0
639.9,660.82,661.0,630.0,92499.0,6011369472.0,2025,2,17,15,0,2025-02-17 15:00,92499.0
660.82,628.1,660.88,626.0,70365.0,4491054592.0,2025,2,18,15,0,2025-02-18 15:00,70365.0
628.49,625.51,635.88,614.0,62386.0,3893878016.0,2025,2,19,15,0,2025-02-19 15:00,62386.0
630.0,618.51,636.9,609.99,61104.0,3788676096.0,2025,2,20,15,0,2025-02-20 15:00,61104.0
645.0,742.21,742.21,630.0,165326.0,11299483648.0,2025,2,21,15,0,2025-02-21 15:00,165326.0
744.0,780.36,795.8,738.16,127579.0,9825926144.0,2025,2,24,15,0,2025-02-24 15:00,127579.0
780.0,790.38,818.87,751.5,109380.0,8579508736.0,2025,2,25,15,0,2025-02-25 15:00,109380.0
781.13,795.0,813.0,762.93,74064.0,5859100672.0,2025,2,26,15,0,2025-02-26 15:00,74064.0
788.07,796.0,805.98,767.0,80935.0,6375685120.0,2025,2,27,15,0,2025-02-27 15:00,80935.0
780.0,735.44,796.0,725.0,121120.0,9101646848.0,2025,2,28,15,0,2025-02-28 15:00,121120.0
720.0,693.07,735.44,685.6,111983.0,7869313024.0,2025,3,3,15,0,2025-03-03 15:00,111983.0
690.0,685.56,704.97,658.0,94162.0,6425763840.0,2025,3,4,15,0,2025-03-04 15:00,94162.0
688.0,711.4,718.68,688.0,79818.0,5646797824.0,2025,3,5,15,0,2025-03-05 15:00,79818.0
730.0,775.0,777.76,730.0,102199.0,7795445248.0,2025,3,6,15,0,2025-03-06 15:00,102199.0
765.01,750.0,773.0,747.0,57840.0,4387785728.0,2025,3,7,15,0,2025-03-07 15:00,57840.0
750.0,779.0,789.99,735.16,75949.0,5799739392.0,2025,3,10,15,0,2025-03-10 15:00,75949.0
755.01,792.0,798.89,746.0,66573.0,5132347904.0,2025,3,11,15,0,2025-03-11 15:00,66573.0
791.88,774.0,817.94,774.0,63515.0,5048943616.0,2025,3,12,15,0,2025-03-12 15:00,63515.0
780.3,741.99,787.99,738.96,62545.0,4749108224.0,2025,3,13,15,0,2025-03-13 15:00,62545.0
746.0,758.0,777.99,746.0,68132.0,5170917376.0,2025,3,14,15,0,2025-03-14 15:00,68132.0
754.89,751.7,755.88,727.27,47309.0,3513671680.0,2025,3,17,15,0,2025-03-17 15:00,47309.0
749.0,750.0,760.0,738.5,38602.0,2892885760.0,2025,3,18,15,0,2025-03-18 15:00,38602.0
742.23,703.9,748.8,700.0,85116.0,6120351744.0,2025,3,19,15,0,2025-03-19 15:00,85116.0
700.0,703.63,712.0,693.97,43170.0,3042227968.0,2025,3,20,15,0,2025-03-20 15:00,43170.0
710.19,685.05,710.19,661.36,96456.0,6546979328.0,2025,3,21,15,0,2025-03-21 15:00,96456.0
679.0,684.18,695.3,671.5,48012.0,3279822080.0,2025,3,24,15,0,2025-03-24 15:00,48012.0
686.0,642.35,686.01,635.4,70421.0,4590157824.0,2025,3,25,15,0,2025-03-25 15:00,70421.0
642.35,643.0,653.0,640.0,40823.0,2639326464.0,2025,3,26,15,0,2025-03-26 15:00,40823.0
645.88,638.25,664.89,636.4,60878.0,3950878464.0,2025,3,27,15,0,2025-03-27 15:00,60878.0
635.0,627.0,641.63,624.01,43476.0,2740476160.0,2025,3,28,15,0,2025-03-28 15:00,43476.0
625.59,623.0,634.66,611.0,53185.0,3301846528.0,2025,3,31,15,0,2025-03-31 15:00,53185.0
634.19,632.94,647.95,629.05,57397.0,3655499520.0,2025,4,1,15,0,2025-04-01 15:00,57397.0
632.0,629.35,645.0,626.0,34049.0,2158505472.0,2025,4,2,15,0,2025-04-02 15:00,34049.0
619.0,638.0,645.0,619.0,60384.0,3854330112.0,2025,4,3,15,0,2025-04-03 15:00,60384.0
599.97,565.16,615.0,532.29,123786.0,7160071680.0,2025,4,7,15,0,2025-04-07 15:00,123786.0
575.0,565.96,586.25,555.59,81973.0,4692949504.0,2025,4,8,15,0,2025-04-08 15:00,81973.0
555.04,615.69,632.0,550.0,116748.0,7042986496.0,2025,4,9,15,0,2025-04-09 15:00,116748.0
630.0,602.89,630.0,595.0,94433.0,5718532096.0,2025,4,10,15,0,2025-04-10 15:00,94433.0
605.0,614.98,632.8,593.0,87724.0,5366853120.0,2025,4,11,15,0,2025-04-11 15:00,87724.0
615.4,637.7,657.56,605.0,87962.0,5542328320.0,2025,4,14,15,0,2025-04-14 15:00,87962.0
630.5,619.88,634.84,614.5,52950.0,3303581440.0,2025,4,15,15,0,2025-04-15 15:00,52950.0
660.0,646.0,666.99,635.01,90203.0,5842501120.0,2025,4,16,15,0,2025-04-16 15:00,90203.0
645.0,677.0,686.28,640.05,72673.0,4865875456.0,2025,4,17,15,0,2025-04-17 15:00,72673.0
670.0,669.54,677.31,663.1,41687.0,2788430592.0,2025,4,18,15,0,2025-04-18 15:00,41687.0
691.0,695.0,726.43,686.01,83389.0,5874523648.0,2025,4,21,15,0,2025-04-21 15:00,83389.0
693.85,694.98,712.0,683.0,52172.0,3631341568.0,2025,4,22,15,0,2025-04-22 15:00,52172.0
686.27,685.21,693.58,671.88,55291.0,3776308224.0,2025,4,23,15,0,2025-04-23 15:00,55291.0
685.21,691.96,694.88,679.0,43575.0,2994192384.0,2025,4,24,15,0,2025-04-24 15:00,43575.0
686.97,689.96,704.1,675.0,46061.0,3179592704.0,2025,4,25,15,0,2025-04-25 15:00,46061.0
689.66,710.8,720.0,681.58,56427.0,3990661120.0,2025,4,28,15,0,2025-04-28 15:00,56427.0
708.0,705.0,710.93,698.16,29993.0,2113383296.0,2025,4,29,15,0,2025-04-29 15:00,29993.0
703.04,703.6,720.8,701.0,38794.0,2752633856.0,2025,4,30,15,0,2025-04-30 15:00,38794.0
700.0,707.22,712.0,683.0,55923.0,3906746112.0,2025,5,6,15,0,2025-05-06 15:00,55923.0
724.14,721.03,741.92,712.99,63510.0,4615104000.0,2025,5,7,15,0,2025-05-07 15:00,63510.0
710.0,703.23,719.78,701.0,42571.0,3009953536.0,2025,5,8,15,0,2025-05-08 15:00,42571.0
700.17,700.0,704.98,691.6,30069.0,2101663232.0,2025,5,9,15,0,2025-05-09 15:00,30069.0
696.86,675.4,701.33,675.0,62768.0,4291521792.0,2025,5,12,15,0,2025-05-12 15:00,62768.0
678.33,678.29,689.44,676.31,36023.0,2457040128.0,2025,5,13,15,0,2025-05-13 15:00,36023.0
699.0,683.99,705.0,675.15,46388.0,3188759552.0,2025,5,14,15,0,2025-05-14 15:00,46388.0
681.0,677.0,685.88,670.08,34786.0,2352332800.0,2025,5,15,15,0,2025-05-15 15:00,34786.0
665.0,668.0,672.98,656.08,36060.0,2403096832.0,2025,5,16,15,0,2025-05-16 15:00,36060.0
668.11,671.94,673.88,658.0,33361.0,2225971712.0,2025,5,19,15,0,2025-05-19 15:00,33361.0
671.2,673.0,687.0,669.34,36966.0,2508632064.0,2025,5,20,15,0,2025-05-20 15:00,36966.0
672.88,666.49,676.98,664.12,24882.0,1662137088.0,2025,5,21,15,0,2025-05-21 15:00,24882.0
666.49,661.66,669.88,656.5,29695.0,1968237440.0,2025,5,22,15,0,2025-05-22 15:00,29695.0
658.3,658.6,671.91,650.0,32777.0,2167972352.0,2025,5,23,15,0,2025-05-23 15:00,32777.0
658.7,651.0,665.19,645.0,32398.0,2112861440.0,2025,5,26,15,0,2025-05-26 15:00,32398.0
648.23,614.0,652.75,614.0,65115.0,4086021120.0,2025,5,27,15,0,2025-05-27 15:00,65115.0
616.6,609.99,620.0,604.5,45488.0,2778767616.0,2025,5,28,15,0,2025-05-28 15:00,45488.0
615.0,612.9,619.0,608.0,43579.0,2675026688.0,2025,5,29,15,0,2025-05-29 15:00,43579.0
606.0,603.66,607.77,583.0,58613.0,3476241920.0,2025,5,30,15,0,2025-05-30 15:00,58613.0
599.0,595.86,606.65,595.01,35352.0,2120590464.0,2025,6,3,15,0,2025-06-03 15:00,35352.0
602.0,607.5,621.33,598.93,48951.0,2991239168.0,2025,6,4,15,0,2025-06-04 15:00,48951.0
608.0,619.86,628.99,605.07,56877.0,3516353280.0,2025,6,5,15,0,2025-06-05 15:00,56877.0
620.0,610.0,622.21,606.0,41021.0,2515114496.0,2025,6,6,15,0,2025-06-06 15:00,41021.0
608.0,613.28,615.83,598.01,40475.0,2461805824.0,2025,6,9,15,0,2025-06-09 15:00,40475.0
613.28,601.89,616.68,597.5,42970.0,2608659968.0,2025,6,10,15,0,2025-06-10 15:00,42970.0
602.0,600.2,607.9,597.48,30918.0,1862825856.0,2025,6,11,15,0,2025-06-11 15:00,30918.0
597.58,604.8,612.69,590.02,38684.0,2337517056.0,2025,6,12,15,0,2025-06-12 15:00,38684.0
595.51,604.9,607.88,592.66,40457.0,2436393728.0,2025,6,13,15,0,2025-06-13 15:00,40457.0
598.0,597.55,616.0,596.85,45666.0,2756462848.0,2025,6,16,15,0,2025-06-16 15:00,45666.0
597.0,573.3,599.59,568.28,65673.0,3789592576.0,2025,6,17,15,0,2025-06-17 15:00,65673.0
575.0,583.91,587.96,572.13,40893.0,2376487936.0,2025,6,18,15,0,2025-06-18 15:00,40893.0
582.0,582.08,592.9,580.05,33717.0,1975021952.0,2025,6,19,15,0,2025-06-19 15:00,33717.0
581.49,573.97,584.0,567.11,37192.0,2137606912.0,2025,6,20,15,0,2025-06-20 15:00,37192.0
571.61,568.0,575.03,560.67,45497.0,2578692352.0,2025,6,23,15,0,2025-06-23 15:00,45497.0
574.2,607.25,616.58,574.0,88349.0,5313919488.0,2025,6,24,15,0,2025-06-24 15:00,88349.0
608.33,611.11,618.68,596.51,93288.0,5655341056.0,2025,6,25,15,0,2025-06-25 15:00,93288.0
611.0,610.5,636.3,607.01,90138.0,5590356480.0,2025,6,26,15,0,2025-06-26 15:00,90138.0
608.0,585.5,608.68,582.78,81328.0,4807502848.0,2025,6,27,15,0,2025-06-27 15:00,81328.0
585.57,601.5,612.94,585.57,72494.0,4363268096.0,2025,6,30,15,0,2025-06-30 15:00,72494.0
598.88,563.0,598.88,560.66,104237.0,5924880896.0,2025,7,1,15,0,2025-07-01 15:00,104237.0
560.22,545.1,560.22,541.91,64098.0,3509933312.0,2025,7,2,15,0,2025-07-02 15:00,64098.0
546.0,547.3,553.6,544.0,39722.0,2173734912.0,2025,7,3,15,0,2025-07-03 15:00,39722.0
545.0,547.47,557.97,538.67,56859.0,3111587072.0,2025,7,4,15,0,2025-07-04 15:00,56859.0
544.0,541.38,553.86,541.01,33310.0,1810291968.0,2025,7,7,15,0,2025-07-07 15:00,33310.0
540.0,542.77,545.3,538.1,39527.0,2143484032.0,2025,7,8,15,0,2025-07-08 15:00,39527.0
544.0,535.0,544.78,533.5,49069.0,2643083776.0,2025,7,9,15,0,2025-07-09 15:00,49069.0
534.01,523.5,537.87,520.67,85815.0,4522151424.0,2025,7,10,15,0,2025-07-10 15:00,85815.0
523.0,553.98,559.96,523.0,116436.0,6359225344.0,2025,7,11,15,0,2025-07-11 15:00,116436.0
555.0,565.06,570.0,554.0,65114.0,3678055680.0,2025,7,14,15,0,2025-07-14 15:00,65114.0
564.0,553.1,564.0,546.76,59685.0,3309396736.0,2025,7,15,15,0,2025-07-15 15:00,59685.0
548.09,580.19,593.1,548.09,97122.0,5629778432.0,2025,7,16,15,0,2025-07-16 15:00,97122.0
575.0,582.4,584.99,559.23,79737.0,4557378560.0,2025,7,17,15,0,2025-07-17 15:00,79737.0
580.55,582.62,589.98,578.03,51156.0,2984533760.0,2025,7,18,15,0,2025-07-18 15:00,51156.0
587.0,582.0,599.57,580.08,59576.0,3509550848.0,2025,7,21,15,0,2025-07-21 15:00,59576.0
581.9,593.93,601.09,580.1,65632.0,3894927616.0,2025,7,22,15,0,2025-07-22 15:00,65632.0
593.2,595.56,603.0,586.53,54486.0,3236985088.0,2025,7,23,15,0,2025-07-23 15:00,54486.0
591.5,600.23,604.95,591.5,49166.0,2941835008.0,2025,7,24,15,0,2025-07-24 15:00,49166.0
599.53,673.3,698.01,599.53,127392.0,8133258752.0,2025,7,25,15,0,2025-07-25 15:00,127392.0
673.0,679.0,688.7,654.02,95079.0,6379660800.0,2025,7,28,15,0,2025-07-28 15:00,95079.0
676.0,710.78,718.0,673.0,114103.0,7988279296.0,2025,7,29,15,0,2025-07-29 15:00,114103.0
700.0,684.7,708.0,680.0,76531.0,5304272384.0,2025,7,30,15,0,2025-07-30 15:00,76531.0
685.0,709.5,735.0,680.01,117690.0,8333907456.0,2025,7,31,15,0,2025-07-31 15:00,117690.0
700.0,689.1,716.0,680.0,71835.0,4998267904.0,2025,8,1,15,0,2025-08-01 15:00,71835.0
687.58,689.06,699.95,675.17,57761.0,3987683072.0,2025,8,4,15,0,2025-08-04 15:00,57761.0
686.0,695.0,699.9,682.58,48788.0,3379825664.0,2025,8,5,15,0,2025-08-05 15:00,48788.0
691.86,694.34,696.39,685.0,43399.0,2997970944.0,2025,8,6,15,0,2025-08-06 15:00,43399.0
700.51,703.0,731.0,686.01,108244.0,7687346688.0,2025,8,7,15,0,2025-08-07 15:00,108244.0
691.0,692.8,702.93,670.0,65253.0,4496880640.0,2025,8,8,15,0,2025-08-08 15:00,65253.0
692.5,707.4,711.8,690.61,55594.0,3916076032.0,2025,8,11,15,0,2025-08-11 15:00,55594.0
702.5,848.88,848.88,696.06,191621.0,15126075392.0,2025,8,12,15,0,2025-08-12 15:00,191621.0
830.0,860.0,868.0,820.0,134683.0,11355310080.0,2025,8,13,15,0,2025-08-13 15:00,134683.0
865.0,949.0,985.0,865.0,150710.0,14035313664.0,2025,8,14,15,0,2025-08-14 15:00,150710.0
923.0,923.7,935.0,904.81,110398.0,10171678720.0,2025,8,15,15,0,2025-08-15 15:00,110398.0
950.28,950.0,987.99,925.46,115423.0,11085893632.0,2025,8,18,15,0,2025-08-18 15:00,115423.0
939.0,933.98,1001.1,927.92,105469.0,10074664960.0,2025,8,19,15,0,2025-08-19 15:00,105469.0
920.11,1013.0,1027.0,900.0,127059.0,12383503360.0,2025,8,20,15,0,2025-08-20 15:00,127059.0
1020.0,1036.0,1080.18,1005.57,114027.0,11930000384.0,2025,8,21,15,0,2025-08-21 15:00,114027.0
1075.0,1243.2,1243.2,1075.0,141160.0,16488719360.0,2025,8,22,15,0,2025-08-22 15:00,141160.0
1321.0,1384.93,1391.0,1266.0,187639.0,24989984768.0,2025,8,25,15,0,2025-08-25 15:00,187639.0
1310.0,1329.0,1348.0,1289.01,118132.0,15643165696.0,2025,8,26,15,0,2025-08-26 15:00,118132.0
1378.88,1372.1,1464.98,1341.02,178950.0,25003096064.0,2025,8,27,15,0,2025-08-27 15:00,178950.0
1420.0,1587.91,1595.88,1391.0,178270.0,26023907328.0,2025,8,28,15,0,2025-08-28 15:00,178270.0
1480.0,1492.49,1534.97,1420.0,178637.0,26507284480.0,2025,8,29,15,0,2025-08-29 15:00,178637.0
1460.0,1448.39,1508.6,1358.75,175381.0,25070934016.0,2025,9,1,15,0,2025-09-01 15:00,175381.0
1451.0,1480.0,1540.0,1431.0,173376.0,25731180544.0,2025,9,2,15,0,2025-09-02 15:00,173376.0
1419.0,1405.0,1439.0,1371.0,141492.0,19901151232.0,2025,9,3,15,0,2025-09-03 15:00,141492.0
1375.0,1202.0,1389.0,1182.0,221653.0,28013148160.0,2025,9,4,15,0,2025-09-04 15:00,221653.0
1220.0,1281.46,1310.15,1172.0,200038.0,24705957888.0,2025,9,5,15,0,2025-09-05 15:00,200038.0
1245.0,1212.78,1257.99,1183.0,140728.0,17136817152.0,2025,9,8,15,0,2025-09-08 15:00,140728.0
1180.01,1228.07,1267.0,1180.01,103581.0,12767435776.0,2025,9,9,15,0,2025-09-09 15:00,103581.0
1268.0,1273.0,1325.0,1236.78,138585.0,17662160896.0,2025,9,10,15,0,2025-09-10 15:00,138585.0
1295.0,1387.0,1436.47,1276.0,190932.0,25996861440.0,2025,9,11,15,0,2025-09-11 15:00,190932.0
1387.0,1488.0,1522.22,1372.0,197411.0,28695031808.0,2025,9,12,15,0,2025-09-12 15:00,197411.0
1505.0,1440.0,1529.4,1411.1,114491.0,16564077568.0,2025,9,15,15,0,2025-09-15 15:00,114491.0
1468.0,1440.1,1528.0,1428.53,136802.0,20074698752.0,2025,9,16,15,0,2025-09-16 15:00,136802.0
1413.3,1442.0,1470.02,1372.25,98617.0,14146955264.0,2025,9,17,15,0,2025-09-17 15:00,98617.0
1508.0,1420.99,1518.0,1381.11,171994.0,25149759488.0,2025,9,18,15,0,2025-09-18 15:00,171994.0
1392.0,1349.24,1420.0,1342.0,126552.0,17405923328.0,2025,9,19,15,0,2025-09-19 15:00,126552.0
1327.99,1398.0,1429.9,1301.0,134359.0,18462164992.0,2025,9,22,15,0,2025-09-22 15:00,134359.0
1400.0,1350.38,1425.0,1313.33,128180.0,17429936128.0,2025,9,23,15,0,2025-09-23 15:00,128180.0
1330.0,1374.0,1400.0,1330.0,100897.0,13721389056.0,2025,9,24,15,0,2025-09-24 15:00,100897.0
1369.39,1386.69,1414.99,1350.0,90301.0,12516091904.0,2025,9,25,15,0,2025-09-25 15:00,90301.0
1365.0,1339.0,1390.0,1334.0,75520.0,10227301376.0,2025,9,26,15,0,2025-09-26 15:00,75520.0
1320.0,1323.5,1338.98,1271.0,90298.0,11815948288.0,2025,9,29,15,0,2025-09-29 15:00,90298.0
1388.0,1325.0,1399.0,1318.23,86539.0,11699849216.0,2025,9,30,15,0,2025-09-30 15:00,86539.0
1360.5,1332.79,1405.93,1332.0,118338.0,16137619456.0,2025,10,9,15,0,2025-10-09 15:00,118338.0
1302.0,1247.08,1304.31,1240.99,108213.0,13767649280.0,2025,10,10,15,0,2025-10-10 15:00,108213.0
1210.0,1262.11,1278.0,1210.0,87752.0,11019556864.0,2025,10,13,15,0,2025-10-13 15:00,87752.0
1271.99,1196.0,1271.99,1190.0,105876.0,12861254656.0,2025,10,14,15,0,2025-10-14 15:00,105876.0
1208.0,1242.0,1246.98,1190.0,70806.0,8637499392.0,2025,10,15,15,0,2025-10-15 15:00,70806.0
1260.0,1274.0,1307.96,1260.0,96667.0,12409421824.0,2025,10,16,15,0,2025-10-16 15:00,96667.0
1254.95,1247.68,1289.28,1218.23,84813.0,10607162368.0,2025,10,17,15,0,2025-10-17 15:00,84813.0
1273.11,1281.12,1333.96,1241.5,128071.0,16518765568.0,2025,10,20,15,0,2025-10-20 15:00,128071.0
1281.12,1368.96,1378.0,1245.0,146125.0,19240519680.0,2025,10,21,15,0,2025-10-21 15:00,146125.0
1341.0,1429.5,1468.0,1339.0,141335.0,19814512640.0,2025,10,22,15,0,2025-10-22 15:00,141335.0
1409.0,1398.9,1417.0,1365.0,79242.0,11008098304.0,2025,10,23,15,0,2025-10-23 15:00,79242.0
1425.0,1525.0,1548.0,1404.0,159565.0,23402506240.0,2025,10,24,15,0,2025-10-24 15:00,159565.0
1560.0,1530.68,1560.01,1493.0,122356.0,18757216256.0,2025,10,27,15,0,2025-10-27 15:00,122356.0
1505.0,1478.58,1533.79,1457.0,104310.0,15591303168.0,2025,10,28,15,0,2025-10-28 15:00,104310.0
1460.0,1461.0,1530.88,1433.0,101228.0,14915634176.0,2025,10,29,15,0,2025-10-29 15:00,101228.0
1440.0,1422.0,1499.96,1400.01,117364.0,16889723904.0,2025,10,30,15,0,2025-10-30 15:00,117364.0
1407.96,1375.0,1414.0,1375.0,85167.0,11831070720.0,2025,10,31,15,0,2025-10-31 15:00,85167.0
1335.0,1346.6,1360.66,1335.0,63788.0,8590649344.0,2025,11,3,15,0,2025-11-03 15:00,63788.0
1370.0,1339.6,1390.85,1326.0,71501.0,9736393728.0,2025,11,4,15,0,2025-11-04 15:00,71501.0
1295.0,1348.0,1365.0,1291.11,67698.0,9005686784.0,2025,11,5,15,0,2025-11-05 15:00,67698.0
1386.0,1480.0,1480.88,1371.23,134785.0,19250016256.0,2025,11,6,15,0,2025-11-06 15:00,134785.0
1455.55,1432.5,1468.88,1430.08,66444.0,9618929664.0,2025,11,7,15,0,2025-11-07 15:00,66444.0
1430.03,1391.5,1450.0,1337.01,89348.0,12282433536.0,2025,11,10,15,0,2025-11-10 15:00,89348.0
1398.0,1330.0,1403.0,1299.11,90176.0,12109374464.0,2025,11,11,15,0,2025-11-11 15:00,90176.0
1312.0,1365.78,1375.0,1308.0,67212.0,9031583744.0,2025,11,12,15,0,2025-11-12 15:00,67212.0
1352.0,1384.9,1387.0,1329.0,61507.0,8363426304.0,2025,11,13,15,0,2025-11-13 15:00,61507.0
1350.0,1325.01,1365.13,1324.3,62737.0,8403397120.0,2025,11,14,15,0,2025-11-14 15:00,62737.0
1316.95,1303.1,1342.01,1283.38,67492.0,8840817664.0,2025,11,17,15,0,2025-11-17 15:00,67492.0
1305.95,1326.7,1344.44,1290.99,60034.0,7979099648.0,2025,11,18,15,0,2025-11-18 15:00,60034.0
1320.0,1332.0,1350.0,1320.0,42413.0,5664290304.0,2025,11,19,15,0,2025-11-19 15:00,42413.0
1361.01,1322.3,1365.58,1320.0,38874.0,5185546240.0,2025,11,20,15,0,2025-11-20 15:00,38874.0
1290.3,1249.0,1298.0,1240.01,72573.0,9176505344.0,2025,11,21,15,0,2025-11-21 15:00,72573.0
1252.88,1261.98,1275.58,1218.0,59214.0,7394380800.0,2025,11,24,15,0,2025-11-24 15:00,59214.0
1268.0,1260.0,1285.35,1244.0,58771.0,7414400512.0,2025,11,25,15,0,2025-11-25 15:00,58771.0
1245.0,1314.66,1340.16,1234.01,91472.0,11889049600.0,2025,11,26,15,0,2025-11-26 15:00,91472.0
1360.0,1317.36,1388.2,1313.0,89364.0,12117075968.0,2025,11,27,15,0,2025-11-27 15:00,89364.0
1310.0,1331.0,1347.0,1291.0,58546.0,7708418560.0,2025,11,28,15,0,2025-11-28 15:00,58546.0
1327.94,1362.44,1382.0,1292.2,73684.0,9888481280.0,2025,12,1,15,0,2025-12-01 15:00,73684.0
1370.0,1328.73,1377.0,1322.44,46406.0,6242939904.0,2025,12,2,15,0,2025-12-02 15:00,46406.0
1333.0,1332.3,1360.0,1320.1,44919.0,6005556736.0,2025,12,3,15,0,2025-12-03 15:00,44919.0
1321.21,1369.0,1369.3,1292.5,70527.0,9414091776.0,2025,12,4,15,0,2025-12-04 15:00,70527.0
1339.5,1355.0,1396.32,1322.0,88022.0,11982010368.0,2025,12,5,15,0,2025-12-05 15:00,88022.0
1335.0,1417.8,1441.8,1333.02,98744.0,13837959168.0,2025,12,8,15,0,2025-12-08 15:00,98744.0
1375.0,1436.0,1457.57,1368.0,90594.0,12892589056.0,2025,12,9,15,0,2025-12-09 15:00,90594.0
1436.0,1420.88,1451.69,1371.0,62966.0,8864635904.0,2025,12,10,15,0,2025-12-10 15:00,62966.0
1410.0,1382.02,1417.0,1376.0,62072.0,8619204608.0,2025,12,11,15,0,2025-12-11 15:00,62072.0
1382.02,1344.0,1408.0,1329.8,91731.0,12503100416.0,2025,12,12,15,0,2025-12-12 15:00,91731.0
1316.01,1331.9,1377.79,1316.01,64108.0,8667825152.0,2025,12,15,15,0,2025-12-15 15:00,64108.0
1319.1,1273.92,1332.0,1262.69,73946.0,9503366144.0,2025,12,16,15,0,2025-12-16 15:00,73946.0
1270.11,1315.6,1320.0,1263.5,63136.0,8165521920.0,2025,12,17,15,0,2025-12-17 15:00,63136.0
1300.0,1287.0,1309.77,1280.02,38865.0,5022391296.0,2025,12,18,15,0,2025-12-18 15:00,38865.0
1300.0,1268.0,1301.0,1264.0,43265.0,5527000576.0,2025,12,19,15,0,2025-12-19 15:00,43265.0
1275.01,1284.77,1297.65,1258.0,64766.0,8285582336.0,2025,12,22,15,0,2025-12-22 15:00,64766.0
1278.2,1336.02,1350.0,1275.1,91435.0,12143932416.0,2025,12,23,15,0,2025-12-23 15:00,91435.0
1335.0,1326.2,1345.0,1300.99,59286.0,7830827520.0,2025,12,24,15,0,2025-12-24 15:00,59286.0
1315.0,1319.41,1333.99,1310.0,40510.0,5343991296.0,2025,12,25,15,0,2025-12-25 15:00,40510.0
1302.0,1303.89,1334.15,1290.1,47847.0,6276085760.0,2025,12,26,15,0,2025-12-26 15:00,47847.0
1309.97,1358.5,1398.0,1308.0,98352.0,13413872640.0,2025,12,29,15,0,2025-12-29 15:00,98352.0
1358.88,1415.8,1439.0,1358.88,91353.0,12869406720.0,2025,12,30,15,0,2025-12-30 15:00,91353.0
1426.0,1355.55,1432.0,1348.16,70267.0,9747441664.0,2025,12,31,15,0,2025-12-31 15:00,70267.0
1375.0,1390.0,1403.48,1346.78,65515.0,9038942208.0,2026,1,5,15,0,2026-01-05 15:00,65515.0
1380.0,1383.1,1430.0,1363.06,69600.0,9668802560.0,2026,1,6,15,0,2026-01-06 15:00,69600.0
1370.0,1394.88,1399.93,1356.88,68366.0,9416480768.0,2026,1,7,15,0,2026-01-07 15:00,68366.0
1409.0,1444.0,1486.0,1401.0,149220.0,21582860288.0,2026,1,8,15,0,2026-01-08 15:00,149220.0
1419.99,1491.0,1512.0,1391.0,102204.0,14899518464.0,2026,1,9,15,0,2026-01-09 15:00,102204.0
1534.44,1509.99,1550.0,1463.0,94844.0,14379497472.0,2026,1,12,15,0,2026-01-12 15:00,94844.0
1485.0,1408.09,1520.0,1399.99,100029.0,14468557824.0,2026,1,13,15,0,2026-01-13 15:00,100029.0
1420.0,1439.12,1449.98,1388.09,89478.0,12769174528.0,2026,1,14,15,0,2026-01-14 15:00,89478.0
1421.0,1415.0,1444.0,1392.45,57838.0,8160415744.0,2026,1,15,15,0,2026-01-15 15:00,57838.0
1420.0,1424.05,1445.0,1408.03,72255.0,10308465664.0,2026,1,16,15,0,2026-01-16 15:00,72255.0
1422.0,1419.66,1458.58,1408.0,69119.0,9918273536.0,2026,1,19,15,0,2026-01-19 15:00,69119.0
1417.0,1343.04,1425.0,1331.02,87374.0,11952220160.0,2026,1,20,15,0,2026-01-20 15:00,87374.0
1335.35,1353.87,1388.0,1334.92,75750.0,10345072640.0,2026,1,21,15,0,2026-01-21 15:00,75750.0
1344.0,1353.0,1368.0,1333.0,59350.0,8030782464.0,2026,1,22,15,0,2026-01-22 15:00,59350.0
1337.0,1334.99,1353.0,1320.0,63511.0,8480917504.0,2026,1,23,15,0,2026-01-23 15:00,63511.0
1325.0,1300.0,1329.92,1296.0,67870.0,8871288832.0,2026,1,26,15,0,2026-01-26 15:00,67870.0
1300.0,1300.89,1317.88,1276.55,63383.0,8235075072.0,2026,1,27,15,0,2026-01-27 15:00,63383.0
1309.88,1282.78,1310.0,1279.0,69812.0,9013148672.0,2026,1,28,15,0,2026-01-28 15:00,69812.0
1282.12,1252.01,1292.12,1250.01,71581.0,9051850752.0,2026,1,29,15,0,2026-01-29 15:00,71581.0
1252.0,1258.89,1277.87,1240.1,63495.0,8018392064.0,2026,1,30,15,0,2026-01-30 15:00,63495.0
1249.0,1242.0,1273.6,1233.0,66690.0,8357731328.0,2026,2,2,15,0,2026-02-02 15:00,66690.0
1255.0,1128.0,1257.78,1063.0,226144.0,25622515712.0,2026,2,3,15,0,2026-02-03 15:00,226144.0
1100.0,1068.0,1108.6,1063.97,117351.0,12657885184.0,2026,2,4,15,0,2026-02-04 15:00,117351.0
1050.01,1058.33,1072.98,1037.04,79421.0,8357563904.0,2026,2,5,15,0,2026-02-05 15:00,79421.0
1042.55,1036.99,1062.68,1015.56,79813.0,8272185344.0,2026,2,6,15,0,2026-02-06 15:00,79813.0
1060.0,1086.8,1105.94,1056.0,96536.0,10462459904.0,2026,2,9,15,0,2026-02-09 15:00,96536.0
1105.0,1100.9,1148.0,1091.58,96601.0,10796370944.0,2026,2,10,15,0,2026-02-10 15:00,96601.0
1088.88,1078.9,1103.0,1073.0,55273.0,5983827968.0,2026,2,11,15,0,2026-02-11 15:00,55273.0
1079.98,1112.5,1120.0,1061.33,86857.0,9502363648.0,2026,2,12,15,0,2026-02-12 15:00,86857.0
1100.0,1120.68,1143.0,1093.11,70569.0,7918250496.0,2026,2,13,15,0,2026-02-13 15:00,70569.0
1136.26,1071.55,1142.0,1070.2,81877.0,8894584832.0,2026,2,24,15,0,2026-02-24 15:00,81877.0
1079.99,1082.65,1109.0,1074.0,57606.0,6266293248.0,2026,2,25,15,0,2026-02-25 15:00,57606.0
1095.15,1168.8,1188.88,1068.74,140838.0,16034677760.0,2026,2,26,15,0,2026-02-26 15:00,140838.0
1145.02,1178.0,1212.12,1141.33,121511.0,14322224128.0,2026,2,27,15,0,2026-02-27 15:00,121511.0
1150.0,1191.9,1208.55,1143.06,88219.0,10389211136.0,2026,3,2,15,0,2026-03-02 15:00,88219.0
1197.0,1133.05,1198.88,1129.99,75371.0,8732618752.0,2026,3,3,15,0,2026-03-03 15:00,75371.0
1122.0,1117.08,1158.01,1110.0,58986.0,6656512000.0,2026,3,4,15,0,2026-03-04 15:00,58986.0
1148.68,1168.0,1196.02,1122.02,85399.0,9922297856.0,2026,3,5,15,0,2026-03-05 15:00,85399.0
1160.0,1154.88,1173.34,1148.06,45234.0,5238659072.0,2026,3,6,15,0,2026-03-06 15:00,45234.0
1120.0,1125.99,1133.75,1092.99,60258.0,6690959360.0,2026,3,9,15,0,2026-03-09 15:00,60258.0
1148.98,1147.1,1160.0,1135.01,50202.0,5750878720.0,2026,3,10,15,0,2026-03-10 15:00,50202.0
1155.0,1099.0,1159.0,1093.35,76210.0,8594430976.0,2026,3,11,15,0,2026-03-11 15:00,76210.0
1099.0,1099.0,1121.2,1077.86,62625.0,6863561728.0,2026,3,12,15,0,2026-03-12 15:00,62625.0
1111.11,1096.1,1127.05,1084.97,92906.0,10301353984.0,2026,3,13,15,0,2026-03-13 15:00,92906.0
1088.06,1089.97,1093.11,1046.96,66956.0,7211654656.0,2026,3,16,15,0,2026-03-16 15:00,66956.0
1089.87,1079.99,1119.99,1071.01,55320.0,6045178368.0,2026,3,17,15,0,2026-03-17 15:00,55320.0
1083.24,1066.0,1088.0,1048.16,68393.0,7258997248.0,2026,3,18,15,0,2026-03-18 15:00,68393.0
1045.01,1037.02,1052.78,1032.18,48852.0,5089266688.0,2026,3,19,15,0,2026-03-19 15:00,48852.0
1039.19,1025.0,1065.65,1001.01,101951.0,10508394496.0,2026,3,20,15,0,2026-03-20 15:00,101951.0
1002.5,971.3,1020.5,968.0,81515.0,8094829568.0,2026,3,23,15,0,2026-03-23 15:00,81515.0
985.0,1028.5,1037.8,970.02,90596.0,9111327744.0,2026,3,24,15,0,2026-03-24 15:00,90596.0
1030.0,1039.0,1061.9,1022.95,89713.0,9359463424.0,2026,3,25,15,0,2026-03-25 15:00,89713.0
1040.0,1024.9,1068.68,1018.18,49947.0,5183511040.0,2026,3,26,15,0,2026-03-26 15:00,49947.0
1005.0,1024.0,1038.05,1005.0,50422.0,5154200576.0,2026,3,27,15,0,2026-03-27 15:00,50422.0
1004.57,1009.45,1015.0,994.94,52269.0,5249779200.0,2026,3,30,15,0,2026-03-30 15:00,52269.0
1001.06,983.0,1019.98,983.0,50753.0,5072933376.0,2026,3,31,15,0,2026-03-31 15:00,50753.0
1008.0,1051.4,1064.0,1008.0,100009.0,10410609664.0,2026,4,1,15,0,2026-04-01 15:00,100009.0
1045.01,998.99,1053.46,996.86,70914.0,7184207872.0,2026,4,2,15,0,2026-04-02 15:00,70914.0
1010.0,1025.7,1040.0,999.0,62244.0,6355115520.0,2026,4,3,15,0,2026-04-03 15:00,62244.0
1023.0,1119.0,1146.0,1021.01,140829.0,15532637184.0,2026,4,7,15,0,2026-04-07 15:00,140829.0
1159.1,1164.0,1168.98,1138.0,104832.0,12135960576.0,2026,4,8,15,0,2026-04-08 15:00,104832.0
1160.0,1198.0,1222.22,1151.0,97508.0,11687630848.0,2026,4,9,15,0,2026-04-09 15:00,97508.0
1205.0,1210.7,1222.22,1188.9,90036.0,10839608320.0,2026,4,10,15,0,2026-04-10 15:00,90036.0
1202.01,1219.62,1252.6,1201.92,78791.0,9684559872.0,2026,4,13,15,0,2026-04-13 15:00,78791.0
1224.99,1241.98,1248.8,1206.09,77031.0,9413266432.0,2026,4,14,15,0,2026-04-14 15:00,77031.0
1242.0,1274.0,1327.21,1239.08,124298.0,16061962240.0,2026,4,15,15,0,2026-04-15 15:00,124298.0
1280.0,1307.0,1315.0,1272.02,77964.0,10107382784.0,2026,4,16,15,0,2026-04-16 15:00,77964.0
1299.87,1334.0,1349.47,1290.0,72105.0,9612455936.0,2026,4,17,15,0,2026-04-17 15:00,72105.0
1341.0,1378.2,1378.2,1326.16,75195.0,10224177152.0,2026,4,20,15,0,2026-04-20 15:00,75195.0
1361.0,1330.0,1368.12,1308.0,81790.0,10897674240.0,2026,4,21,15,0,2026-04-21 15:00,81790.0
1317.99,1337.0,1339.98,1308.08,68082.0,9042046976.0,2026,4,22,15,0,2026-04-22 15:00,68082.0
1335.96,1323.0,1359.92,1296.0,77187.0,10258176000.0,2026,4,23,15,0,2026-04-23 15:00,77187.0
1319.64,1352.5,1409.58,1281.58,124071.0,16760993792.0,2026,4,24,15,0,2026-04-24 15:00,124071.0
1350.05,1356.72,1386.0,1341.28,70932.0,9653256192.0,2026,4,27,15,0,2026-04-27 15:00,70932.0
1353.78,1374.5,1418.88,1353.78,74535.0,10382787584.0,2026,4,28,15,0,2026-04-28 15:00,74535.0
1366.0,1416.63,1420.0,1346.87,90860.0,12679633920.0,2026,4,29,15,0,2026-04-29 15:00,90860.0
1475.0,1699.96,1699.96,1475.0,178842.0,28465682432.0,2026,4,30,15,0,2026-04-30 15:00,178842.0
1784.78,1825.0,1966.0,1770.99,197805.0,36853366784.0,2026,5,6,15,0,2026-05-06 15:00,197805.0
1824.94,1868.0,1885.53,1792.8,109982.0,20370937856.0,2026,5,7,15,0,2026-05-07 15:00,109982.0
1217.03,1182.53,1220.0,1158.01,191024.0,22579189760.0,2026,5,8,15,0,2026-05-08 15:00,191024.0
1201.0,1200.0,1205.99,1158.03,231721.0,27508754432.0,2026,5,11,15,0,2026-05-11 15:00,231721.0
1199.99,1277.87,1293.33,1189.81,209580.0,26179371008.0,2026,5,12,15,0,2026-05-12 15:00,209580.0
1239.0,1316.88,1316.88,1236.0,158777.0,20435335168.0,2026,5,13,15,0,2026-05-13 15:00,158777.0
1320.0,1260.58,1350.0,1232.32,181138.0,23168940032.0,2026,5,14,15,0,2026-05-14 15:00,181138.0
1234.88,1209.0,1276.89,1195.88,161749.0,19897266176.0,2026,5,15,15,0,2026-05-15 15:00,161749.0
1200.0,1216.99,1260.0,1183.04,125056.0,15362332672.0,2026,5,18,15,0,2026-05-18 15:00,125056.0
1216.89,1319.2,1326.0,1175.0,186351.0,23213524992.0,2026,5,19,15,0,2026-05-19 15:00,186351.0
1300.0,1362.41,1396.0,1291.99,183742.0,25016102912.0,2026,5,20,15,0,2026-05-20 15:00,183742.0
1370.04,1290.9,1386.0,1285.0,153395.0,20529651712.0,2026,5,21,15,0,2026-05-21 15:00,153395.0
1300.5,1286.0,1319.99,1270.43,112239.0,14472861696.0,2026,5,22,15,0,2026-05-22 15:00,112239.0
1321.01,1406.5,1435.0,1321.01,173383.0,24028346368.0,2026,5,25,15,0,2026-05-25 15:00,173383.0
1383.01,1410.96,1448.01,1375.0,153974.0,21675499520.0,2026,5,26,15,0,2026-05-26 15:00,153974.0
1385.0,1340.0,1412.99,1334.0,138029.0,18926942208.0,2026,5,27,15,0,2026-05-27 15:00,138029.0
1361.0,1391.5,1404.99,1349.01,126717.0,17472983040.0,2026,5,28,15,0,2026-05-28 15:00,126717.0
1400.0,1310.0,1414.0,1295.0,145029.0,19414820864.0,2026,5,29,15,0,2026-05-29 15:00,145029.0
1326.0,1238.0,1326.0,1238.0,134896.0,17200898048.0,2026,6,1,15,0,2026-06-01 15:00,134896.0
1246.0,1300.0,1319.58,1245.0,124338.0,16088931328.0,2026,6,2,15,0,2026-06-02 15:00,124338.0
1292.3,1378.1,1428.01,1291.0,165598.0,22683725824.0,2026,6,3,15,0,2026-06-03 15:00,165598.0
1365.0,1358.9,1400.0,1347.0,88415.0,12121114624.0,2026,6,4,15,0,2026-06-04 15:00,88415.0
1342.0,1299.2,1407.77,1287.34,116354.0,15620598784.0,2026,6,5,15,0,2026-06-05 15:00,116354.0
1239.3,1250.36,1298.88,1230.08,114170.0,14376345600.0,2026,6,8,15,0,2026-06-08 15:00,114170.0
1279.0,1270.01,1285.8,1239.02,106731.0,13514130432.0,2026,6,9,15,0,2026-06-09 15:00,106731.0
1300.0,1231.0,1349.9,1224.17,138327.0,17771829248.0,2026,6,10,15,0,2026-06-10 15:00,138327.0
1221.96,1219.5,1255.0,1199.0,111819.0,13632001024.0,2026,6,11,15,0,2026-06-11 15:00,111819.0
1258.0,1240.0,1260.0,1202.0,149765.0,18376257536.0,2026,6,12,15,0,2026-06-12 15:00,149765.0
1253.0,1335.0,1345.99,1238.88,154373.0,20204544000.0,2026,6,15,15,0,2026-06-15 15:00,154373.0
1335.5,1306.99,1335.91,1297.79,99671.0,13096230912.0,2026,6,16,15,0,2026-06-16 15:00,99671.0
1290.4,1320.0,1329.87,1271.1,133225.0,17255114752.0,2026,6,17,15,0,2026-06-17 15:00,133225.0
